time,BIClong,BICshort,TRIlong,TRIlat,TRImed,BRA,BRD,DELT1,DELT2,DELT3,ECRL,ECRB,FCR,FCU
0.0,0.9292651450799809,1.1337044209933738,1.4724035666275186,0.8216298180715855,0.7794268867557993,0.884945846940605,0.8968759560597831,0.8269490758200939,0.6350009119911115,1.0689108240350653,0.8384154098493949,0.9153319913223363,0.7796120765377499,0.6599800505924182
0.010012515644555695,0.9285410200167247,1.1339291174092214,1.4733499040711298,0.822107340067086,0.7799034892775993,0.8843699718135972,0.8958902410198203,0.8257021340657941,0.6339719559084339,1.0690472688118702,0.837710751521835,0.9153196821100149,0.7790705697278297,0.6595833901848829
0.02002503128911139,0.9278018066567127,1.134142722260574,1.474280315821004,0.8225838457570841,0.780379084834189,0.8837934691032746,0.8949047236362463,0.8244510832728663,0.6329396078747506,1.0691715852085064,0.8370054018100928,0.9153054978861789,0.7785312967402617,0.659186784570762
0.030037546933667086,0.9270476394818313,1.1343450450203416,1.475193998833141,0.8230588653048225,0.7808532043352063,0.8832169169068734,0.8939204057089517,0.8231973018199182,0.6319048767839242,1.0692836894732973,0.836300087101343,0.9152894466631057,0.7779947974286029,0.658790623152291
0.04005006257822278,0.9262786726003194,1.13453592158185,1.4760901752256057,0.8235319316070433,0.7813253813937063,0.8826408973014676,0.8929382957130924,0.8219421733576445,0.630867729655853,1.06938347844283,0.8355955404042049,0.9152715363049907,0.7774616119763935,0.6583952982365229
0.05006257822277847,0.9254950833702082,1.1347152125983873,1.4769680918537276,0.8240025810198578,0.7817951530519265,0.8820659953852915,0.891959407151597,0.8206870880271763,0.6298313582278351,1.069470909572201,0.8348925002128947,0.9152517746235023,0.7769322799516887,0.6580012042670952
0.06007509386733417,0.9246970652362475,1.1348828031499347,1.477827020895941,0.8244703537747724,0.7822620601978253,0.8814927986644818,0.8909847574599075,0.8194334387851436,0.6287956396264985,1.0695458964716273,0.8341917096555208,0.9152301694063296,0.7764073397367206,0.6576087374488824
0.07008760951188986,0.9238848428430537,1.1350386040329736,1.478666260897997,0.8249347947718709,0.7827256483581464,0.8809218959479511,0.8900153660626013,0.8181826196295781,0.6277615901837813,1.0696084188784392,0.8334939150339539,0.9152067284585562,0.7758873274959608,0.6572182950230339
0.08010012515644556,0.9230586643713183,1.1351825491025438,1.479485135755842,0.825395453634076,0.783185467753948,0.880353877118999,0.8890522539301274,0.8169360242567948,0.6267302272158259,1.0696584585699163,0.8327998654289835,0.9151814596459384,0.7753727769816877,0.6568302751453104
0.09011264080100126,0.9222188111531564,1.135314597527258,1.4802829955860242,0.8258518853213318,0.7836410739150514,0.8797893321949765,0.8880964419085301,0.815695044645704,0.6257025661518935,1.0696960131238884,0.8321103114241348,0.9151543709458505,0.774864218673804,0.6564450762680528
0.10012515644555695,0.9213655809869645,1.1354347326718857,1.4810592173190262,0.8263036506030993,0.784092028153081,0.8792288505323292,0.8871489492970546,0.8144610669289132,0.6246796195623263,1.0697210964738613,0.8314260038653785,0.9151254703838549,0.7743621790054934,0.6560630967695367
0.11013767209011265,0.920499315292047,1.1355429619792758,1.4816007892932166,0.8267503158414592,0.7845378973463609,0.8786730208640416,0.886210793828363,0.8132354718907878,0.6236623973256883,1.0697337382180399,0.8307476942952259,0.9150947665782195,0.7738671806516488,0.6556847344045655
0.12015018773466835,0.9196203833667121,1.1356393156499427,1.4823526260423985,0.8271914543560285,0.7849782553037921,0.8781224293492784,0.8852829882722314,0.8120196308696839,0.6226519043624945,1.069733983645785,0.8300761316310379,0.9150622680900392,0.773379740436935,0.6553103858678216
0.13016270337922403,0.918729189399082,1.1357238474130047,1.4825919321550614,0.8276266459647531,0.7854126823078807,0.877577659864695,0.8843665408350647,0.8108149061786759,0.6216478535211835,1.0697207042535057,0.8294120628815255,0.9150279839912709,0.7729003698299639,0.6549404464174308
0.14017521902377972,0.9178261716188123,1.1357966326525255,1.4833019210776428,0.8280554778927475,0.7858407660233687,0.8770392925720629,0.8834624526328786,0.8096226461571375,0.6206536631606913,1.06969638474783,0.8287562311048255,0.9149919238087039,0.7724295736302855,0.6545753090456806
0.15018773466833543,0.9169118050012581,1.135857768702945,1.4840089143931177,0.8284775447091365,0.7862621014355765,0.8765079036786324,0.8825717171793647,0.8084441858910885,0.6196694515753207,1.0696598954051812,0.8281093749461866,0.9149540976316596,0.7719678497832091,0.654215364315051
0.16020025031289112,0.9159866015505159,1.1359073737867822,1.4846772206304981,0.828892448858864,0.7866762913826539,0.8759840644345478,0.8816953185773259,0.8072808440938196,0.618695913904612,1.0696113263979337,0.8274722272378152,0.9149145161960264,0.7715156885133203,0.6538609996691899
0.1702127659574468,0.9150511113162203,1.1359455862052776,1.4853190726517134,0.8292998009036591,0.7870829467974855,0.875468340476699,0.8808342302929532,0.8061339215151033,0.6177340182345384,1.069550779777478,0.8268455139570922,0.9148731909313726,0.77107357175111,0.6535125990447952
0.18022528160200252,0.9141059229048651,1.135972564007879,1.4859339316028408,0.8296992200484606,0.7874816872345443,0.8749612907947146,0.8799894132821624,0.8050046983109506,0.616784721260756,1.0694784626766112,0.8262299530829099,0.9148301343276531,0.7706419723718684,0.6531705418101104
0.1902377972465582,0.91315166495728,1.135988483157113,1.4865212993524024,0.8300903338924714,0.7878721406226731,0.874463467665668,0.8791618157674406,0.8038944345132343,0.6158489691445933,1.0693944968298763,0.8256262537257404,0.9147853595091091,0.7702213539501945,0.6528352033900313
0.2002503128911139,0.9121890056200845,1.135993537498076,1.487080719607991,0.8304727793200108,0.788253944155704,0.8739754151297205,0.8783523705205256,0.8028043656381797,0.6149276945144617,1.0692989944223141,0.8250351146804149,0.914738880873415,0.7698121696858764,0.6525069535192428
0.2102628285356696,0.9112186531864547,1.1359879369734385,1.48761177683751,0.8308462024078502,0.7886267442012018,0.8734976687016511,0.8775619942528728,0.8017357017784028,0.6140218167192296,1.0691921581944575,0.8244572235830953,0.9146907139357856,0.7694148620914159,0.6521861563653107
0.2202753441802253,0.9102413584147727,1.1359719096593888,1.4881140960115018,0.8312102586906842,0.7889901965667041,0.87303075461934,0.8767915862140369,0.8006896280244116,0.6131322390148425,1.0690741630535727,0.8238932558645954,0.9146408754931077,0.7690298624102633,0.6518731699200426
0.23028785982478098,0.9092579095899801,1.135945693549574,1.4885873422108025,0.8315646137251403,0.7893439670639787,0.872575188699155,0.8760420261213229,0.7996672983495137,0.6122598515315515,1.068945204308212,0.8233438731586086,0.9145893837324806,0.7686575896630305,0.651568345190733
0.2403003754693367,0.9082691356682803,1.1359095431466588,1.489031219761603,0.8319089428256748,0.7896877312465045,0.8721314762470498,0.8753141738850214,0.7986698384840185,0.6114055262861712,1.0688054686009123,0.8228097230113555,0.9145362583457367,0.7682984506520693,0.651272026105539
0.2503128911138924,0.9072759139877327,1.1358637244981082,1.4894454716568497,0.8322429315966726,0.7900211749418027,0.8717001109440006,0.8746088675890735,0.7976983420471047,0.6105701181908736,1.0686552055147351,0.8222914373301304,0.9144815206388179,0.7679528390436144,0.6509845487198579
0.26032540675844806,0.9062791522491748,1.1358085146749919,1.4898298784836201,0.8325662760579945,0.7903439943778586,0.8712815742492303,0.8739269223547463,0.7967538696973278,0.6097523579705739,1.0684946267659228,0.8217896314726234,0.9144251936410416,0.767621134924202,0.6507062407727184
0.27033792240300375,0.9052798026263355,1.1357442006616962,1.4901842575319306,0.8328786828401946,0.7906558963790475,0.8708763347128957,0.8732691290523907,0.79583744746691,0.6089574494079921,1.0683239687844652,0.821304903228699,0.9143673022125975,0.7673037042791261,0.6504374211797059
0.28035043804755944,0.9042788530392842,1.1356710779519708,1.4904935614116326,0.8331798693623365,0.7909565985446645,0.8704848473114419,0.8726362530549953,0.794950065660579,0.608183891264831,1.0681424068769976,0.820837831834543,0.9143078731485832,0.7670008984966935,0.6501783995404615
0.2903629536921152,0.9032773336394101,1.1355894498891748,1.4908091430415347,0.8334695640023455,0.7912458294199554,0.8701075527947073,0.8720290330157571,0.7940926775661685,0.6074324620719718,1.067952385487893,0.8203889770069472,0.9142469352799666,0.7667130538866956,0.6499294756528927
0.30037546933667086,0.9022763104504544,1.1354996255975014,1.4910723978956966,0.8337475062523657,0.7915233286521406,0.8697448770562257,0.8714481796908988,0.7932661980811866,0.6067039190688849,1.0677530469171128,0.8199588779430346,0.9141845195143463,0.7664404911811021,0.6496909391176962
0.31038798498122655,0.9012768860054142,1.135401919712572,1.4914713363264385,0.8340134468692153,0.7917888471415033,0.8693972305153329,0.8708943747859763,0.7924715023265607,0.6059989967629376,1.0675446455482422,0.8195480527817075,0.914120659212927,0.7661835153377633,0.6494630684802312
0.32040050062578224,0.9002801974650106,1.1352966499742554,1.4917281251518213,0.83426714805095,0.7920421472185037,0.8690650074720122,0.8703682697623925,0.7917094249266419,0.6053184070626452,1.0673274899521852,0.8191569968814199,0.9140553896960287,0.7659424145141316,0.6492461315780312
0.3304130162703379,0.8992874166469205,1.1351841368985198,1.4918935952728771,0.8345083834882686,0.7922830026958957,0.868748585634175,0.8698704849513664,0.7909807594535792,0.6046628382101455,1.0671018501939105,0.8187861829431503,0.9139887489167866,0.7657174604007028,0.6490403843068301
0.3404255319148936,0.8982997277254711,1.1350647027894016,1.4920299741078689,0.8347369385128381,0.7925111990175635,0.8684483255287855,0.8694016084684381,0.7902862562407456,0.604032953668375,1.0668680171584026,0.8184360597053422,0.9139207772222921,0.7655089074418094,0.6488460706485569
0.3504380475594493,0.8973183246640744,1.1349386697053883,1.4921372266773383,0.8349526102946849,0.7927265334563177,0.8681645698596785,0.8689621950558627,0.7896266220312533,0.6034293920992461,1.0666262876297095,0.8181070511892237,0.9138515175214833,0.7653169924947013,0.648663422040974
0.36045056320400504,0.8963444588759107,1.1348063584752024,1.4922153357522778,0.8351552078076053,0.7929288150800178,0.8678976431836207,0.8685527654670236,0.789002520476846,0.6028527670420347,1.066376963283927,0.8177995561199348,0.9137810152877053,0.7651419346129831,0.6484926571996712
0.3704630788485607,0.8953794095927499,1.1346680877790134,1.4922643022567217,0.8353445520301794,0.7931178649529003,0.8676478512914819,0.8681738053667605,0.7884145693424593,0.6023036656775121,1.0661203507888173,0.8175139471293146,0.913709318650978,0.7649839346486056,0.6483339816004171
0.3804755944931164,0.8944244808614679,1.1345241736442635,1.4922841444435102,0.8355204759628119,0.7932935161531769,0.8674154808475816,0.8678257646816764,0.7878633415433908,0.6017826481993682,1.0658567606371374,0.8172505702201831,0.9136364784237042,0.7648431750475447,0.6481875872132258
0.3904881101376721,0.8934809981835495,1.1343749269924257,1.4922748975572364,0.835682824743676,0.7934556138893359,0.8672007989161705,0.8675090567671628,0.7873493635165683,0.6012902480414756,1.0655855231025066,0.8170097441174387,0.913562548136866,0.7647198195482307,0.6480536521442938
0.4005006257822278,0.8925503068301064,1.1342206536167574,1.4922366136698515,0.8358314557373467,0.7936040155891431,0.8670040525424225,0.8672240576821139,0.7868731153423828,0.6008269707173288,1.0653089826061635,0.8167917597006823,0.9134875840628358,0.7646140129313069,0.6479323403172458
0.41051314142678347,0.89163376898281,1.1340616528844496,1.4921693611199212,0.8359662385371133,0.7937385909024055,0.8668254684675073,0.8669711057037726,0.7864350302215402,0.6003932935791184,1.065026413951558,0.8165968796151821,0.9134116452282431,0.7645258808866655,0.647823801247237
0.4205256570713392,0.8907327612267905,1.1338982170841576,1.4920732244619161,0.8360870550896536,0.7938592218258739,0.8666652527026377,0.8667505006110692,0.7860354943053711,0.5999896650924498,1.0647381391872632,0.816425337718431,0.9133347934309743,0.7644555297338472,0.6477281697195548
0.4305381727158949,0.8898486715682352,1.1337306301121772,1.4919483039279264,0.836193799696784,0.7939658027053655,0.8665235902877652,0.8665625033059278,0.7856748468373695,0.5996165047724282,1.0644444818649927,0.8162773388188469,0.9132570932467139,0.7644030463885011,0.6476455655588186
0.4405506883604506,0.8889828957024448,1.1335591665756655,1.4917947157990865,0.8362863791388986,0.7940582403593544,0.866400644911712,0.8664073352325964,0.7853533784581401,0.5992742023138259,1.0641457670410668,0.8161530580523121,0.9131786118076484,0.7643684981534906,0.6475760935553742
0.45056320400500627,0.8881300613950693,1.133377528632635,1.491612590979424,0.8363647125026611,0.7941364539072175,0.8662965589486322,0.8662851783698363,0.7850713342654934,0.5989631176643708,1.063842319646298,0.8160526410346284,0.9130994192483443,0.7643519323685847,0.6475198431812472
0.46057571964956195,0.8872925699842344,1.1331869378304784,1.4914020765387368,0.8364287315947819,0.7942003751826414,0.8662114527403262,0.8661961743462925,0.7848289106894897,0.5986835799961732,1.0635344653744832,0.8159762034555039,0.9130195882580227,0.7643533770808792,0.6474768879584524
0.47058823529411764,0.8864776423732516,1.1329932756596897,1.491163334714,0.8364783806716779,0.7942499484639064,0.8661454248122813,0.8661404245838659,0.7846262567971695,0.5984358875519823,1.0632225296427504,0.8159238305822164,0.9129391942043009,0.7643728399514121,0.6474472860878696
0.4806007509386734,0.8856866818646744,1.1327967810540012,1.4908965423347451,0.8365136163223346,0.7942851303571059,0.8660985519123546,0.866117990652437,0.784463474964038,0.5982203068666864,1.0629068365381886,0.8158955773626514,0.9128583144524686,0.7644103091997535,0.64743108075492
0.49061326658322907,0.8849210819504006,1.1325976794254056,1.4906018920642854,0.8365344081042116,0.7943058904312188,0.8660708880734866,0.8661288927432896,0.7843406205942585,0.598037072867668,1.0625867718188828,0.8158914684769379,0.9127770296068384,0.7644657527384062,0.647428298063201
0.5006257822277848,0.8841822241674709,1.1323961833054679,1.4902795910238358,0.8365407377508581,0.794312210427027,0.8660624656027145,0.8661731114642567,0.7842577036273571,0.5978863890967447,1.0622645982305081,0.8159114989324452,0.9126954226585055,0.7645391192059742,0.6474389485664003
0.5106382978723404,0.8834714728397681,1.1321924928579552,1.489929862057367,0.8365325997196867,0.7943040848041141,0.866073294313987,0.866250586684588,0.7842146866990719,0.5977684255212208,1.0619396283409956,0.8159556324171772,0.9126135782209754,0.7646303369861214,0.6474630276358158
0.5206508135168961,0.8827901714324745,1.131986793091257,1.4895529430589571,0.8365100012627784,0.7942815208115769,0.8661033614221717,0.8663612175016182,0.7842114883026351,0.5976833204555415,1.0616121797299267,0.816023803385333,0.9125315842843018,0.7647393150015943,0.6475005130246329
0.5306633291614519,0.8821396397280197,1.131779258298867,1.4891490875015498,0.8364729619789498,0.7942445380407571,0.8661526321541799,0.8665048634919091,0.7842479816226297,0.5976311769835932,1.0612825666242731,0.8161159144740352,0.9124495289507567,0.7648659420811331,0.6475513692262347
0.5406758448060075,0.8815211687905092,1.1315700471634065,1.4887185642033856,0.8364215140814661,0.7941931686924801,0.8662210494345153,0.8666813442455172,0.7843239960385321,0.597612066420192,1.0609510876053287,0.8162318400268919,0.9123675041253172,0.7650100873652841,0.6476155427824458
0.5506883604505632,0.880936016381277,1.1313593045080428,1.488261658034267,0.8363557023944945,0.7941274575734159,0.8663085339583786,0.8668904398106148,0.7844393165606274,0.597626025980804,1.0606180775180312,0.8163714250585838,0.9122856032014386,0.7651716020703871,0.647692964322865
0.5607008760951189,0.8803854043605664,1.1311471624761493,1.4877786697004292,0.8362755842020914,0.7940474619451503,0.8664149844871074,0.8671318913152005,0.7845936861294704,0.5976730584678639,1.0602838283754565,0.8165344843736135,0.9122039207630473,0.7653503169191501,0.6477835498028568
0.5707133917396746,0.8798705135188843,1.130933739228632,1.4872699162621619,0.8361812293558225,0.793953251631468,0.8665402778256812,0.8674054011692717,0.7847868054534082,0.5977531326673459,1.0599486413394397,0.8167208041618939,0.9121225531443823,0.7655460439940536,0.647887199170791
0.5807259073842304,0.879392480814851,1.1307191413079591,1.486735731425788,0.836072720492,0.7938449092350256,0.8666842686808862,0.8677106330321147,0.7850183360740879,0.5978661816012801,1.0596128123831372,0.8169301415381154,0.9120415979746761,0.7657585762432569,0.6480037967635605
0.590738423028786,0.8789523936556675,1.1305034605199367,1.4861764655410032,0.8359501521037709,0.7937225292106073,0.8668467910639758,0.8680472144371483,0.7852878967359639,0.5980121054536093,1.0592757312500227,0.817162226913625,0.9119611544216087,0.7659876888129109,0.6481332117562622
0.6007509386733417,0.8785512872987989,1.1302867773332856,1.48559248637934,0.8358136315670306,0.7935862188891636,0.8670276571243706,0.8684147350391966,0.7855950689187825,0.598190768395162,1.0589395662608703,0.8174167618801566,0.9118813221387605,0.7662331380310908,0.6482752984563593
0.6107634543178974,0.878190140720241,1.1300691599213386,1.4849841790824643,0.8356632784542212,0.7934360977923168,0.8672266582792822,0.8688127487782765,0.7859393959537139,0.598402000181278,1.0586036186686019,0.8176934216980418,0.9118022019752267,0.7664946624667797,0.6484298960361412
0.6207759699624531,0.8778698725099142,1.1298506640696613,1.48435194641706,0.8354992247943333,0.7932722978915857,0.8674435651109742,0.8692407739511453,0.7863203850503581,0.598645596277388,1.0582681673117624,0.8179918549521971,0.9117238953395447,0.7667719828698877,0.6485968290218318
0.6307884856070087,0.8775913376625628,1.1296313375288158,1.4836962106140101,0.8353216146115066,0.7930949631472699,0.8676781282406574,0.8696982949529797,0.7867375043823686,0.5989213150188861,1.0579334867036445,0.8183116849490069,0.9116465040776268,0.7670648029987674,0.6487759078140597
0.6408010012515645,0.8773553241255923,1.1294112151844629,1.4830174113809078,0.835130604353375,0.7929042499356738,0.8679300780464521,0.8701847620411843,0.787190190960059,0.599231188615504,1.057599845815043,0.8186525095134248,0.9115701302093029,0.7673728093796066,0.6489669286281885
0.6508135168961202,0.87716254904363,1.129190323604124,1.4823160081865077,0.8349263625176276,0.7927003266757361,0.8681991254614163,0.8706995929644997,0.7876778463270736,0.5995705025133703,1.0572675089907873,0.8190139025237083,0.9114948760155901,0.7676956720543305,0.6491696737071494
0.6608260325406758,0.8770136561147801,1.1289686803733125,1.4815924798042739,0.8347090696398537,0.7924833738163506,0.8684849623122125,0.8712421737784626,0.7881998402069258,0.5999410327974485,1.0569367354785624,0.8193954142098393,0.9114208434807393,0.7680330448895892,0.6493839120111665
0.6708385481852316,0.8769092123160904,1.1287462953594982,1.4808473251040772,0.834478918117167,0.7922535836596761,0.8687872618912125,0.8718118600841802,0.7887555102139211,0.600342402683186,1.0566077798243072,0.8197965719826382,0.9113481339075991,0.7683845661815879,0.649609399814665
0.6808510638297872,0.8768497054933221,1.1285231709394732,1.4800810630009362,0.83423611249785,0.792011160649697,0.869105678932941,0.8724079772376405,0.7893441657230176,0.600774201710392,1.0562808909645938,0.8202168811941227,0.911276848320766,0.7687498585412784,0.6498458800496104
0.690863579474343,0.8768355421403965,1.128299304533544,1.4792942334609431,0.83398086882682,0.7917563207180431,0.86943985084514,0.873029822693126,0.7899650860573982,0.6012359852113875,1.0559552338083118,0.8206558265158044,0.9112070868122144,0.7691285300724814,0.6500930836614449
0.7008760951188986,0.8768670440436476,1.1280746864170288,1.4784873971785877,0.8337134148037374,0.7914892914411417,0.8697893978846644,0.873676666552576,0.7906175226871357,0.6017272768328589,1.055633297223004,0.8211128724946758,0.9111389484228778,0.7695201745270731,0.6503507296602092
0.7108886107634543,0.8769444476482824,1.1278493043802056,1.4776611367212862,0.8334339896247768,0.7912103118814814,0.8701539237609459,0.8743477528154442,0.791300700272356,0.6022475663570174,1.0553141386744298,0.8215874645264725,0.9110725309335539,0.7699243718333799,0.6506185255762333
0.7209011264080101,0.8770679024628664,1.1276231413113393,1.4768160556180545,0.8331428440248466,0.7909196326289682,0.8705330159882902,0.8750423002253298,0.7920138210381742,0.6027963129921354,1.0549979885756107,0.8220790295335139,0.9110079306247242,0.7703406884339903,0.6508961677557622
0.7309136420525657,0.8772374684734229,1.1273961791532896,1.4759527802881247,0.8328402398759658,0.7906175153991044,0.8709262468256234,0.8757595040867898,0.7927560603480631,0.6033729433597369,1.0546850733989919,0.8225869773523535,0.9109452420548187,0.77076867813073,0.6511833420477378
0.7409261576971214,0.877453116344051,1.1271683980089167,1.4750719591189445,0.8325264501670748,0.7903042330119515,0.8713331737250166,0.8764985372837901,0.7935265724150885,0.6039771104421844,1.0543756148900059,0.8231107015107677,0.9108845577556529,0.771207882575693,0.6514797242110062
0.7509386733416771,0.8777147266822558,1.1269397784181656,1.4741742633154022,0.8322017589018236,0.7899800692891608,0.8717533398935055,0.87725855125724,0.794324489516495,0.6046076821388852,1.0540698306665832,0.8236495801777808,0.9108259684284992,0.7716578313581381,0.6517849800836022
0.7609511889862328,0.8780220882113401,1.1267102998822458,1.473260386392931,0.8318664607793191,0.7896453187342793,0.8721862751395177,0.8780386780143824,0.7951489241663863,0.6052642394585934,1.0537679342711783,0.8242029774475091,0.9107695620046792,0.7721180435641589,0.6520987666139404
0.7709637046307886,0.8783749004915332,1.1264799453511842,1.472331044934742,0.8315208610601845,0.7893002863980232,0.872631496480138,0.8788380309341489,0.7959989706051545,0.605946092108886,1.0534701350498323,0.8247702440620338,0.9107154239999989,0.7725880274772485,0.6524207321326918
0.7809762202753442,0.8787727709653897,1.126248700191385,1.4713869790296568,0.8311652753748243,0.7889452876858186,0.873088508823543,0.8796557063411152,0.7968737026517181,0.6066539836585837,1.0531766393979538,0.8253507188593451,0.910663637225091,0.7730672817611282,0.6527505166660748
0.7909887359198999,0.8792152180382179,1.1260165533002764,1.4704289515633648,0.8308000296663784,0.7885806482997685,0.8735568054773691,0.8804907844647225,0.7977721796173435,0.6073843864560197,1.0528876496037107,0.8259437294585303,0.910614281609466,0.7735552956922723,0.6530877523960071
0.8010012515644556,0.8797016711417871,1.1257834984614796,1.4694182177957487,0.8304254597670087,0.7882067038145188,0.8740358691249995,0.8813423312409512,0.7986934449733548,0.6081378668781795,1.0526033647384605,0.8265485929721915,0.9105674333911024,0.7740515498523004,0.6534320651388495
0.8110137672090113,0.880231472169206,1.1255495353465914,1.4684314167245267,0.8300419112559992,0.7878237995344445,0.8745251724337921,0.8822093994637734,0.7996365279459755,0.6089136333396169,1.0523239806834408,0.8271646183956552,0.9105231662677751,0.7745555171583696,0.6537830731168435
0.8210262828535669,0.8808038770020654,1.1253146700586751,1.467432928789658,0.8296497392175963,0.7874322902507063,0.8750241787856379,0.8830910301684103,0.8006004446639094,0.6097108717005829,1.0520496904597565,0.827791106028011,0.9104815496792525,0.7750666630627279,0.6541403894011871
0.8310387984981227,0.8814180571176522,1.1250789163182375,1.466423610880569,0.8292493079875091,0.7870325399869531,0.8755323430134242,0.8839862539575238,0.8015841985368909,0.6105287462473089,1.0517806693012728,0.8284273496798406,0.9104426497583785,0.7755844464670759,0.6545036210884113
0.8410513141426784,0.8820731026363469,1.1248422963914062,1.465404342923429,0.8288409908746118,0.7866249217202413,0.8760491121587001,0.8848940923805552,0.8025867830073202,0.6113664010924119,1.0515170745711342,0.8290726372256045,0.9104065286693849,0.7761083203053779,0.6548723704595499
0.851063829787234,0.8827680239884815,1.1246048418360772,1.464376027882392,0.8284251699256865,0.7862098171448983,0.8765739261631014,0.8858135591719222,0.8036071811558598,0.6122229612459886,1.0512591434040188,0.8297262516861615,0.910373244568894,0.7766377321846683,0.6552462353507225
0.8610763454317898,0.8835017554156064,1.124366594504357,1.4633395910589135,0.8280022355608022,0.7857876163072111,0.8771062187099107,0.8867436617288441,0.8046443679846371,0.6130975340157933,1.0510070581210877,0.8303874723678629,0.910342851469984,0.7771721251397486,0.6556248097556253
0.8710888610763454,0.8842731571947031,1.124127606722345,1.4622959799665478,0.8275725863445167,0.785358717375686,0.8776454178788666,0.8876834022621035,0.8056973101830234,0.6139892104061643,1.050759391226644,0.8310555757515075,0.9103153990921592,0.7777109382402451,0.6560076843164944
0.8811013767209012,0.8850810179458715,1.1238879404476878,1.4612461635417793,0.8271366286850317,0.7849235263393739,0.8781909468762834,0.8886317790520113,0.8067649661853405,0.6148982832150237,1.0505195957262559,0.8317298364660994,0.910290932744587,0.7782536072500003,0.656394446846048
0.8911138923654568,0.8859240620169656,1.1236476745925383,1.4601911316096774,0.8266947760818949,0.7844824562555094,0.8787422253100207,0.8895877886145259,0.8078462910177492,0.6158214825735325,1.0502861717601577,0.8324095289045715,0.910269493211611,0.7787995658094259,0.6567846832323962
0.9011264080100125,0.8868009474475606,1.1234068945173565,1.4591318941591833,0.826247450058918,0.7840359281793902,0.8792986683426226,0.89055042425296,0.808940234285414,0.6167589810197932,1.0500592955971526,0.8330939262495771,0.9102511166443844,0.7793482446324091,0.6571779768724437
0.9111389236545683,0.8877102763180559,1.1231657042233107,1.4580694796530138,0.8257950776872379,0.7835843686904271,0.8798596900749509,0.8915186817704978,0.8100457433132725,0.6177098167703926,1.0498391405071221,0.8337823046206023,0.9102358344825354,0.7798990746644162,0.6575739110259607
0.9211514392991239,0.8886505921829878,1.1229242189277446,1.4570049364679214,0.8253380933367064,0.7831282116390131,0.8804247016401588,0.892491556192629,0.8111617598396156,0.6186729852122272,1.0496258793004245,0.8344739407827197,0.9102236733671292,0.780451485285912,0.6579720675091947
0.9311639549436797,0.8896203873043977,1.1226825670139822,1.4559393297838537,0.8248769371829953,0.7826678966548744,0.880993113315512,0.8934680452907693,0.8122872240310497,0.6196473225225266,1.0494196833313398,0.8351681146516299,0.9102146550520347,0.7810049061940849,0.65837202822454
0.9411764705882353,0.8906181076206804,1.1224408921492295,1.4548737409892971,0.824412054983135,0.7822038689216172,0.8815643350286083,0.8944471503514713,0.8134210764864758,0.6206323203071383,1.0492207217747884,0.8358641101058956,0.9102087964383216,0.7815587682241687,0.6587733753298459
0.951188986232791,0.8916421565028062,1.12219935314804,1.4538092665587719,0.8239438975917335,0.7817365786924295,0.882137777159535,0.8954278774907927,0.8145622582669324,0.6216267305029904,1.0490291619345424,0.8365612157288936,0.9102061094480465,0.7821125037000787,0.6591756919911538
0.9612015018773468,0.8926908973297346,1.1219581222280381,1.4527470174111505,0.8234729208626931,0.7812664811905887,0.8827128508452418,0.896409238029861,0.8157097092447552,0.6226305904439501,1.048845170369516,0.8372587251500898,0.9102066010401122,0.7826655467341777,0.6595785625551319
0.9712140175219024,0.8937626597715816,1.1217173872170016,1.4516881171254867,0.8229995849533268,0.7807940359134962,0.8832889689908039,0.8973902501115761,0.8168623714680021,0.6236408863907279,1.0486689116476078,0.8379559382848707,0.9102102731316761,0.7832173344859794,0.6599815732413168
0.9812265331664581,0.8948557434619183,1.1214773498844859,1.4506337003757774,0.8225243540236833,0.7803197063312166,0.8838655467682769,0.8983699393840872,0.818019189310939,0.6246575912355294,1.0485005487811043,0.8386521616974474,0.9102171226030107,0.783767307279367,0.6603843125895171
0.9912390488110138,0.8959684224965222,1.1212382277375628,1.4495849120327189,0.8220476955531136,0.7798439592030276,0.8844420025528793,0.899347340599152,0.8191791096739062,0.6256796993924972,1.0483402429099644,0.8393467101386399,0.9102271415094395,0.7843149098781522,0.6607863717031401
1.0012515644555695,0.8970989500534386,1.1210002520782154,1.4485429048613736,0.8215700802209194,0.7793672644570223,0.8850177581463706,0.9003214977280615,0.8203410845887678,0.6267058981085979,1.0481881528455714,0.8400389061788798,0.9102403165743856,0.784859591626402,0.6611873450904443
1.0112640801001251,0.898245564171422,1.1207636703827228,1.447508838111662,0.8210919808067764,0.7788900940914237,0.8855922401553621,0.9012914660602425,0.8215040706625493,0.6277357004642001,1.048044435178854,0.8407280820757316,0.910256629855514,0.785400807294235,0.6615868310583415
1.0212765957446808,0.8994064871135179,1.1205287406790498,1.4464838774872115,0.8206138736127742,0.7784129235926819,0.8861648783105412,0.9022563092573562,0.8226670279200582,0.6287678813952394,1.0479109927888743,0.8414135776197496,0.9102760585390871,0.7859380160803919,0.6619844305778039
1.0312891113892366,0.9005799368120181,1.1202957384408188,1.4454691899866587,0.8201362345650521,0.777936228043597,0.8867351101422699,0.9032151073331247,0.8238289237852304,0.6298015489175803,1.0477845738585434,0.8420947451524924,0.9102985745093733,0.7864706857668461,0.662379751201459
1.0413016270337923,0.9017641245756993,1.1200649492438204,1.4444659456712434,0.8196595426993193,0.7774604856009822,0.8873023767752053,0.9041669490118465,0.8249887326534391,0.6308354849015225,1.0476669968075867,0.8427709458880175,0.9103241460984286,0.7869982890559494,0.6627724020704998
1.0513141426783479,0.9029572656264631,1.1198366749067366,1.4434753123290738,0.8191842752590069,0.7769861726025639,0.8878661287183531,0.9051109415757839,0.8261454344713169,0.6318697833641591,1.0475584092192127,0.8434415540274061,0.9103527355328093,0.7875203085453119,0.6631620012716328
1.0613266583229037,0.9041575751429841,1.119611225573717,1.4424984579967066,0.8187109124548345,0.7765137683161868,0.8884258201202285,0.9060462008801321,0.8272980180970889,0.6329138509958472,1.0474589547971345,0.8441059517271967,0.9103843007469895,0.7880362309735953,0.6635481694190318
1.0713391739674594,0.9053632812620802,1.1193889258394485,1.4415365436869845,0.81823993168604,0.7760437491718679,0.8889809155158891,0.9069718625894303,0.8284454811982068,0.6339373799133791,1.0473687737800914,0.8447635366136217,0.9104187955022119,0.7885455570400854,0.6639305347184922
1.081351689612015,0.906572622184264,1.1191701102503002,1.4405907258188615,0.8177718106127296,0.775576591827321,0.8895308860442985,0.9078870755976074,0.8295868292540138,0.6349594026465523,1.0472880025948155,0.8454137171307011,0.910456169238272,0.7890477922583975,0.6643087303371255
1.0913642052565709,0.9077838532882729,1.1189551234835111,1.4396621517195398,0.8173070250378488,0.7751127710536817,0.8900752117879033,0.908791005748753,0.8307210775361084,0.6359783249500105,1.0472167734219544,0.8460559142459053,0.9104963665145388,0.7895424529320696,0.6646823970287377
1.1013767209011265,0.9089952499994611,1.1187443190889712,1.4387519579486636,0.816846048857696,0.774652759685724,0.8906133816383262,0.9096828355168952,0.8318472525803586,0.636992902984456,1.0471552133069857,0.8466895627010588,0.9105393285374344,0.7900290654063051,0.665051181203208
1.1113892365456821,0.9102051087040707,1.118538057939667,1.4378612698902102,0.816389354061778,0.7741970286214096,0.8911448930890924,0.9105617635211243,0.8329643888300422,0.6380018460762027,1.0471034449203804,0.8473141092557126,0.9105849919104699,0.7905071657774669,0.6654147363918055
1.1214017521902377,0.9114117561270825,1.1183367099156416,1.4369911967838167,0.8159374088676103,0.7737460449604624,0.8916692541747487,0.9114270072972559,0.8340715345909805,0.6390034399345955,1.0470615846931246,0.847929014689754,0.9106332891835056,0.7909763014938894,0.6657727244367379
1.1314142678347936,0.9126135477506374,1.118140652010974,1.4361428314080797,0.8154906773646717,0.773300271649146,0.8921859836139995,0.9122778037295375,0.8351677453883342,0.6399966575601557,1.0470297441020124,0.8485337550552884,0.9106841501124794,0.7914360311880408,0.6661248141819233
1.1414267834793492,0.9138088702919204,1.1179502615452412,1.4353172482810723,0.8150496211132384,0.7728601690758286,0.8926946086826962,0.9131134050409583,0.8362520907241022,0.6409815101431775,1.047007978360437,0.8491278177211597,0.9107374999464808,0.7918859244632145,0.6664706816944478
1.1514392991239049,0.9149961491575735,1.1177659246999867,1.4345155002374748,0.8146146962625405,0.772426192195622,0.8931946682527678,0.9139330839535507,0.8373236548012092,0.6419552272348524,1.046996372450609,0.8497107053678429,0.910793260860343,0.7923255630718593,0.6668100114194991
1.1614518147684607,0.9161738478948583,1.1175880286352131,1.433738617119765,0.8141863535577654,0.7719987905379295,0.8936857124546657,0.9147361326491216,0.8383815301994618,0.6429177958911426,1.0469950636456997,0.8502819350005253,0.9108513519230839,0.7927545408867257,0.6671424962428099
1.1714643304130163,0.9173404721762511,1.11741696432824,1.43298760393106,0.8137650379657925,0.7715784078336982,0.8941673027666951,0.9155218630116352,0.8394248229283007,0.6438683104604523,1.0470041336212088,0.8508410382243825,0.9109116891864956,0.7931724645589983,0.6674678373792784
1.181476846057572,0.9184945702455186,1.117253118826544,1.432263437757286,0.813351188844492,0.7711654821851917,0.8946390114705577,0.9162896055065234,0.8404526532756069,0.6448058785044201,1.047023656138448,0.8513875601241991,0.9109741856726479,0.7935789528534628,0.6677857442441976
1.1914893617021276,0.9196347379549414,1.1170968812655244,1.4315670668179767,0.8129452383657707,0.7707604444935766,0.8951004230854755,0.9170387113564884,0.8414641540609858,0.645729617190631,1.0470536963053254,0.8519210608194857,0.911038751860128,0.7939736379041866,0.6680959352863777
1.2015018773466835,0.9207596195250181,1.1169486376662618,1.430899407856015,0.8125476115596473,0.7703637185041545,0.8955511339319873,0.9177685517208828,0.8424584721124219,0.6466386558921631,1.0470956060306986,0.8524411146751928,0.9111052956860459,0.7943561649077124,0.6683981378238134
1.211514392991239,0.9218679097808559,1.1168087712270864,1.4302613447758847,0.8121587255789816,0.7699757200741757,0.8959907525724805,0.9184785182927027,0.8434347672009133,0.6475321355334945,1.0471469609171369,0.8529473108987268,0.9111737230106046,0.7947261927029219,0.6686920880340113
1.2215269086357947,0.9229583558524164,1.116677659561841,1.4296537260782356,0.8117789893956909,0.7695968568713614,0.8964188997498792,0.9191680230673952,0.8443922136919365,0.6484092101058171,1.0472089843320889,0.8534392528708795,0.9112439374448439,0.7950833936219213,0.6689775313833817
1.2315394242803506,0.9240297591267651,1.116555674180148,1.4290773634977256,0.8114088031756622,0.7692275277520347,0.896835208680398,0.9198364987017804,0.8453300002720934,0.6492690466477715,1.0472817037243827,0.8539165583071937,0.9113158406839613,0.7954274535787168,0.6692542227711431
1.2415519399249062,0.9250809763485673,1.1164431789633977,1.4285330302219998,0.8110485577994662,0.7688681222849281,0.8972393251722076,0.9204833986371898,0.8462473297827775,0.650110825693937,1.04736513599836,0.8543788598162911,0.9113893330499014,0.795758072836913,0.6695219260307606
1.2515644555694618,0.9261109212848357,1.116340528904252,1.4280214591705076,0.810698634397879,0.7685190202899349,0.8976309077208632,0.9211081971094989,0.8471434198532696,0.6509346703088289,1.0474592870627406,0.8548258039038391,0.9114643131034804,0.7960749653709068,0.6697804149573715
1.2615769712140175,0.9271185656571191,1.1162480686265002,1.4275433413512264,0.810359403880839,0.7681805913704871,0.8980096276074128,0.921710389265752,0.848017503213958,0.6517379611169565,1.0475641668261197,0.8552570516520517,0.9115406783434278,0.7963778595433335,0.6700294726240841
1.2715894868585733,0.9281029399445393,1.116166130993091,1.427099324828541,0.8100312264634859,0.7678531944431917,0.8983751689964317,0.9222894911803841,0.8488688266466978,0.6525208229353832,1.0476797270445146,0.8556722782875119,0.9116183252313849,0.7966664978901128,0.6702688918176724
1.281602002503129,0.9290631343162333,1.1160950362110509,1.4266900125416087,0.8097144512048946,0.7675371772802854,0.8987272290184506,0.9228450401460078,0.8496966542005813,0.6532824959729153,1.0478059538583042,0.8560711733390006,0.9116971492266615,0.7969406375995913,0.6704984750695661
1.2916145181476846,0.9299982989232168,1.1160350887247155,1.4263159616656444,0.8094094158079773,0.7672328763127687,0.8990655175632501,0.9233765938080509,0.8505002632482368,0.6540222385572703,1.0479428064789735,0.8564534398702318,0.911777045353964,0.7972000496750481,0.6707180345381996
1.3016270337922404,0.9309076449469254,1.1159865796277677,1.4259776822479633,0.8091164454906552,0.7669406155071686,0.8993897581054668,0.9238837320771077,0.8512789481792837,0.6547393244817883,1.0480902305158148,0.8568187959349812,0.9118579081703676,0.797444520506707,0.670927392377978
1.311639549436796,0.9317904445769327,1.115949782391637,1.4256756363099181,0.8088358536063197,0.7666607069874916,0.8996996865945067,0.924366054662971,0.8520320195696339,0.655433046565311,1.048249339661024,0.8571669723496192,0.9119396320136818,0.7976738499818181,0.6711263803966223
1.3216520650813517,0.9326460300778457,1.115924951404629,1.4254102362613266,0.8085679404443851,0.7663934498417362,0.8999950523681455,0.9248231829813544,0.8527588035028354,0.6561027169825578,1.0484177943796897,0.8574977142364197,0.9120221111545438,0.797887853058338,0.6713148403934712
1.3316645807259073,0.9334737946910165,1.1159123229377652,1.425181845063999,0.8083129931810306,0.7661391300758963,0.9002756177988831,0.9252547593560492,0.8534586425343946,0.6567476668664167,1.0485965877919166,0.8578107802613807,0.9121052400622668,0.7980863590763071,0.6714926240129412
1.3416770963704632,0.9342731924059327,1.1159121131878227,1.424990774529069,0.8080712853398031,0.765898020079058,0.9005411584916179,0.9256604473796365,0.8541308966820476,0.657367248000281,1.0487856132583808,0.858105942805556,0.9121889135787465,0.798269212012633,0.6716595928823739
1.3516896120150188,0.9350437367407655,1.1159245166019143,1.4248372853511002,0.807843076659668,0.7656703784949712,0.9007914630437613,0.9260399314833823,0.8547749427125255,0.6579608337292383,1.048984750766044,0.8583829875685464,0.9122730271042904,0.7984362701908959,0.6718156184495295
1.3617021276595744,0.9357850004818523,1.1159497054434053,1.4247215863977005,0.8076286126153625,0.7654564497467752,0.9010263332007273,0.9263929172112148,0.8553901747380148,0.6585278196549814,1.0491938665706266,0.8586417136744804,0.9123574767818448,0.7985874064267734,0.6719605820966342
1.3717146433041303,0.936496615104843,1.115987829120667,1.4246438343370658,0.8074281241408184,0.7652564637642728,0.90124558380204,0.92671913113419,0.8559760051385177,0.6590676244311758,1.0494128128799456,0.8588819335306667,0.9124421596740336,0.7987225079388903,0.6720943751018614
1.381727158948686,0.9371782695670194,1.11603901270466,1.4246041333025525,0.8072418273169776,0.7650706356756354,0.9014490427823657,0.9270183208694297,0.8565318646173671,0.6595796909924173,1.049641428034777,0.8591034727676512,0.9125269739389938,0.7988414763099292,0.6722168986323441
1.3917396745932415,0.9378297087139189,1.1161033566022405,1.42460253548858,0.8070699231546006,0.7648991655937833,0.9016365510858222,0.9272902549483129,0.8570572009495249,0.6600634866897737,1.049879558848296,0.8593061700673075,0.9126118189820214,0.7989442273626489,0.6723280636918616
1.4017521902377972,0.9384507333756456,1.116180936092692,1.4246390400837243,0.8069125972760094,0.7647422383018565,0.9018079627093234,0.9275347229287988,0.8575514829666011,0.6605185056028002,1.0501269717422066,0.8594898771832077,0.9126965956204761,0.7990306911505832,0.6724277911305342
1.411764705882353,0.9390411978043686,1.1162717999295906,1.4247135940909,0.8067700196914038,0.7646000230328917,0.9019631446621813,0.9277515353534147,0.8580141980983629,0.6609442686057241,1.0503846708538613,0.8596544588501395,0.9127812062293152,0.7991008118685461,0.6725160116097184
1.4217772215269087,0.9396010086986653,1.1163759703634573,1.424826092429152,0.8066423445949802,0.7644726732691014,0.9021019769252381,0.927940523718951,0.8584448540000146,0.6613403242699056,1.050650154943955,0.8597997927267267,0.9128655548944118,0.7991545477542739,0.6725926655373472
1.4317897371714643,0.9401301235866935,1.1164934426409487,1.4249763782950557,0.8065297101510314,0.7643603265309834,0.9022243524429617,0.9281015405029104,0.8588429790061624,0.6617062497929871,1.0509242962194694,0.859925769387884,0.9129495475642289,0.7991918710179531,0.6726577030202135
1.4418022528160201,0.9406285491468805,1.1166241846853087,1.4251642436445,0.8064322383114345,0.7642631041975405,0.902330177104358,0.9282344591724628,0.8592081227357217,0.6620416518469222,1.0512068502949241,0.8600322923089111,0.9130330921892813,0.7992127677536529,0.6727110838089326
1.4518147684605758,0.9410963393858314,1.116768136830972,1.4253894297905996,0.8063500346580683,0.7641811113511429,0.9024193697208255,0.9283391741902243,0.8595398566989895,0.6623461674064439,1.0514975592159002,0.8601192778490432,0.913116098845941,0.7992172378422504,0.6727527772448287
1.4618272841051314,0.9415335936854492,1.1169252115773396,1.425651628076847,0.806283188268885,0.7641144366457541,0.9024918620030284,0.9284156010203103,0.8598377749752175,0.6626194645894149,1.051796151732415,0.8601866552414853,0.9131984798482139,0.7992052948491025,0.6727827622045511
1.471839799749687,0.9419404549879987,1.1170952940380787,1.425950480760583,0.8062317716499262,0.7640631522406663,0.9025475984918594,0.928463676056445,0.8601014953138959,0.6628612430311235,1.0521023432554075,0.8602343665447338,0.9132801498549525,0.7991769658684001,0.6728010269986253
1.481852315394243,0.9423171064316469,1.117278239812926,1.4262855818082056,0.8061958404288538,0.764027313496098,0.902586536773891,0.9284833570380572,0.8603306573893009,0.6630712358896637,1.0524158374479908,0.8602623669259905,0.9133610259629392,0.7991322916646362,0.6728075694933661
1.4918648310387985,0.9426637722578047,1.1174738793428434,1.4266564779597402,0.806175433675445,0.7640069592938571,0.9026086470439021,0.9284746223452612,0.860524928807091,0.663249207944311,1.0527363237317158,0.8602706242212822,0.9134410278117553,0.7990713261175251,0.672802396694379
1.5018773466833542,0.9429807100114699,1.1176820133953833,1.4270626698500561,0.8061705735747142,0.7640021117120056,0.9026139123960273,0.9284374715425944,0.8606840003620818,0.6633949588092901,1.0530634805090267,0.8602591193134405,0.9135200776442811,0.7989941364443531,0.6727855249334641
1.51188986232791,0.9432682135895467,1.1179024159693602,1.4275036128252243,0.8061812652090041,0.7640127758079095,0.9026023290238453,0.9283719257646903,0.8608075893734922,0.6635083222487075,1.0533969741544245,0.8602278464526378,0.9135981004136329,0.7989008032866366,0.6727569799238217
1.5219023779724656,0.9435266077500453,1.118134835352524,1.4279787192477096,0.8062074971096918,0.764038940168621,0.9025739056140998,0.9282780267163413,0.8608954403052494,0.6635891653686691,1.0537377593824386,0.8601768126068756,0.9136750238013969,0.7987914200064343,0.6727167962594571
1.5319148936170213,0.9437562461317894,1.1183789916552755,1.428487357948145,0.8062492408256164,0.7640805764802073,0.902528663833117,0.928155837545057,0.860947327089773,0.6636373919237254,1.0540829531711202,0.8601060381296031,0.913750778311818,0.7986660930597685,0.6726650176823543
1.5419274092615771,0.9439575077176222,1.1186345795782333,1.429028857534955,0.8063064510646368,0.7641376396684307,0.9024666382195903,0.9280054426931796,0.8609630497869729,0.6636529401751481,1.0544334171238972,0.8600155567246405,0.9138252973111167,0.7985249417801278,0.6726016969263118
1.5519399249061328,0.9441307954557692,1.1189012691453395,1.429602506723578,0.8063790657702955,0.7642100679744046,0.9023878761748622,0.9278269479071458,0.86094243962845,0.6636357838112574,1.0547887736323502,0.8599054154335716,0.9138985169704466,0.7983680982570173,0.6725268957507812
1.5619524405506884,0.9442644919617189,1.1191671457954202,1.4302075561849499,0.8064670062475399,0.764297783078889,0.9022924379267626,0.9276204802736159,0.8608853581609299,0.6635859315697009,1.0551486353681445,0.8597756753138786,0.9139703768533006,0.798195707133909,0.6724406840806489
1.571964956195244,0.9443662432623708,1.1194387485363826,1.4308432195572511,0.8065701774181805,0.7644006903557172,0.902180396378752,0.9273861877629512,0.8607916984366434,0.6635034291748824,1.0555126060654838,0.8596264098247781,0.9140408185469548,0.7980079255927882,0.6723431416997337
1.5819774718397999,0.94444141828998,1.1197203946625796,1.4315086766549567,0.8066884671991218,0.7645186782499642,0.9020518379378778,0.9271242410834051,0.8606613840475581,0.6633883543771487,1.0558803566726316,0.8594577080468684,0.9141097875260706,0.7978049235679592,0.6722343561902858
1.5919899874843555,0.9444905083030052,1.1200116820439874,1.4322030727400332,0.8068217477747824,0.76465161954522,0.9019068613107954,0.9268348312581457,0.8604943743486044,0.663240822861247,1.0562513266062747,0.8592696717811893,0.9141772317669692,0.7975868829561256,0.6721144239120959
1.6020025031289111,0.944514013519076,1.1203121885909413,1.4329255219144412,0.8069698748891532,0.7647993706553223,0.9017455784751164,0.9265181714190717,0.8602906604522228,0.6630609844637387,1.05662516622964,0.8590624172794983,0.9142431022989257,0.7973539980204848,0.6719834500080311
1.612015018773467,0.9445124397389286,1.120621472114305,1.4336751082213794,0.807132688351891,0.7649617721268186,0.9015681143558752,0.9261744964044888,0.8600502689213915,0.6628490231749499,1.0570014475578833,0.8588360752621041,0.9143073530817962,0.797106475336593,0.6718415478933103
1.6220275344180226,0.9444862958580159,1.1209390718838506,1.4344508877752282,0.807310012324789,0.7651386489221734,0.9013746067625424,0.925804062510167,0.8597732608745868,0.6626051567409575,1.0573797364913013,0.8585907906269709,0.9143699409933879,0.7968445332796014,0.6716888394211944
1.6320400500625782,0.9444360905139316,1.1212645074446774,1.4352518895255655,0.8075016554241727,0.765329810519204,0.9011652065482699,0.9254071478919674,0.8594597348503756,0.6623296378849605,1.0577609040981162,0.8583267230714442,0.9144308258509338,0.7965684022676779,0.6715254546446979
1.6420525657071339,0.9443623303981605,1.1215972828626712,1.4360771179349523,0.8077074109161575,0.765535051102995,0.9009400776890786,0.924984052632651,0.8591098253826299,0.6620227515911138,1.0581419371475413,0.8580440470884251,0.9144899703079052,0.796278324604737,0.6713515320325939
1.6520650813516897,0.9442655172428314,1.121936886670144,1.4369255543909663,0.8079270570829866,0.7657541499283473,0.9006993971953794,0.9245350986597067,0.8587237048427061,0.6616848152761506,1.058523644390483,0.857742952090312,0.9145473397729059,0.7959745543450611,0.6711672182632274
1.6620775969962454,0.9441461451675657,1.1222827927327879,1.437796159034433,0.8081603575049947,0.7659868715979736,0.9004433551332479,0.9240606297828116,0.8583015835117169,0.6613161783959753,1.0589055731650157,0.8574236425652186,0.9146029023777722,0.7956573571567468,0.6709726681723029
1.672090112640801,0.9440046985846637,1.1226344616652053,1.4386878723976824,0.8084070613539178,0.7662329663519499,0.9001721546499483,0.9235610117531843,0.8578437105018014,0.6609172217510058,1.059287267981194,0.8570863382775187,0.9146566289420273,0.7953270102218056,0.6707680446742899
1.6821026282853568,0.9438416502339184,1.1229913423589608,1.439599617163428,0.8086669037021295,0.7664921703730045,0.8998860119972006,0.9230366323150135,0.8573503743569187,0.6604874605119644,1.0596682712151047,0.8567312744807593,0.9147084929619251,0.7949838021118748,0.670553518662741
1.6921151439299125,0.943657459132315,1.1233528731796933,1.4405302999226857,0.8089396058249997,0.7667642060849397,0.8995851565758749,0.9224879012936071,0.8568219031143961,0.6600291580385284,1.0600481240453046,0.8563587021225372,0.9147584705516597,0.7946280327063464,0.6703292689784854
1.702127659574468,0.9434525690030731,1.1237184836167722,1.4414788129173717,0.8092248755405668,0.767048782488275,0.8992698309520076,0.9219152506417346,0.8562586649159919,0.659541858821797,1.0604263671194814,0.855968887982504,0.9148065403184691,0.794260013114608,0.6700954824132846
1.7121401752190237,0.9432274065890605,1.1240875954606935,1.4424440357073447,0.8095224076325945,0.7673455955791108,0.8989402907911456,0.921319134349714,0.855661068478375,0.6590260611874953,1.0608025417140048,0.8555621147057684,0.9148526832074315,0.7938800655374426,0.6698523536739734
1.7221526908635796,0.9429823798445292,1.1244596238617066,1.4434248371102858,0.8098318843013548,0.767654328795703,0.8985968047699815,0.920700028308961,0.8550295625389517,0.6584822909263288,1.061176189224463,0.855138680844591,0.9148968824114504,0.7934885230630271,0.6696000852777741
1.7321652065081352,0.942717877311091,1.1248339791365973,1.4444200766343105,0.8101529755004223,0.7679746533514111,0.8982396546210843,0.9200584304015053,0.8543646369583789,0.6579111005138324,1.061546853911198,0.8546989010823804,0.9149391233281167,0.7930857295665497,0.6693388875113913
1.7421777221526908,0.9424342664643929,1.1252100680664623,1.4454286061466237,0.8104853393334377,0.768306228627561,0.8978691351169357,0.9193948604872368,0.8536668225058842,0.6573130683668312,1.0619140823948412,0.8542431063680187,0.9149793934845308,0.7926720395697672,0.6690689783768999
1.7521902377972467,0.9421318953639588,1.1255872953356316,1.4464492715756312,0.8108286224663254,0.7686487025818349,0.8974855540404657,0.9187098603711163,0.8529366905473297,0.6566887979851964,1.0622774249051568,0.8537716440291849,0.9150176824511661,0.7922478180905799,0.6687905835392297
1.7622027534418023,0.9418110886960583,1.1259650649474826,1.4474809142467635,0.8111824605835612,0.7690017122007424,0.8970892321082581,0.9180039936917046,0.8521748541226647,0.6560389173790074,1.0626364357386369,0.8532848778105481,0.9150539817181236,0.7918134404804703,0.6685039362738844
1.772215269086358,0.9414721492949771,1.12634278153156,1.4485223730700445,0.8115464789175749,0.7693648840252011,0.8966805028112346,0.9172778456685374,0.8513819657886627,0.6553640778292553,1.062990674669797,0.8527831877608388,0.9150882845122159,0.7913692921919729,0.668209277424964
1.7822277847309136,0.9411153578080983,1.1267198515259902,1.4495724854687566,0.8119202926660014,0.7697378345643863,0.896259712378551,0.9165320230598076,0.85055871890536,0.6546640350921514,1.0633397072528,0.8522669704061673,0.9151205857524671,0.7909157687123802,0.6679068552901662
1.7922403003754694,0.9407409730892796,1.1270956851883815,1.4506300891907484,0.8123035073517763,0.7701201706527289,0.8958272198031089,0.9157671542187615,0.8497058468087217,0.6539413668052537,1.06368447043603,0.8517366387979881,0.915150881952213,0.7904532752385552,0.6675969257252219
1.802252816020025,0.9403492320404055,1.1274696973596579,1.451694023776642,0.8126957195155382,0.7705114901386181,0.895383396487134,0.914983888513279,0.8488241225256616,0.6531958267963505,1.0640218394567742,0.8511926226310464,0.9151791713509853,0.7899822266519747,0.6672797514799119
1.8122653316645807,0.9399403503926917,1.1278413090609263,1.4527631318682808,0.8130965170121616,0.7709113821783494,0.8949286263264072,0.914182896487676,0.8479143580359558,0.6524281531238427,1.0643527409685163,0.8506353675791279,0.9152054531277012,0.7895030469727189,0.6669556032529573
1.8222778473091366,0.9395145232311948,1.1282099487267594,1.4538362607975264,0.8135054796601876,0.7713194278823349,0.8944633053869712,0.913364869330408,0.8469774037565131,0.6516391036362424,1.0646767720495156,0.8500653359030333,0.91522972799851,0.789016169445346,0.6666247585035383
1.8322903629536922,0.9390719261060597,1.1285750537122623,1.4549122638537046,0.8139221796698135,0.7717352007405869,0.8939878418212859,0.9125305187504893,0.8460141480048006,0.6508294552415784,1.064993560605366,0.849483006013548,0.9152519977534961,0.7885220361368473,0.6662875019210502
1.8423028785982478,0.9386127157394272,1.1289360711151963,1.4559900016847385,0.814346182187942,0.7721582671651784,0.8935026556392122,0.9116805766055133,0.8450255158117642,0.650000003394128,1.0653026802827863,0.8488888723861879,0.915272265222685,0.7880210976838864,0.665944125201487
1.8523153942428034,0.938137031431607,1.129292459257047,1.4570683435758602,0.8147770458345505,0.7725881870242545,0.8930081784742439,0.910815794521023,0.8440124683911102,0.6491515612686203,1.0656037820634685,0.8482834453724274,0.9152905341717565,0.7875138140253869,0.6655949269276288
1.8623279098873593,0.9376449967836595,1.1296436893209403,1.458254832735244,0.8152143231444038,0.773024514081777,0.8925048534427507,0.9099369436687991,0.8429760024144975,0.6482849589258581,1.0658965060387502,0.8476672510447705,0.9153068091430964,0.7870006500872851,0.665240212601229
1.872340425531915,0.9371367206410395,1.1299892459930636,1.459326801702317,0.8156575611050887,0.7734667965335782,0.8919931348762695,0.9090448143314529,0.8419171479900834,0.6474001198441286,1.06618050476476,0.8470408312414464,0.9153210956008542,0.7864820815943139,0.6648802941787725
1.8823529411764706,0.9366122987636386,1.1303286280443077,1.4603960792652622,0.8161063017611835,0.7739145776095916,0.8914734879581647,0.9081402152920625,0.8408369686843933,0.6464996977185451,1.0664554438752512,0.8464047428211955,0.9153333994987575,0.785958590584791,0.664515490313666
1.8923654568210264,0.9360718154012947,1.1306613506556744,1.4614615880079969,0.8165600830535489,0.774367396410903,0.8909463880650816,0.9072239727246267,0.839736558908837,0.6455838155466319,1.0667210024087384,0.8457595569647349,0.9153437272458088,0.7854306656104735,0.664146125893751
1.902377972465582,0.9355153464623532,1.1309869456027317,1.4625222639326074,0.8170184384735764,0.7748247875644534,0.8904123214631761,0.9062969314078929,0.8386170455682002,0.644653248536775,1.066976873161371,0.8451058603969541,0.9153520858863475,0.7848988025821851,0.663772532248163
1.9123904881101377,0.9349429594848747,1.1313049622244336,1.4635770593396074,0.8174808984312518,0.7752862825880744,0.8898717839944938,0.9053599524844339,0.8374795829444402,0.6437091212182676,1.0672227638386285,0.8444442535705398,0.9153584827771915,0.7843635032931533,0.6633950465912813
1.9224030037546935,0.9343547169091783,1.131614968990989,1.464624942998979,0.817946990542179,0.7757514101769626,0.8893252809908544,0.9044139133273567,0.8363253539489316,0.6427518302307417,1.0674583966736308,0.8437753506671869,0.9153629255758804,0.7838252753265843,0.6630140119558415
1.9324155193992492,0.9337506773442497,1.1319165527071218,1.4656649008266258,0.8184162398988405,0.7762196964745597,0.8887733271867729,0.9034597074012776,0.8351555675298113,0.641782614314187,1.0676835096626305,0.8430997795214761,0.915365422182307,0.7832846319240806,0.6626297772002655
1.9424280350438048,0.9331308993994579,1.1322093230727435,1.4666959375006352,0.8188881697939555,0.7766906657947317,0.8882164460781228,0.902498243173737,0.8339714577599739,0.6408023697271292,1.0678978557424321,0.8424181808620994,0.915365980681058,0.7827420912866867,0.6622426966217211
1.9524405506883604,0.9324954399035725,1.1324929069979204,1.4677170772685992,0.81936230311402,0.7771638420129433,0.8876551684551657,0.9015304416047631,0.832774281116207,0.6398111703290781,1.0681012238453884,0.8417312065199618,0.9153646091581717,0.7821981753546275,0.6618531290723787
1.9624530663329163,0.9318443740523633,1.1327669565974012,1.4687273638259957,0.8198381609014841,0.7776387471319343,0.8870900342562138,0.9005572393246672,0.8315653164476473,0.6388119282936366,1.0682933566942505,0.8410395217232954,0.915361315916256,0.7816534111521879,0.6614614391866495
1.972465581977472,0.9311777721184484,1.133031144968788,1.4697258618637485,0.8203152643628827,0.778114903286465,0.8865215903259623,0.8995795847977299,0.8303458617655751,0.6378045860495659,1.0684740794050918,0.840343802326086,0.915356109205216,0.781108328935353,0.6610679960028457
1.9824780976220275,0.9304957080026878,1.1332851683471956,1.4707116575889847,0.8207931349113446,0.7785918327865486,0.8859503904642896,0.8985984383947073,0.8291172333003147,0.6367903812811007,1.0686432104195094,0.8396447348564764,0.9153489972629962,0.7805634621225013,0.6606731730330114
1.9924906132665834,0.92979826513245,1.1335287473657403,1.4716838592672221,0.8212712946401408,0.7790690585909509,0.8853769949392696,0.8976147715539301,0.8278807642976918,0.6357697985563677,1.0688005844814505,0.8389430158791145,0.9153399882237263,0.7800193469066445,0.6602773480315726
2.002503128911139,0.9290855355470524,1.1337616242065662,1.4726415991428041,0.821749267889447,0.7795461058718804,0.884801968654297,0.8966295636314279,0.8266378006851204,0.6347440457975364,1.0689460654422431,0.838239349829825,0.9153290902733507,0.7794765201621295,0.6598809016441994
2.0125156445556946,0.9283576258703462,1.133983565518288,1.4735840317181519,0.822226580164625,0.7800225009364582,0.8842258824626077,0.8956438041296916,0.8253897027975547,0.6337141481423916,1.069079501085579,0.8375344506506759,0.9153163115229052,0.7789355209798968,0.659484218491158
2.0225281602002503,0.9276146608565622,1.1341943669471535,1.4745103355566473,0.8227027582205547,0.7804977713119471,0.8836493130748728,0.8946584925143277,0.8241378398730212,0.6326811094705199,1.0692007542541269,0.8368290413952255,0.9153016598007637,0.7783968908344893,0.6590876873313212
2.032540675844806,0.9268567788859076,1.1343938434873013,1.475419714127379,0.8231773331319654,0.7809714488113964,0.8830728393136795,0.8936746317845936,0.822883591432514,0.631644824689909,1.0693097936775882,0.8361238497232655,0.9152851430618623,0.7778611693439451,0.6586916981595814
2.0425531914893615,0.9260841384853312,1.1345818354059762,1.4763113951137956,0.8236498385846083,0.7814430678293501,0.8824970441114633,0.8926932318534084,0.8216283435979901,0.6306086311920196,1.069406493993119,0.8354196101477913,0.9152667691419403,0.777328896642317,0.6582966438832515
2.0525657071339176,0.9252969230107907,1.1347582109137633,1.4771846320463429,0.8241198117697635,0.7819121662359202,0.8819225133424871,0.8917153075085903,0.8203734866751609,0.6295723277716442,1.069490823249311,0.8347170625438544,0.9152465458461098,0.7768006121631583,0.6579029195024123
2.0625782227784732,0.9244953320092426,1.134922861565404,1.4780387035809015,0.8245867940535586,0.7823782860461719,0.8813498348926919,0.890741876779853,0.8191204141985123,0.6285369310935236,1.0695626966318585,0.8340169509096163,0.9152244809632919,0.7762768537826992,0.6575109215145815
2.072590738423029,0.9236795962332169,1.1350757038293187,1.47887291479298,0.8250503315647881,0.7828409740082085,0.8807795977966367,0.8897739594102397,0.8178705201798186,0.6275034578009827,1.0696220994917178,0.8333200221999721,0.9152005823078341,0.7757581570208824,0.6571210473572351
2.0826032540675845,0.9228499709145218,1.1352166775357362,1.479686595643068,0.8255099751173801,0.7832997815271616,0.8802123921658537,0.8888125766780585,0.8166251986793707,0.6264729253219672,1.0696690174057202,0.8326270261228508,0.9151748577704367,0.7752450549914794,0.6567336953906253
2.09261576971214,0.9220067447980244,1.1353457483486358,1.480479103341635,0.8259652811269246,0.7837542655814304,0.8796488078695961,0.8878587490776477,0.8153858397710881,0.6254463480332341,1.069703452246968,0.8319387133937672,0.9151473153633016,0.7747380771910354,0.656349264021476
2.1026282853566958,0.921150222797709,1.135462905394989,1.4812498211735603,0.8264158118152664,0.7842039889283142,0.8790894340634865,0.8869134954488681,0.8141538285690374,0.6244247380115646,1.0697254218076537,0.8312558348909511,0.9151179631643879,0.7742377490231227,0.655968151551924
2.1126408010012514,0.9202807545265287,1.1355681619409237,1.4817914033253607,0.8268611351194934,0.7846485200145666,0.878534859066298,0.8859778326809292,0.8129305437506972,0.6234091041334799,1.0697349596655017,0.8305791418962475,0.9150868098609987,0.7737445919551554,0.655590755515274
2.1226533166458075,0.9193987179342575,1.1356615543380628,1.4825369073462649,0.827300826033119,0.7850874343165848,0.8779856684319824,0.8850527723533729,0.8117173546383126,0.6224004498476956,1.069730902808756,0.8299093827889129,0.9150538641021954,0.773259121423072,0.6552174722602019
2.132665832290363,0.918504525505352,1.1357431415218675,1.4827714501661784,0.8277344661366691,0.7855203138732483,0.8774424452488351,0.8841393211468299,0.8105156201944183,0.6213985174644111,1.0697157704677263,0.8292473037769866,0.91501913506947,0.7727818473511068,0.6548486965738557
2.1426783479349187,0.9175986245621129,1.135813004513063,1.4834756367521527,0.8281616444920804,0.7859467481801309,0.8769057687195125,0.8832384783374705,0.8093266855646079,0.6204066628924171,1.0696883994989885,0.8285936468677818,0.9149826324188686,0.7723132728498293,0.6544848208615693
2.1526908635794744,0.9166814992653757,1.1358712459376081,1.484178439946514,0.8285819575992215,0.7863663341474879,0.8763762138921906,0.8823512352324234,0.8081518819601826,0.6194250284930269,1.0696488834497637,0.8279491493678005,0.9149443663932421,0.7718538940025673,0.6541262349614086
2.16270337922403,0.9157536710410277,1.1359179891295714,1.4848401855136117,0.8289950099132407,0.7867786766180687,0.8758543506712603,0.8814785733836182,0.8069925237485767,0.6184543109456188,1.0695973174865292,0.8273145424980135,0.9149043479057194,0.7714041990141837,0.6537733254634145
2.1727158948685856,0.9148156995980967,1.1359533773495976,1.4854753381142984,0.8294004140810112,0.7871833886045018,0.8753407431627516,0.8806214633635769,0.8058499069015246,0.6174954757300577,1.0695338051642749,0.8266905503452057,0.9148625885739908,0.7709646676549999,0.6534264753341348
2.1827284105131417,0.9138681832825685,1.1359775732636799,1.4860833693563473,0.8297977914669109,0.7875800918155004,0.8748359486370632,0.8797808628850986,0.8047253062537145,0.6165494767552261,1.0694585760472264,0.8260778887522429,0.9148191011593376,0.7705357704244871,0.6530860627887898
2.1927409261576973,0.9129117607633057,1.135990757374286,1.486663791423292,0.8301867718990947,0.7879684164038657,0.8743405174667668,0.8789577165832777,0.8036199762891553,0.6156172570790469,1.069371697840745,0.825477264374012,0.9147738989978214,0.7701179684577012,0.6527524620438717
2.202753441802253,0.9119471102241707,1.1359931277661715,1.4872161582842802,0.830566994554077,0.7883480018508381,0.8738549916065997,0.8781529533040622,0.8025351463174687,0.6146997645820089,1.0692733415844262,0.8248893733123003,0.9147269967839754,0.7697117123085752,0.6524260414461419
2.2127659574468086,0.9109749500998745,1.1359848983607803,1.4877400645684484,0.8309381078698563,0.7887184968806158,0.8733799042952908,0.8773674854784623,0.8014720199179307,0.6137978592541163,1.0691636981789276,0.824314900222206,0.9146784103427777,0.7693174417043824,0.6521071636514356
2.2227784730913642,0.9099960413430827,1.135966301068975,1.4882351453725944,0.831299769801099,0.7890795597163143,0.8729157793148661,0.8766022077388238,0.8004317750749055,0.6129124962279219,1.0690429433892252,0.8237545172864429,0.914628156808841,0.7689355849599814,0.6517961850099622
2.23279098873592,0.9090111823579727,1.1359375771000153,1.4887010756033123,0.8316516483888148,0.7894308586498733,0.8724631298366804,0.8758579948327575,0.7994155585625796,0.612044543182872,1.0689112753655852,0.8232088826123071,0.9145762547344128,0.7685665580177788,0.6514934547507661
2.2428035043804755,0.9080212126560572,1.135898984239607,1.489137569345964,0.8319934214780208,0.7897720717613279,0.8720224583549415,0.8751357013861603,0.7984244882971958,0.6111948677776559,1.0687688824838837,0.8226786399693105,0.9145227242047249,0.7682107644727717,0.6511993149014919
2.2528160200250316,0.9070270189529348,1.1358507914159013,1.489544379101039,0.8323247772587709,0.7901028874600468,0.8715942555594344,0.8744361598629012,0.7974596497593134,0.6103620703194635,1.0686160188555527,0.8221644172228207,0.9144675869464054,0.7678685946451802,0.6509140994857205
2.262828535669587,0.9060295192394178,1.1357932782525269,1.489921294710765,0.8326454143850217,0.7904230046044668,0.8711789997469505,0.87376017944285,0.7965220950569486,0.6095516726191881,1.0684528977846255,0.8216668254343319,0.9144108664364864,0.767540425145356,0.6506381340845342
2.272841051314143,0.9050296755232448,1.135726733897464,1.490268142364058,0.8329550421634047,0.7907321326915884,0.8707771561421541,0.8731085447489019,0.7956128417026321,0.608762027645024,1.0682797580223387,0.8211864577893377,0.9143525879603324,0.767226618313133,0.6503717354032287
2.2828535669586985,0.9040284855889993,1.1356514563292865,1.4905715566638318,0.833253380753412,0.7910299920578157,0.8703891762042639,0.8724820145496748,0.7947328703010974,0.6079939294229548,1.0680957895317733,0.82072388890299,0.9142927789595148,0.7669275219351602,0.6501152104156817
2.292866082603254,0.9030269888877512,1.1355677499562444,1.4908778815058,0.8335401612774537,0.7913163139897927,0.8700154970532522,0.8718813206795161,0.7938831252516254,0.6072481517149138,1.067903413874729,0.8202796732234886,0.9142314685695176,0.766643468335701,0.6498688567092943
2.3028785982478097,0.9020262605933901,1.1354759256372706,1.4913116014270233,0.8338151260484956,0.7915908409525674,0.8696565407473426,0.8713071666950613,0.7930645110974972,0.6065254458585687,1.0677017880106499,0.8198543449612076,0.9141686885083495,0.7663747743976296,0.6496329608926035
2.3128911138923653,0.9010274121828789,1.1353762988617655,1.4915849629693274,0.834078028643888,0.7918533266641777,0.8693127137665433,0.8707602269063568,0.7922778933629239,0.6058265409083715,1.067491167685363,0.8194484165773671,0.914104472502964,0.7661217409484014,0.6494077990300979
2.3229036295369214,0.9000315893947919,1.1352691883239503,1.4917722173733168,0.8343286341447874,0.7921035363355092,0.8689844062874835,0.870241145040329,0.7915240960760294,0.605152142715307,1.0672718641198067,0.8190623777932715,0.9140388565231212,0.7658846520131651,0.6491936360062663
2.332916145181477,0.899039971400174,1.1351549145694044,1.4919304189680338,0.8345667191584664,0.7923412466933505,0.8686719917510559,0.8697505334297552,0.7908039025763476,0.604502933834401,1.0670441485754434,0.818696695392623,0.9139718791358471,0.765663774999804,0.64899072473164
2.3429286608260327,0.8980537392925267,1.135033800604112,1.492059518887851,0.8347920719339115,0.7925662460965508,0.8683758263192869,0.8692889720068994,0.7901180518647675,0.6038795710628757,1.0668083134414383,0.8183518120481923,0.9139035813167987,0.7654593600204361,0.6487993061262877
2.3529411764705883,0.8970741020554995,1.134906167957181,1.4921594864016028,0.835004492582597,0.7927783347571411,0.8680962482058414,0.8688570071019865,0.789467240564927,0.6032826871695829,1.0665646566531892,0.8180281455321353,0.9138340066161069,0.7652716395172721,0.6486196084741501
2.362953692115144,0.8961023194883817,1.1347723371338652,1.4922303090906741,0.8352037930903808,0.7929773247528669,0.867833577294349,0.8684551507316562,0.7888521204279564,0.6027128889806009,1.066313481357551,0.8177260880741752,0.9137632011651808,0.7651008279966979,0.6484518471997069
2.3729662077596996,0.8951396773176674,1.1346326262199857,1.4922719921077752,0.8353897974223018,0.7931630401324379,0.8675881146501111,0.8680838797242886,0.788273298400766,0.6021707570746888,1.066055095109726,0.8174460057245697,0.913691213761413,0.7649471217472655,0.648296224443818
2.382978723404255,0.8941874849832423,1.1344873499592119,1.4922845579948447,0.835562341594931,0.7933353169883377,0.8673601420909135,0.8677436349567216,0.7877313354969215,0.6016568450337678,1.0657898095138765,0.8171882377381556,0.9136180958936058,0.7648106985745239,0.6481529287502275
2.3929912390488113,0.8932470732859611,1.1343368181517768,1.4922680464005775,0.8357212738402248,0.793494003620955,0.8671499216546359,0.8674348204241961,0.7872267466864741,0.6011716792869917,1.0655169706144378,0.8169530958560683,0.9135439017773826,0.7646917174462402,0.6480221346679532
2.403003754693367,0.892319791923521,1.1341813350764989,1.4922225133163471,0.8358664545276674,0.7936389604613353,0.8669576954051742,0.8671578029008777,0.7867600003748043,0.6007157584001351,1.0652388930360768,0.8167408640192644,0.9134686883715534,0.7645903184441354,0.6479040025857596
2.4130162703379225,0.8914070070490169,1.1340211984648427,1.4921480311846291,0.8359977563509893,0.7937700602580589,0.8667836849088528,0.8669129110517437,0.7863315182171191,0.6002895525250043,1.0649548675903606,0.81655179768801,0.9133925153935292,0.764506622415251,0.6477986783447625
2.423028785982478,0.8905100983012837,1.1338566985886411,1.4920446885542853,0.8361150643441471,0.793887188093607,0.8666280909575869,0.8667004349713086,0.7859416744355627,0.599893502900026,1.0646652168114272,0.8163861234806621,0.9133154453398333,0.7644407308225983,0.6477062930115493
2.433041301627034,0.8896304558400036,1.1336881169549557,1.4919125896905125,0.836218275934983,0.7939902414383022,0.8664910932644071,0.866520625708377,0.7855907961121437,0.599528021726924,1.0643702647213573,0.8162440387313712,0.9132375433808165,0.7643927256281225,0.6476269627321759
2.4430538172715894,0.8887694775039949,1.1335157262361986,1.4917518544191,0.8363073009471096,0.794079130152519,0.8663728502508272,0.8663736949607814,0.7852791629879247,0.5991934911569473,1.0640703361446504,0.8161257115063116,0.9131588775386267,0.7643626693765816,0.647560788278267
2.453066332916145,0.88791865020448,1.1333301824205142,1.4915626179363501,0.8363820616631196,0.7941537765500849,0.8662734987765843,0.8662598145536748,0.7850070072313481,0.5988902634694988,1.0637657565543446,0.8160312797418297,0.9130795185070819,0.7643506044703395,0.6475078553075583
2.463078848560701,0.8870866676337988,1.133138800415173,1.491345030819718,0.8364424930463745,0.7942141156199702,0.8661931536830012,0.8661791160560316,0.7847745142264901,0.598618660476064,1.0634568513746538,0.8159608512457583,0.9129995394067872,0.7643565535917008,0.6474682337391404
2.4730913642052568,0.8862776009256336,1.1329444084822373,1.4910992588362735,0.8364885421556244,0.7942600944420151,0.8661319084346112,0.8661316914632173,0.7845818207507202,0.5983789724231965,1.0631439458862766,0.8159145047514278,0.9129190166931093,0.7643805202606253,0.6474419776042326
2.4831038798498124,0.8854928500780288,1.1327472414154067,1.490825483572044,0.8365201692759267,0.7942916733162835,0.8660898335043417,0.866117591064571,0.784429016919904,0.5981714574797014,1.0628273641770458,0.8158922864007445,0.9128380280659065,0.7644224867295253,0.6474291259889844
2.493116395494368,0.8847338067681579,1.1325475218319052,1.490523900642374,0.8365373467454535,0.794308824591789,0.8660669778489115,0.8661368257098107,0.7843161476777375,0.5979963431470756,1.0625065081101717,0.815894214061817,0.9127566548836715,0.7644824165916283,0.6474297011570668
2.5031289111389237,0.8840018486280004,1.132345459151271,1.4901947211290967,0.8365400594889657,0.7943115331992396,0.8660633681410406,0.8661893657957312,0.7842432111803881,0.5978538246193912,1.0621836054409437,0.8159202747776778,0.912674980444533,0.764560253366613,0.6474437099883305
2.5131414267834793,0.883298334532834,1.1321412493931122,1.4898381718612794,0.8365283052974523,0.7942997969303018,0.8660790083654577,0.8662751406815337,0.7842101583493486,0.597744063947149,1.0618579861668085,0.8159704247750929,0.9125930903139097,0.7646559203698295,0.6474711432252462
2.523153942428035,0.882624602934687,1.1319350749318395,1.4894544941509138,0.8365020942228886,0.7942736258332852,0.8661138806191687,0.8663940402018477,0.7842168966555708,0.5976671911612568,1.0615299670774725,0.8160445911313506,0.9125110726186443,0.7647693219180679,0.647511975427014
2.533166458072591,0.8819819665364842,1.1317271068459618,1.48904394598067,0.8364614492845897,0.794233042918389,0.8661679441934313,0.8665459133260416,0.7842632876754817,0.5976233003774727,1.0611998617629856,0.8161426688668614,0.9124290162794122,0.7649003416816055,0.6475661664888428
2.5431789737171466,0.88137170868818,1.1315174996712853,1.488606799581328,0.8364064057424029,0.7941780834319291,0.8662411365891876,0.8667305699440013,0.7843491505499222,0.5976124553040487,1.0608679678486077,0.8162645249644059,0.9123470136237517,0.765048843965193,0.647633659163291
2.5531914893617023,0.8807950783344165,1.1313063953268228,1.4881433440591088,0.8363370115689739,0.7941087953277731,0.8663333729637267,0.8669477802804215,0.7844742590426386,0.5976346841521505,1.060534619579513,0.8164099970299727,0.9122651583706433,0.7652146752837686,0.6477143802140548
2.563204005006258,0.8802532875885652,1.131093922518583,1.4876538841183664,0.8362533272125964,0.7940252390304032,0.8664445465473178,0.8671972756854884,0.7846383457875317,0.597689981232969,1.0602001078216126,0.8165788924811057,0.912183545462044,0.7653976614952647,0.6478082417238754
2.5732165206508135,0.8797475066740209,1.1308801962304313,1.4871387408364187,0.836155425675144,0.7939274875125335,0.8665745286666124,0.8674787489423561,0.7848411017181619,0.5977783066670812,1.0598647325164579,0.8167709905645965,0.912102271857067,0.7655976099509273,0.6479151394271029
2.583229036295369,0.8792788602225683,1.130665319249304,1.4865982522474757,0.8360433924935851,0.7938156262764257,0.8667231689218678,0.8677918547672069,0.7850821765416027,0.5978995852597381,1.0595278271625692,0.8169860414308404,0.9120214352301241,0.765814309187554,0.6480349543330385
2.593241551939925,0.8788484234157645,1.1304493808536284,1.486032772868271,0.8359173255273804,0.7936897531413365,0.8668902956462967,0.8681362108426729,0.7853611809730052,0.5980537079448605,1.0591916850301835,0.8172237682241159,0.911941135112814,0.7660475294597683,0.6481675514912816
2.603254067584481,0.8784572175079327,1.1302324581616605,1.4854426748728073,0.8357773351509936,0.7935499784354292,0.8670757158519835,0.8685113979486592,0.7856776861251874,0.5982405304362713,1.0588555479871664,0.8174838658448923,0.9118614713484025,0.7662970226366996,0.6483127816152788
2.6132665832290365,0.8781062067350915,1.1300146160611577,1.4848283476910613,0.8356235440793073,0.7933964248210961,0.8672792156864161,0.8689169609870402,0.7860312264637836,0.598459874028883,1.0585196984845804,0.8177660029815857,0.9117825450785427,0.7665625229356334,0.6484704799729814
2.623279098873592,0.8777962942984088,1.1297959089145309,1.4841901991139532,0.835456087269259,0.7932292271963607,0.8675005608098044,0.8693524098745794,0.7864212988636107,0.5987115244501472,1.0581844143456296,0.8180698217914056,0.9117044577217409,0.7668437467613285,0.6486404677765888
2.6332916145181477,0.8775283186641327,1.1295763803607333,1.4835286553846803,0.8352751119271801,0.7930485327017717,0.8677394966541189,0.8698172202264591,0.7868473644084425,0.5989952325278958,1.05784996859616,0.8183949391065183,0.9116273112524385,0.7671403934929909,0.6488225517053936
2.6433041301627034,0.8773030503238782,1.1293560635769964,1.4828441613388819,0.8350807775067093,0.7928545007178399,0.867995748715608,0.8703108341133431,0.7873088505479877,0.5993130712384277,1.0575166291426021,0.8187409466607869,0.9115512077177229,0.7674521455130551,0.6490165245316422
2.653316645807259,0.8771211884829188,1.1291349826517019,1.4821371810817494,0.8348732554959205,0.7926473026519861,0.8682690231448976,0.870832661328619,0.7878051511298139,0.5996602228278219,1.057184658995736,0.8191074124339195,0.9114762493943566,0.7677786687944014,0.6492221651146788
2.6633291614518146,0.8769833578019772,1.1289131535045498,1.4814081985768093,0.8346527294985062,0.7924271220190388,0.8685590069674334,0.8713820800086284,0.7883356275761881,0.6000384995029109,1.0568543161285406,0.8194938807197627,0.9114025380446013,0.7681196133220232,0.649439239165646
2.6733416770963707,0.8768901055498265,1.128690583638976,1.4806577176486602,0.8344193948011567,0.7921941540086891,0.868865368996885,0.8719584384311254,0.7888996095065997,0.6004475164742987,1.0565258541614462,0.8198998736057133,0.9113301750873756,0.7684746132843562,0.6496674996289457
2.6833541927409263,0.8768418996500928,1.1284672739975825,1.4798862622254365,0.834173458941781,0.7919486060521849,0.8691877594490219,0.8725610546478902,0.7894963997761445,0.6008868547502397,1.0561995204569181,0.8203248909834004,0.9112592611712612,0.7688432877667947,0.6499066864206954
2.693366708385482,0.8768391259321072,1.1282432210763722,1.4790943775857988,0.8339151408631418,0.7916906969766095,0.8695258114281376,0.8731892192192847,0.790125270550365,0.6013560610362781,1.0558745019404396,0.8207684124672452,0.9111898962048199,0.7692252411868888,0.650156527445379
2.7033792240300376,0.8768820843340172,1.1280184130705944,1.4782826298476583,0.8336446712032566,0.7914206572941028,0.8698791409327503,0.873842195496218,0.7907854659424212,0.6018546513124481,1.0555532380624324,0.8212298976429294,0.9111221789274482,0.7696200637375644,0.6504167387616749
2.7133917396745932,0.8769709903131007,1.1277928372058066,1.4774516065894607,0.8333622919794598,0.7911387288856621,0.8702473476679821,0.8745192212161953,0.7914762056457612,0.602382107332433,1.0552348100828353,0.8217087873215817,0.9110562067699081,0.7700273320120045,0.6506870251256955
2.723404255319149,0.877105970659817,1.1275664764974251,1.4766019175600098,0.833068256749856,0.7908451651615289,0.8706300152442181,0.8752195090892905,0.7921966836641677,0.6029378795022311,1.0549194477594745,0.8222045040216919,0.9109920756037745,0.7704466092106611,0.6509670801931445
2.7334167709637045,0.8772870638020883,1.1273393118693875,1.4757341940296163,0.8327628301923441,0.7905402306400353,0.8710267121441105,0.875942248659544,0.7929460719254765,0.6035213875038598,1.0546073758542607,0.8227164533898742,0.9109298795195114,0.7708774460118164,0.6512565872244841
2.7434292866082606,0.8775142173416989,1.1271113234804784,1.474849090432456,0.8324462878220128,0.7902242006645698,0.8714369925126962,0.8766866078361223,0.7937235165325512,0.604132280291046,1.054298816003405,0.8232440250024655,0.9108697102245087,0.7713193812744173,0.6515552201337473
2.753441802252816,0.8777872881795243,1.12688249010824,1.4739472834605327,0.8321189170220527,0.7898973624318801,0.8718603952530121,0.8774517316875159,0.7945281473373633,0.6047694117746562,1.0539939837949257,0.8237865935020464,0.9108116587779581,0.7717719412558365,0.6518626405718125
2.763454317897372,0.8781060438174823,1.1266527938916766,1.473029472399676,0.8317810144650333,0.7895600124165671,0.8722964477983743,0.8782367488232743,0.7953590700755899,0.6054323587755602,1.0536930924036851,0.8243435194979694,0.9107558115755983,0.7722346428469423,0.6521785051267972
2.7734668335419275,0.8784701611542581,1.1264222180495767,1.4720963794874562,0.8314328882632235,0.7892124585169024,0.8727446637624439,0.8790407677225577,0.7962153757435135,0.6061217889853888,1.0533963497432424,0.8249141505902681,0.9107022537072276,0.7727069917696949,0.6525024594652651
2.783479349186483,0.8788792244190169,1.1261907482889453,1.4711487507587941,0.8310748566250352,0.7888550187124074,0.8732045451128143,0.8798628806182008,0.7970961328637168,0.6068343784562797,1.053103961722708,0.8254978228624239,0.9106510674218433,0.7731884842218169,0.6528341414705068
2.7934918648310387,0.8793327299356551,1.1259583748161515,1.4701501469275198,0.8307072480002994,0.7884880212078056,0.8736755824165743,0.8807021640074694,0.7980003971641308,0.6075706235592853,1.0528161296181264,0.8260938609964847,0.9106023315741906,0.7736786071699474,0.653173181886955
2.8035043804755944,0.8798300851158961,1.1257250926877527,1.4691726591487946,0.8303304006733766,0.7881118040256773,0.8741572557935519,0.8815576804325157,0.7989272084949386,0.6083297506148814,1.0525330517024565,0.826701580093087,0.910556121847534,0.7741768393280992,0.6535192044847125
2.8135168961201504,0.8803706101310932,1.1254909031542235,1.4681828573123399,0.8299446626221502,0.787726714864529,0.8746490355219743,0.8824284796218433,0.7998755925995583,0.6091109622373547,1.0522549231233425,0.8273202868390422,0.9105125108376675,0.7746826517258366,0.65387182620109
2.823529411764706,0.8809535397222542,1.1252558141237807,1.4671815806317479,0.8295503912709591,0.7873331108509386,0.8751503827733845,0.8833135998654781,0.8008445625393574,0.609913438824917,1.0519819362148268,0.827949279952543,0.9104715673731801,0.7751955080023709,0.6542306583582582
2.8335419274092617,0.8815780247005364,1.1250198414774908,1.4661696918216376,0.8291479532361753,0.7869313582843348,0.8756607503479636,0.8842120693397074,0.8018331188861851,0.6107363394193522,1.0517142497130394,0.8285878516308404,0.9104333566305902,0.7757148654369519,0.6545953067832427
2.8435544430538173,0.8822431349593385,1.1247830095509956,1.4651480765664011,0.828737724013226,0.786521832323286,0.8761795834732966,0.8851229075916573,0.8028402524081181,0.6115788033290089,1.0514520536597503,0.8292352882870315,0.9103979394947704,0.7762401757660257,0.6549653728994946
2.853566958698373,0.8829478616628161,1.1245453526332923,1.4641176435461976,0.8283200877859376,0.7861049167938798,0.8767063204360177,0.8860451266039137,0.8038649439987361,0.6124399508431534,1.0511955669663038,0.8298908719939165,0.9103653732459926,0.776770885295674,0.655340453371887
2.8635794743429286,0.883691120408436,1.1243069146868514,1.4630793233404524,0.8278954370322208,0.7856810037947666,0.8772403934573731,0.8869777323702094,0.8049061671281335,0.6133188855178454,1.0509449713697712,0.8305538812681261,0.9103357108363486,0.7773064360136289,0.6557201413117123
2.873591989987484,0.8844717525532811,1.1240677507221,1.4620340695437368,0.8274641723835081,0.785250493555496,0.8777812292336022,0.8879197258382986,0.8059628846548018,0.6142158382219959,1.0506988549177358,0.831223591920486,0.9103090008937148,0.7778462660104962,0.6561040265372493
2.8836045056320403,0.8852885317641807,1.1238279267581583,1.4609828553687354,0.8270267018713822,0.7848137936830986,0.8783282502282937,0.8888701051158765,0.8070340569092951,0.6151276906281555,1.0504606355430022,0.8318992787036681,0.9102852875986019,0.7783898106750184,0.656491696492437
2.893617021276596,0.8861401646328417,1.1235875242574362,1.4599266765852519,0.8265834410449998,0.7843713192779298,0.8788808748529471,0.8898278657623712,0.8081186350327845,0.6160545539542788,1.050228832002682,0.8325802156003893,0.9102646106093771,0.7789365028125828,0.6568827363683787
2.9036295369211516,0.887025294138001,1.1233466313877734,1.4588665477524931,0.826134813163084,0.7839234931239037,0.8794385175452596,0.8907920009439577,0.809215568479637,0.6169954772345325,1.050003619918235,0.833265675969133,0.9102470048806198,0.7794857727937111,0.6572767292224982
2.913642052565707,0.8879425083293951,1.1231053559007675,1.4578035020904507,0.8256812468665135,0.7834707433638266,0.8800005919562393,0.8917615067633374,0.8103238037489653,0.6179494959008363,1.0497851721436608,0.8339549364426728,0.9102325006713929,0.7800370514347673,0.6576732581486896
2.923654568210263,0.8888903370293728,1.1228638161049944,1.456738592638333,0.8252231781346676,0.7830135054508456,0.8805665087862967,0.8927353785675195,0.8114422813117945,0.6189155913646835,1.0495736613891278,0.8346472743235273,0.9102211234110992,0.7805897680147622,0.6580719048194024
2.9336670838548184,0.8898672610309898,1.1226221446060674,1.4556728883828154,0.8247610484117417,0.7825522202767039,0.8811356783608647,0.8937126152464531,0.8125699419455916,0.6198926349941821,1.0493692581869922,0.8353419706514026,0.9102128936355,0.7811433525836532,0.6584722513223574
2.943679599499374,0.8908717148608992,1.1223804882044999,1.4546074747382114,0.8242953049544982,0.7820873345174599,0.8817075104244911,0.8946922187956348,0.813705726269344,0.6208800793704047,1.0491721313564382,0.8360383101286539,0.910207826993159,0.7816972361118065,0.6588738798633018
2.95369211514393,0.8919020915055014,1.1221390094662251,1.453543451995231,0.8238263998183402,0.7816192996200154,0.8822814155906935,0.8956731967207601,0.8148485745455398,0.6218766868029759,1.0489824480869279,0.8367355826864232,0.9102059341920969,0.7822508514177026,0.6592763739030801
2.963704630788486,0.8929567460552663,1.121897884983292,1.4524819342546407,0.8233547900755455,0.781148572018562,0.8828568052507141,0.896654561734877,0.8159974285023341,0.6228825089227676,1.048800373861319,0.8374330835558115,0.910207221251242,0.782803633067591,0.6596793177860798
2.9737171464330414,0.8940339992156016,1.1216573047037637,1.451424047968652,0.8228809366317335,0.7806756119518896,0.883433093172209,0.8976353344111417,0.8171512281890569,0.6238945007065414,1.0486260740584386,0.8381301140959039,0.9102116880610687,0.7833550195970682,0.6600822993258926
2.983729662077597,0.8951321442738057,1.1214174750459265,1.450370930527639,0.8224053046341836,0.7802008838696015,0.8840096951261381,0.8986145423008212,0.8183089193600209,0.6249126510054512,1.0484597107817073,0.83882598291437,0.9102193306509511,0.7839044520775552,0.6604849072089334
2.9937421777221527,0.8962494495489224,1.1211786166350415,1.4493237290853824,0.821928362798096,0.7797248557583265,0.8845860298107642,0.8995912215699526,0.8194694513394667,0.6259359530249665,1.0483014441598053,0.8395200061435795,0.9102301398452125,0.7844513758305934,0.6608867329070228
3.0037546933667083,0.8973841645588588,1.1209409660682683,1.4482835985248335,0.8214505823774028,0.7792479981132279,0.88516152016932,0.9005644188511177,0.8206317771007534,0.6269630706401529,1.0481514323684828,0.8402115089690952,0.9102441015252368,0.7849952414961664,0.6612873714857942
3.0137672090112644,0.8985345230559977,1.1207047724839105,1.447251698639771,0.8209724361647737,0.7787707829387711,0.8857355946305019,0.9015331934989677,0.8217948533165343,0.6279935620383335,1.0480098321681082,0.8408998264655839,0.9102611959712915,0.7855355060304002,0.6616864232138235
3.02377972465582,0.8996987443506218,1.120470297347954,1.4462291969369585,0.8204944016389423,0.7782936868887455,0.8863076833522747,0.9024966105476151,0.8229576417350543,0.6290261810998161,1.0478785673449245,0.8415842999382962,0.9102813994010169,0.7860716292286282,0.6620834892753308
3.0337922403003756,0.9008750470797601,1.120237822262634,1.4452172603689695,0.8200169541295735,0.7778171844433894,0.8868772264092042,0.9034537550879307,0.8241191119912503,0.6300600367593577,1.047754344722706,0.8422642857271521,0.9103046824127885,0.7866030819543792,0.6624781791610131
3.0438047559449313,0.902061640237286,1.1200076328714452,1.4442170594060295,0.8195405736100415,0.7773417546878193,0.8874436656257262,0.9044037176542488,0.8252782392107808,0.6310939106676174,1.0476390014174066,0.842939146409931,0.9103310120358575,0.7871293374909384,0.6628701028902089
3.053817271589487,0.9032567404127807,1.119780035234617,1.4432297615014593,0.819065737343783,0.7768678739719942,0.8880064532877536,0.9053456091465014,0.8264340058113353,0.6321279128341147,1.0475326838342989,0.8436082593860721,0.910360349587703,0.7876498805966302,0.6632588796049567
3.0638297872340425,0.9044585659375249,1.1195553434867025,1.4422565330406736,0.8185929247813954,0.7763960207972408,0.8885650462183037,0.9062785505351281,0.8275854030451073,0.6331697458251601,1.0474355347409599,0.8442710106479432,0.9103926517434089,0.7881642009634269,0.6636441320831361
3.073842302878598,0.905665344372156,1.1193338820162737,1.4412985350731025,0.8181226147158122,0.7759266729763279,0.8891189090504812,0.9072016782569015,0.8287314306716521,0.6341931004729553,1.0473476933833983,0.8449267987952308,0.9104278711856745,0.7886717996777933,0.6640254885902767
3.0838548185231542,0.9068753204386821,1.1191159910354505,1.4403569211904992,0.8176552829102199,0.7754603052656595,0.889667516865211,0.9081141482365197,0.8298710946747792,0.6352144752408849,1.0472692958632936,0.845575037269732,0.9104659561178307,0.7891721862759451,0.6644025855295793
3.09386733416771,0.9080867537822579,1.1189020162807926,1.439432835992568,0.8171914054456453,0.7749973927055127,0.8902103510777672,0.9090151290875046,0.8310034161836782,0.6362324221980703,1.0472004719599066,0.8462151495744608,0.9105068502175563,0.7896648788664133,0.6647750643971461
3.1038798498122655,0.9092979249201565,1.1186923136343923,1.4385274135765151,0.8167314554878192,0.7745384073931362,0.8907469030480365,0.9099038078194494,0.8321274220950049,0.637245734335623,1.047141348316158,0.846846573919329,0.9105504937644984,0.7901494062938147,0.6651425734338391
3.113892365456821,0.9105071365040538,1.1184872459196014,1.4376417759251863,0.8162759041741006,0.7740838193676032,0.8912766728211637,0.9107793877126179,0.8332421486230229,0.638252978317542,1.0470920466180211,0.8474687602632913,0.910596821976425,0.790625307568021,0.6655047685434317
3.1239048811013768,0.9117127225802066,1.1182871849241147,1.4367770280950707,0.8158252188418889,0.7736340948418381,0.8917991709511627,0.9116410908917165,0.8343466472651272,0.639252566204696,1.0470526815926722,0.8480811734373676,0.910645767091334,0.7910921328134929,0.6658613127267804
3.1339173967459324,0.9129130464125328,1.118092507190812,1.4359342583445491,0.8153798633425778,0.773189696515978,0.8923139178670199,0.9124881573531883,0.8354399791002208,0.6402435441937271,1.047023362563654,0.8486832914122125,0.9106972572155281,0.7915494431533705,0.6662118768762916
3.143929912390488,0.9141065049703697,1.1179035949550176,1.435114536090293,0.8149402973469159,0.772751082884421,0.8928204443941269,0.913319845526401,0.8365212156506074,0.6412259346817536,1.0470041163119055,0.8492746064278116,0.9107512172561512,0.7919968115624426,0.6665561392169893
3.153942428035044,0.9152915311817597,1.1177208317730751,1.4343189086688979,0.8145069760059621,0.7723187078978767,0.8933182918424746,0.9141354324604455,0.8375894421381105,0.6421969500502116,1.0469950765396312,0.8498546242845085,0.9108075684128772,0.7924338225691393,0.6668937861635296
3.1639549436795997,0.9164665998837516,1.11754460747473,1.4335483999536904,0.8140803485226016,0.7718930195385504,0.8938070133241122,0.914934215460372,0.8386437549944878,0.6431565893664712,1.0469963550814043,0.8504228657707147,0.9108662290216886,0.7928600733104185,0.6672245127999602
3.1739674593241554,0.9176302266829909,1.1173753109390903,1.4328040079162963,0.8136608587076363,0.7714744603757626,0.8942861727698388,0.9157155106747222,0.8396832642456735,0.6441039509040472,1.0470080316249524,0.8509788656221787,0.9109271143329912,0.7932751732884733,0.6675480222033189
3.183979974968711,0.9187809719609858,1.1172133310661982,1.4320867028528834,0.8132489439974891,0.771063466586715,0.8947553456992534,0.916478654062201,0.8407070929604858,0.6450381438924889,1.0470301777914321,0.8515221729054414,0.9109901367383078,0.7936787447543949,0.6678640261697992
3.1939924906132666,0.919917443270464,1.1170590556914504,1.431397425150416,0.8128450349138809,0.7706604674184696,0.8952141194640192,0.9172230016483196,0.8417143776901009,0.6459582889030375,1.0470628564704678,0.852052351131848,0.9110552060111297,0.7940704229675442,0.6681722453406175
3.2040050062578223,0.9210382973390596,1.1169128708411216,1.4307370837225462,0.8124495544893008,0.7702658846159974,0.8956620935146746,0.9179479298559293,0.8427042679414053,0.6468635177272509,1.047107446489134,0.8525689786370005,0.9111222296821374,0.7944498566903819,0.6684724091208104
3.214017521902378,0.9221422419954003,1.1167751579487781,1.4301065535643032,0.8120629179573138,0.7698801321146632,0.8960988793543478,0.9186528352900433,0.8436759279497112,0.6477529749132279,1.0471614652949877,0.8530716479484592,0.9111911129155205,0.7948167079970557,0.6687642560750241
3.224030037546934,0.9232280375299934,1.116646293263953,1.4295066743054121,0.8116855320990266,0.7695036153898337,0.8965241008714909,0.9193371351674039,0.8446285347958316,0.6486258175493914,1.0472261606031141,0.853559966019834,0.9112617588058369,0.7951706525372177,0.6690475340990354
3.2340425531914896,0.924294499306739,1.1165266466626445,1.4289382480981312,0.8113177948173038,0.7691367310339152,0.8969373944043753,0.9200002673042751,0.8455612813368727,0.6494812159968723,1.047301557029858,0.8540335543403251,0.9113340687151864,0.7955113798776696,0.66932200024617
3.244055068836045,0.9253404980903931,1.1164165798970058,1.4284020382798586,0.810960094591626,0.7687798662144956,0.8973384089323682,0.9206416903502946,0.8464733737676404,0.6503192614220032,1.0473876688776265,0.8544920490271123,0.9114079425547499,0.7958385936312407,0.6695874208003922
3.254067584480601,0.9263649620092221,1.1163164454197927,1.4278987674283297,0.8106128100454759,0.7684333982449311,0.8977268061341396,0.9212608837602705,0.8473640335073144,0.6511373660736228,1.047484499226653,0.8549351002336183,0.9114832785230358,0.7961520115341106,0.6698435719055555
3.2640801001251565,0.9273668777153381,1.1162265855023867,1.4274291158298917,0.8102763094809705,0.7680976941224318,0.8981022604786203,0.9218573478793579,0.8482324976780883,0.6519356214507858,1.0475920546388613,0.8553623726525559,0.9115599739678876,0.7964513653519066,0.6700902389025972
3.274092615769712,0.9283452895788802,1.11614732855244,1.426993720672876,0.8099509503198178,0.7677731099728564,0.8984644594173355,0.9224306041245125,0.8490780147840794,0.6527132569289862,1.0477102851333242,0.8557735449622567,0.9116379249648427,0.7967364012524685,0.6703272172381927
3.2841051314142677,0.9292993038426499,1.116078992618255,1.4265931733253185,0.8096370788276362,0.7674599907783451,0.8988131032599347,0.9229801949021794,0.8498998547747673,0.6534695162689484,1.047839172753969,0.8561683101464439,0.9117170268514921,0.7970068799249348,0.67055431179303
3.294117647058824,0.9302280854151023,1.1160218782226108,1.4262280193250323,0.80933502963567,0.7671586699029643,0.899147905277393,0.923505683412517,0.8506972985329908,0.6542036619359601,1.04797867370812,0.8565463750852698,0.9117971745504689,0.7972625762798721,0.6707713371440969
3.3041301627033794,0.9311308606599412,1.1159762719482231,1.4258987568765735,0.8090451250921292,0.7668694684485179,0.8994685919954429,0.9240066543358906,0.8514696438604699,0.6549149726535678,1.0481287307613303,0.8569074608158351,0.9118782625420883,0.797503279847663,0.6709781179010289
3.314142678347935,0.9320069169806624,1.1159424431665095,1.4256058356921242,0.8087676752414971,0.766592695236907,0.8997749027969036,0.9244827130334133,0.8522162059343785,0.6556027455328947,1.0482904788049825,0.857251301965855,0.9119601851166005,0.7977287945131227,0.6711744883606149
3.3241551939924907,0.9328556017862122,1.1159206414966414,1.4253496558246581,0.8085029771504086,0.7663286461407315,0.9000665902545868,0.9249334860830386,0.8529363145916091,0.6562662976845884,1.0484615274256894,0.8575776469860962,0.9120428365812773,0.7979389387627827,0.6713602927881038
3.3341677096370463,0.9336763235296657,1.115911098271464,1.4251305675547423,0.8082513146370979,0.766077603816534,0.9003434200250923,0.9253586210846633,0.8536293167679102,0.6569049653236319,1.0486428893668274,0.8578862579514319,0.9121261114812427,0.7981335455700396,0.6715353853054058
3.344180225281602,0.9344685510531685,1.1159140243055923,1.4249488699808226,0.8080129577928046,0.7658398372305719,0.9006051709818338,0.9257577868773638,0.8542945763890344,0.657518105540646,1.0488344547381587,0.858176910607344,0.9122099047801939,0.7983124625250355,0.671699630008683
3.3541927409261576,0.9352318131160655,1.1159296089368707,1.4248048107678335,0.8077881628176067,0.7656156014982463,0.9008516350136915,0.9261306731775428,0.8549314752865128,0.6581050970548262,1.0490360997909607,0.8584493940228665,0.912294112047471,0.7984755515828372,0.6718529008320347
3.3642052565707137,0.935965696872134,1.1159580184131555,1.4246985858891976,0.8075771715897855,0.7654051374577157,0.9010826171299819,0.9264769907680654,0.8555394113088445,0.658665341265795,1.04924768761107,0.8587035106369452,0.9123786296393183,0.7986226891502322,0.6719950816254918
3.3742177722152693,0.9366698483800158,1.1159993963322499,1.4246303389019632,0.8073802113593644,0.765208671367354,0.9012979354432243,0.9267964714781041,0.8561178015795057,0.659198262729526,1.0494690668411353,0.8589390761668622,0.9124633548754522,0.798753766041176,0.672126066140203
3.384230287859825,0.9373439708112806,1.116053861621854,1.4246001608116152,0.8071974944540916,0.7650264146155532,0.9014974211543353,0.9270888681762108,0.8566660814330237,0.6597033104507877,1.04970009425155,0.8591559195308647,0.9125481862138277,0.7988686874154963,0.6722457580092615
3.3942428035043806,0.9379878228436852,1.1161215082896616,1.4246080907139818,0.807029218061932,0.7648585635067712,0.9016809184718563,0.9273539546482076,0.8571837031643221,0.6601799584197117,1.0499405475195092,0.8593538826804624,0.9126330233958162,0.7989673726609139,0.6723540707037882
3.404255319148936,0.9386012190327712,1.116202405316918,1.4246541146701015,0.806875563931985,0.7647052989661007,0.9018482846391271,0.9275915256839423,0.8576701407247346,0.6606277072103158,1.0501902552068862,0.85953282061063,0.9127177676150402,0.799049755363795,0.6724509275218874
3.414267834793492,0.9391840268121561,1.116296594766225,1.4247381666389247,0.8067366981365541,0.7645667863046921,0.901999389914628,0.9278013970715665,0.858124886409186,0.661046084596226,1.0504502173715304,0.859692601294666,0.9128023216596637,0.7991157832416739,0.6725362615700999
3.4242803504380475,0.9397361657368173,1.116404092168726,1.4248601285701201,0.8066127708807093,0.7644431750324111,0.9021341175218174,0.9279834055521698,0.8585474529843704,0.6614346462260019,1.050717887961372,0.8598331056217965,0.9128865900673251,0.7991654180332678,0.6726100156864102
3.4342928660826035,0.940257605753107,1.1165248859310284,1.4250198308074284,0.8065039162918085,0.7643345986503027,0.9022523636431855,0.928137408849929,0.8589373739846443,0.6617929766010625,1.0509941559137677,0.8599542273935888,0.912970479274583,0.7991986354283571,0.6726721423935391
3.444305381727159,0.940748365645854,1.1166589372143028,1.4252170525640586,0.8064102522430393,0.7642411744768035,0.902354037400514,0.928263285680417,0.8592942046405984,0.6621206898493918,1.0512787733782163,0.8600558733077126,0.9130538977522664,0.7992154249771509,0.6727226038448936
3.454317897371715,0.94120851085366,1.1168061792968578,1.425451522614561,0.8063318802019843,0.7641630034986805,0.9024390608321358,0.9283609357559176,0.8596175218429537,0.6624174307007271,1.0515714791431978,0.8601379629424168,0.9131367561261251,0.7992157899912862,0.6727613717708912
3.4643304130162704,0.9416381518240085,1.1169665177777452,1.4257229199389918,0.8062688851021906,0.7641001702446686,0.9025073688701984,0.928430279792467,0.859906925469736,0.6626828751306972,1.0518719986369058,0.8602004287496666,0.9132189672863109,0.7991997474409863,0.6727884274225869
3.474342928660826,0.9420374418967712,1.1171398306268385,1.4260308746412094,0.8062213352694992,0.7640527427134769,0.9025589092842203,0.928471259459638,0.8601620390074823,0.6629167309459949,1.0521800441395917,0.8602432160231556,0.9133004464918781,0.7991673278123486,0.6728037614792524
3.4843554443053817,0.9424065744332129,1.1173259669759663,1.4263749687852254,0.8061892821654679,0.7640207721190734,0.9025936428490962,0.9284838377149843,0.8603825087393886,0.6631187392532185,1.0524953158712453,0.8602662831355522,0.9133811114699273,0.7991185751932403,0.6728073741233807
3.4943679599499373,0.9427457827862592,1.1175247498020002,1.4267547374082978,0.8061727606606686,0.764004293164206,0.9026115429654801,0.9284679981993867,0.8605680083392674,0.6632886735511085,1.052817500357324,0.860269601085444,0.9134608824483168,0.7990535467368948,0.672799274762492
3.5043804755944934,0.9430553332727186,1.1177359735113819,1.427169669948708,0.8061717886108326,0.7640033236182598,0.902612596062757,0.9284237459659263,0.8607182343262806,0.6634263416017198,1.053146273174142,0.8602531543695262,0.9135396824994001,0.7989723132442628,0.6727794818975082
3.514392991239049,0.9433355279897497,1.1179594052372133,1.427619210657447,0.8061863670915026,0.7640178645516296,0.9025968013156653,0.9283511070479247,0.8608329119017984,0.6635315858226706,1.0534825434684592,0.860216940035821,0.9136174370915479,0.798874958245498,0.6727480235900027
3.5244055068836047,0.943586699033645,1.1181947857990817,1.428102760741308,0.806216480278374,0.7640479002163874,0.9025641707722396,0.9282501287058316,0.8609117923523268,0.6636042827694483,1.0538235433456402,0.8601609685960603,0.913694074663642,0.7987615785567488,0.6727049367391477
3.5344180225281603,0.9438092064774204,1.1184418293773695,1.4286196792603978,0.8062620955340718,0.7640933981325544,0.902514729285457,0.9281208793535943,0.8609546552119708,0.6636443441927001,1.0541700896759614,0.8600852636955313,0.9137695264303691,0.798632283831695,0.6726502673188682
3.544430538172716,0.9440034359545084,1.1187002245870066,1.4291692844711315,0.8063231633892975,0.764154309068706,0.9024485145866388,0.9279634487190207,0.8609613094259155,0.6636517174107928,1.0545218125393063,0.8599898623610882,0.9138437264782069,0.7984871965805566,0.672584070279469
3.5544430538172715,0.944169795712739,1.1189696352658176,1.429750855422904,0.8063996175120189,0.7642305670103501,0.9023655773990654,0.9277779480686997,0.8609315932495282,0.6636263847803822,1.0548783320070463,0.8598748152917595,0.9139166119002385,0.7983264520930871,0.672506409460314
3.564455569461827,0.9442924476796956,1.119234083329736,1.4303636332682605,0.8064913753561823,0.7643220898058125,0.9022659808409906,0.9275645092218805,0.8608653762352002,0.6635683649815235,1.0552392585394264,0.8597401859831174,0.9139881223289787,0.7981501981138052,0.67241735750877
3.5744680851063833,0.9443875094487298,1.119508233758643,1.4310068235186546,0.8065983372053935,0.7644287782109134,0.9021498015964654,0.9273232865858583,0.8607625582059076,0.6634777102384286,1.055604193547295,0.8595860528064913,0.9140582009472676,0.7979585951133508,0.6723169957433095
3.584480600750939,0.9444561168154091,1.1197923287411562,1.4316795967326732,0.8067203873060146,0.7645505170174508,0.9020171288448142,0.9270544553591392,0.8606230726065779,0.6633545090723266,1.0559728070501264,0.859412507295775,0.9141267934909184,0.7977518159080339,0.6722054141848293
3.5944931163954945,0.9444987635826598,1.1200859613830165,1.432381090316903,0.8068573936653833,0.7646871748499826,0.9018680646631575,0.9267582122029123,0.8604468865676217,0.6631988854391518,1.0563445340530333,0.8592196550154079,0.9141938487820973,0.7975300455323551,0.6720827113159157
3.60450563204005,0.9445159513385044,1.1203887041918004,1.4331104107632455,0.8070092080103641,0.7648386041222968,0.9017027242802798,0.9264347757022503,0.8602339993769796,0.663010997819636,1.056719024521341,0.8590076158209334,0.9142593185767431,0.7972934813161011,0.6719489943816365
3.6145181476846058,0.9445081873438164,1.1207001109284853,1.4338666350042435,0.80717566619113,0.765004641437764,0.9015212358698945,0.9260843860906594,0.8599844463867267,0.6627910383429689,1.0570958486897941,0.8587765239932175,0.9143231575812658,0.7970423328383807,0.6718043789358853
3.6245306633291614,0.9444759804209095,1.1210197152488564,1.4346488121074632,0.8073565884992556,0.7651851079040543,0.9013237404585367,0.9257073050732417,0.8596982983125555,0.6625392338765259,1.0574745709909952,0.8585265280726944,0.9143853233736864,0.7967768214786556,0.6716489888628885
3.634543178973717,0.9444198390461244,1.12134703291874,1.4354559647897505,0.8075517796670564,0.765379809129734,0.901110392202597,0.9253038163107893,0.8593756623480863,0.6622558451548826,1.057856074515445,0.8582577914732995,0.914445776526286,0.796497180625983,0.6714829563239674
3.644555694618273,0.9443402688719557,1.1216815639832307,1.4362870915858605,0.8077610291929573,0.7655885355459322,0.9008813583305084,0.9248742253389283,0.8590166824217516,0.6619411653180158,1.058237318396334,0.8579704923026918,0.9145044802953094,0.7962036554950738,0.671306421954928
3.6545682102628287,0.9442377700205224,1.1220227932074116,1.4371411683483433,0.8079841116562032,0.7658110627172637,0.9006368191151078,0.924418859550835,0.8586215405238848,0.6615955198866633,1.0586191235635827,0.8576648239990762,0.9145614010029982,0.7958965031909166,0.671119534168964
3.6645807259073844,0.9441128343253856,1.1223701910333077,1.4380171502234782,0.8082207870060313,0.7660471516272037,0.9003769678913544,0.9239380682387035,0.8581904563846613,0.6612192661623739,1.0590010366486566,0.8573409945791652,0.9146165072285933,0.7955759921332105,0.6709224501399604
3.67459324155194,0.9439659435004002,1.1227232150259872,1.4389139730928537,0.8084708008609676,0.7662965489734892,0.9001020110791961,0.9234322226448869,0.8577236890259852,0.6608127926588367,1.0593826015217882,0.8569992277491942,0.9146697705375441,0.7952424024081274,0.6707153346819402
3.6846057571964956,0.9437975671030094,1.1230813113142175,1.4398305553791868,0.8087338847827994,0.7665589874382336,0.8998121682493109,0.9229017160830953,0.8572215369062813,0.66037562958463,1.0597633601733056,0.8566397626035476,0.9147211650544959,0.7948960252892423,0.6704983607972446
3.6946182728410513,0.9436081601464217,1.1234439157637774,1.4407658001493613,0.809009756746827,0.7668341861538227,0.8995076719859327,0.922346963734613,0.8566843376855164,0.6599100327039831,1.0601428536817366,0.8562628542330366,0.9147706676351458,0.7945371638636973,0.6702717089473997
3.704630788485607,0.9433981626837934,1.1238104560519817,1.441718596064028,0.8092981211667007,0.767121850724503,0.8991887682528732,0.9217684032592239,0.8561124701416519,0.6594155610951431,1.0605206225117139,0.8558687731945701,0.914818257379983,0.7941661316438638,0.6700355682802317
3.714643304130163,0.9431679966590015,1.1241803520896072,1.4426878199696795,0.8095986696828851,0.7674216740097679,0.8988557159269811,0.9211664940538351,0.8555063525651618,0.6588927199256073,1.0608962083305657,0.8554578061528519,0.9148639158353145,0.7937832536910446,0.6697901353358487
3.7246558197747186,0.9429180653336644,1.124553017660705,1.4436723381482028,0.8099110813945979,0.7677333363526476,0.8985087869531162,0.9205417175134367,0.8548664442024295,0.6583420418048135,1.0612691527980078,0.8550302556838908,0.914907626753236,0.7933888658046184,0.669535614580412
3.7346683354192742,0.9426487521801157,1.1249278620682805,1.4446710080694949,0.8102350232593009,0.7680565059752164,0.8981482663211907,0.919894577008675,0.8541932450450641,0.6577640857366406,1.0616390008150562,0.8545864405184409,0.9149493760674448,0.7929833145338987,0.6692722182340369
3.74468085106383,0.9423604194473719,1.125304291436162,1.4456826799490579,0.8105701504793792,0.7683908393614238,0.8977744520624853,0.9192255978944534,0.8534872960672374,0.6571594364972193,1.062005299813921,0.8541266956948981,0.9149891518269027,0.7925669570395245,0.6690001662194557
3.7546933667083855,0.9420534098299014,1.1256817101959984,1.446706198456375,0.810916106931312,0.7687359816824298,0.8973876552019951,0.9185353274470316,0.8527491789353248,0.65652870372863,1.0623676009946423,0.8536513726438894,0.9150269440945007,0.7921401609386529,0.6687196861092406
3.764705882352941,0.9417280424503511,1.1260595222878138,1.4477404040765616,0.8112725256309455,0.7690915672580946,0.8969881996716108,0.9178243347355678,0.8519795167663639,0.6558725214479475,1.0627254599111373,0.8531608392110582,0.9150627448179198,0.7917033041371426,0.6684310130721728
3.7747183979974968,0.941384614560409,1.1264371327478584,1.4487841353166577,0.8116390292860608,0.769457220105707,0.8965764221243027,0.9170932103241908,0.8511789722052627,0.6551915466383701,1.0630784377394262,0.8526554794964822,0.9150965476253619,0.7912567745823765,0.66813438983499
3.784730913642053,0.9410234013657939,1.1268139487938815,1.4498362294636729,0.8120152306121327,0.7698325542526259,0.896152672011286,0.9163425664212368,0.8503482487240049,0.6544855518357904,1.0634261016335467,0.8521356942300461,0.9151283478877463,0.7908009702449036,0.6678300665515094
3.7947434292866085,0.9406446561970212,1.1271893817231275,1.4508955245921045,0.8124007328348363,0.7702171742353923,0.8957173114465159,0.9155730366637239,0.8494880895779647,0.6537570975471361,1.0637693966403576,0.8516019005523365,0.9151581425027354,0.7903362987014383,0.6675183009001189
3.804755944931164,0.9402486105942731,1.127562847793773,1.4519608608984862,0.8127951302927684,0.7706106756990144,0.8952707149511275,0.914785275704198,0.8485992776025033,0.6530059541393326,1.0641051870635323,0.851054532230853,0.9151859299984133,0.7898631772504157,0.6671993575242776
3.8147684605757197,0.9398354750638596,1.1279337697499836,1.4530310820524492,0.8131980087759133,0.7710126457327916,0.8948132694884543,0.9139799592887639,0.8476826344579161,0.6522328647055444,1.0644344083710562,0.8504940390569887,0.9152117099416723,0.7893820321452275,0.6668735088648269
3.8247809762202754,0.939405439693907,1.1283015781230625,1.454105036755998,0.8136089461544105,0.7714226634959632,0.8943453741614746,0.9131577837603952,0.8467390200502082,0.6514385919202345,1.064756660007668,0.8499208873464515,0.9152354833232975,0.7888932988893088,0.6665410341920435
3.834793491864831,0.938958675273867,1.1286657126277857,1.4551815800022856,0.8140275128235814,0.7718403006602329,0.8938674401066742,0.9123194658970617,0.8457693320642571,0.6506239173910939,1.0650715720785722,0.8493355595407014,0.9152572522031726,0.7883974217184185,0.6662022199570407
3.844806007509387,0.9384953340091198,1.1290256230238156,1.4562595744822098,0.8144532722456826,0.7722651219489977,0.8933798902653466,0.911465742540259,0.8447745045511643,0.6497896410673925,1.0653787216697572,0.8487385541066377,0.9152770196550255,0.7878948543582184,0.6658573595910087
3.8548185231539427,0.9380155511105742,1.1293807706795989,1.4574497459139215,0.8148857814933581,0.7726966856784689,0.8928831591378544,0.910597370193117,0.8437555077397187,0.648936580440688,1.0656777622693725,0.8481303852614122,0.9152947896040738,0.7873860557774575,0.6655067534576821
3.8648310387984983,0.9375194464463992,1.1297306302244494,1.4585230178229573,0.8153245916255745,0.7731345441318362,0.8923776927145082,0.9097151249247839,0.8427133467129654,0.6480655696042491,1.0659683370023183,0.8475115832462887,0.9153105669518721,0.7868714959568828,0.6651507085510675
3.874843554443054,0.9370071253089722,1.1300746895745954,1.4595944157620626,0.8157692483869993,0.7735782442563548,0.8918639480176733,0.9088198016025625,0.841649060058644,0.6471765506702211,1.0662501016619719,0.8468826935358031,0.9153243572383234,0.7863516513701947,0.6647895385682054
3.8848560700876096,0.9364786805876976,1.1304124515808482,1.4606628515799818,0.8162192926916992,0.7740273281454239,0.8913423928715224,0.9079122135136111,0.8405637194391908,0.646272152921407,1.066522725158594,0.846244276556085,0.915336166428426,0.7858270057547759,0.6644235639218465
3.894868585732165,0.9359341940669519,1.13074343553261,1.4617272512643418,0.81667426137556,0.7744813337889906,0.8908135053394526,0.9069931914214239,0.8394584269412166,0.6453525153741003,1.0667858899884697,0.8455969074841847,0.9153460012281195,0.78529804954648,0.664053110900388
3.904881101376721,0.9353737395191986,1.1310671774137189,1.4627865546586278,0.8171336870726654,0.77493979494995,0.8902777741580515,0.9060635843252549,0.838334316919887,0.6444184180273981,1.0670392925680132,0.8449411765151954,0.9153538687284885,0.7847652801763221,0.6636785124072111
3.914893617021277,0.9347973829424271,1.1313832312438532,1.4638397181222538,0.8175970994438432,0.7754022423900072,0.8897356975782781,0.9051242574865952,0.8371925507225898,0.6434709675907035,1.0672826442505743,0.8442776875751616,0.9153597763685793,0.7842292009242143,0.6633001071302251
3.9249061326658325,0.9342051857746726,1.1316911703740593,1.4648857147351713,0.8180640254581977,0.7758682041507111,0.8891877832803586,0.9041760922967738,0.836034317941925,0.6425106075450898,1.0675156710758884,0.8436070582538248,0.9153637318711517,0.7836903207903559,0.6629182395506353
3.934918648310388,0.9335972059893777,1.131990586313648,1.4659235348531194,0.8185339897681461,0.7763372059279322,0.8886345481587693,0.903219985917898,0.8348608341928144,0.6415385569850552,1.0677381148613954,0.8429299195702652,0.91536574318191,0.7831491542427129,0.6625332598619078
3.944931163954944,0.9329735021115565,1.1322810939688033,1.466952187959897,0.8190065152492066,0.7768087716108828,0.8880765178898927,0.9022568505520383,0.833673338985687,0.6405557590815931,1.067949732670895,0.8422469154639494,0.9153658184149392,0.782606220724994,0.6621455237322388
3.9549436795994994,0.9323341338598601,1.1325623263624287,1.4679707032998959,0.819481124603164,0.7772824248825277,0.887514225210727,0.9012876104944358,0.8324730946989064,0.6395621725599939,1.0681503162114412,0.8415587007000803,0.9153639656865858,0.7820620431642605,0.661755391225808
3.964956195244055,0.9316791775480866,1.132833940582396,1.468978129483153,0.8199573386776606,0.7777576875431909,0.8869482120543382,0.9003132057923303,0.8312613856480939,0.6385608139859342,1.0683396142897907,0.8408659434913991,0.91536019330487,0.7815171496355245,0.66136322825403
3.9749687108886107,0.931008702681904,1.1330956151480094,1.46997353679416,0.8204346787309383,0.7782340817714234,0.8863790269958771,0.8993345878735822,0.8300395129888779,0.6375515996769395,1.068517455601769,0.8401693223525908,0.9153545095163863,0.7809720711808231,0.6609694049618707
3.9849812265331668,0.9303227855287941,1.1333470527373564,1.470956016856773,0.8209126664394784,0.7787111301324742,0.8858072253341517,0.8983527196748762,0.8288087986921381,0.636535779658263,1.0686836621725353,0.839469526183914,0.9153469225445466,0.780427341780812,0.6605742958243874
3.9949937421777224,0.9296215119426754,1.1335879795102246,1.471924683513548,0.8213908240258753,0.7791883557068167,0.8852333690112514,0.8973685754971287,0.827570579284199,0.6355138036941862,1.068838073276332,0.838767254126627,0.9153374405066674,0.7798834983568009,0.6601782796998052
4.005006257822278,0.9289049768822101,1.1338181434507104,1.4728786748225642,0.8218686763610588,0.7796652841892723,0.8846580241305811,0.8963831367414707,0.826326204132405,0.6344869207175943,1.0689805547605473,0.8380632126495136,0.9153260715847403,0.7793410780275789,0.659781738010505
4.015018773466833,0.9281732914052914,1.1340373189517372,1.4738171515576932,0.8223457493465083,0.7801414422754741,0.8840817629087319,0.895397395229967,0.8250770358559786,0.6334561427782285,1.0691109571950292,0.8373581178891869,0.9153128238747249,0.7788006203074589,0.6593850562915978
4.025031289111389,0.9274265832080931,1.13424530478151,1.4747392975766669,0.8228215705667338,0.7806163583141633,0.8835051628914476,0.8944123518472121,0.8238244477640576,0.6324224770747789,1.0692291740764335,0.8366526944092645,0.9152977051527103,0.7782626666108745,0.658988623874433
4.035043804755945,0.9266649954167776,1.134441923325786,1.4756443231111502,0.8232956716855496,0.7810895647000943,0.8829288040129579,0.8934290114597202,0.8225698187969236,0.6313858423311125,1.0693351273731668,0.8359476716988075,0.915280723385981,0.7777277567148377,0.6585928315164037
4.045056320400501,0.9258886932122521,1.134627023128677,1.4765314621300294,0.8237675872693998,0.7815605967008821,0.8823532699456131,0.8924483852138718,0.8213145382371644,0.6303495258229107,1.0694287349758644,0.8352437856277478,0.9152618863927758,0.7771964305863894,0.6581980726461292
4.055068836045057,0.9250978641290574,1.1348004761929802,1.4773999742658919,0.8242368555793781,0.782028993248807,0.8817791470464559,0.8914714886781488,0.8200599968601567,0.6293133540490254,1.0695099593630422,0.8345417770868812,0.9152412019691911,0.7766692272508963,0.657804742620682
4.065081351689612,0.9242927144527372,1.134962181598382,1.4782491448547146,0.8247030190453732,0.7824942974153924,0.881207023658199,0.8904993406053058,0.8188075882875615,0.6282783428979661,1.069578717329263,0.833842391031382,0.9152186779085585,0.7761466841523781,0.6574132382863892
4.075093867334168,0.9234734814834625,1.1351120617436439,1.4790782852611832,0.8251656249097021,0.7829560570552163,0.880637489172505,0.889532961278171,0.8175587067079209,0.627245509297599,1.069634999633488,0.8331463752240573,0.9151943220400228,0.7756293362896662,0.6570239573682667
4.085106382978723,0.9226404269760567,1.1352500619592463,1.4798867320980098,0.8256242254739795,0.7834138250537053,0.8800711335519307,0.888573371633794,0.8163147457593727,0.62621587061175,1.0696787959781529,0.8324544795274835,0.9151681422773233,0.7751177157874519,0.6566372981759866
4.095118898623279,0.9217938475499099,1.1353761544558691,1.4806738490926208,0.8260783784352708,0.7838671596640736,0.8795085467185443,0.8876215921543156,0.8150770941701855,0.6251904403939558,1.0697101122146648,0.8317674550288915,0.9151401466749501,0.7746123513480447,0.656253659208303
4.105131414267835,0.9209340552932244,1.1354903342199145,1.4812150058740858,0.8265276475433029,0.7843156251647443,0.8789503175190154,0.8866786410304921,0.8138471356503679,0.6241702299810831,1.069728970080001,0.8310860524969861,0.9151103433668352,0.7741137672465557,0.6558734386184013
4.11514392991239,0.9200614081680463,1.135592620399195,1.4819804941096102,0.8269716023402605,0.7847587916010241,0.8783970338041311,0.8857455342113187,0.8126262467657851,0.6231562471343769,1.0697354070600813,0.8304110228774746,0.915078741113446,0.7736224836949874,0.6554970336823217
4.1251564455569465,0.9191762926036756,1.1356830550962287,1.482719639364854,0.8274098195023996,0.7851962361257262,0.8778492804939135,0.8848232820317423,0.8114157944240558,0.6221494939879149,1.0697282716800234,0.8297431139667154,0.9150453486567243,0.7731390147166923,0.6551248403835537
4.135168961201502,0.9182791296259362,1.1357617027357962,1.4829495035779685,0.8278418824102575,0.7856275425715533,0.8773076398225523,0.8839128895281149,0.8102171342277994,0.6211494665204289,1.0697100717128558,0.8290830710809984,0.9150101752938493,0.7726638686328017,0.6547572529935353
4.145181476846058,0.9173703758118155,1.1358286499347543,1.483647851307076,0.8282673819746689,0.7860523022770556,0.8767726899983014,0.883015354070955,0.8090316082612373,0.6201602840103384,1.0696796551056764,0.8284316351233463,0.9149732308148263,0.7721975468360844,0.6543946633064637
4.155193992490613,0.9164505244211195,1.1358840044459453,1.4843463389247327,0.8286859166495528,0.7864701141007743,0.8762450048596866,0.8821316646679921,0.8078605434758883,0.6191812877586208,1.0696371190953484,0.8277895419885805,0.9149345256221924,0.771740543504454,0.6540374604011466
4.165206508135169,0.9155201063926786,1.135927894704531,1.485001488135318,0.8290970929190893,0.7868805849089361,0.8757251529193378,0.8812628002350821,0.8067052498372395,0.6182134506744259,1.0695825638529295,0.8271575212189387,0.9148940708126226,0.7712933447842788,0.6536860299819581
4.175219023779725,0.9145796909213979,1.1359604688637321,1.4856299084651245,0.8295005256166477,0.7872833298951761,0.8752136966006212,0.8804097281851069,0.8055670180231294,0.6172577353876563,1.0695160808275204,0.8265362948892888,0.9148518782799074,0.7708564281462058,0.6533407538469335
4.18523153942428,0.9136298868511504,1.1359818940957183,1.4862310812597972,0.8298958380071335,0.7876779726640568,0.874711191759494,0.8795734035012877,0.8044471188703042,0.616315093653272,1.0694379422109248,0.8259265767877255,0.9148079607806093,0.7704302619674579,0.6530020096019309
4.195244055068836,0.9126713421205301,1.1359923556541667,1.486804529844254,0.8302826624989773,0.7880641459431458,0.8742181863928595,0.8787547664191209,0.8033467994396555,0.6153864643680869,1.0693481819586033,0.8253290709107974,0.9147623322274143,0.7700153046321241,0.6526701694854602
4.2052565707133915,0.9117047448903619,1.1359920549348532,1.487349817984771,0.8306606404050496,0.7884414913455953,0.873735220542697,0.8779547421467301,0.8022672831345218,0.6144730138146024,1.0692469829537206,0.8247444706328895,0.9147150074238521,0.7696120040870704,0.6523456008316201
4.215269086357948,0.9107308255866517,1.1359812124946713,1.4878665504987132,0.8310294224955139,0.7888096599232954,0.8732628251833116,0.8771742388463886,0.8012097686168703,0.6135749341795119,1.0691345433854906,0.8241734576840135,0.914666002549927,0.7692207973316605,0.6520286647352476
4.225281602002503,0.9097503522214464,1.13596005955076,1.4883543726299273,0.8313886693984862,0.7891683125680715,0.8728015212893365,0.876414145927442,0.8001754240692964,0.61269384161935,1.0690110415754666,0.8236167005544055,0.9146153350833286,0.7688421094397971,0.651719715664313
4.235294117647059,0.9087641356353524,1.135928843683794,1.488812968968965,0.8317380513954556,0.7895171198086076,0.8723518196732021,0.875675333647357,0.79916539068642,0.6118303773853432,1.068876660577807,0.8230748540843771,0.9145630238653975,0.7684763535365321,0.6514191013601882
4.245306633291615,0.9077730252369139,1.135887825281657,1.4892420634980417,0.8320772489974763,0.7898557623868169,0.8719142198162552,0.8749586509962375,0.7981807777574427,0.6109854048638015,1.0687316409093839,0.8225485582528761,0.9145090896346207,0.7681239298427881,0.651127161515773
4.25531914893617,0.9067779171266477,1.1358372756974313,1.4896414179104966,0.832405952943985,0.7901839312577513,0.8714892094367418,0.8742649248458837,0.7972226630559007,0.61015756963879,1.0685761910219524,0.8220384365853428,0.9144535542385247,0.7677852253069974,0.6508442285008156
4.265331664580726,0.905779739562506,1.1357774774203961,1.4900108315089144,0.8327238645752133,0.7905013279624651,0.8710772635743438,0.8735949582641459,0.79629208955811,0.6093522843780654,1.0684105425364059,0.8215450960003831,0.914396441852516,0.7674606131077262,0.6505706253578638
4.275344180225281,0.9047794642395653,1.1357087215499821,1.4903501392517782,0.8330306958689176,0.7908076646656946,0.8706788441074825,0.8729495295844235,0.7953900660793337,0.6085679524167269,1.068234936525546,0.8210691249744946,0.9143377781319723,0.7671504519018143,0.6503066666431524
4.2853566958698375,0.9037780987837583,1.1356313078862528,1.4906476888674907,0.8333261697114819,0.7911026644275032,0.8702943989688262,0.8723293909512184,0.794517564265542,0.607805362710556,1.0680485774568733,0.8206110931559204,0.9142775909307079,0.7668550856275257,0.6500526570362685
4.2953692115143935,0.9027766919628061,1.1355455426857113,1.4909447190592693,0.833610020016647,0.7913860613227526,0.8699243615609312,0.8717352672201879,0.793675518678071,0.6070652833903166,1.0678538641075497,0.8201715500772889,0.9142159100632333,0.7665748428591604,0.6498088913477339
4.305381727158949,0.9017763280514813,1.135451737996171,1.491366762463907,0.8338819919040628,0.7916576006202628,0.8695691500988131,0.8711678547321158,0.7928648240857223,0.6063484603235609,1.0676499679560392,0.8197510245791108,0.9141527677507542,0.766310036458577,0.6495756535906002
4.315394242803505,0.9007781272549644,1.1353502102751032,1.4916344968714634,0.8341418417968248,0.7919170388810503,0.8692291670644751,0.8706278202937348,0.7920863357038409,0.6056556168033028,1.067437146216776,0.8193500235877491,0.914088198287107,0.7660609631747785,0.649353217055516
4.32540675844806,0.8997832437271288,1.135241278794111,1.4918144939182416,0.8343893376992073,0.7921641442364261,0.8689047984334672,0.8701157997605578,0.7913408671708407,0.6049874528040937,1.0672157127323814,0.8189690310187121,0.9140222382508978,0.7658279027848653,0.6491418436854246
4.335419274092616,0.8987928629817927,1.1351252648271248,1.491965423756275,0.8346242590088617,0.792398696201269,0.8685964135206737,0.8696323977023295,0.7906291922756798,0.6043446448769159,1.0669859394513617,0.8186085079006443,0.9139549268158644,0.7656111185593232,0.6489417835064869
4.345431789737171,0.8978081629865459,1.1350024910481222,1.4920872427140313,0.8348463970337706,0.7926204861908845,0.8683043639136733,0.8691781855071286,0.7899520379150584,0.6037278435273445,1.0667481207404552,0.8182688905750956,0.9138863055927162,0.7654108560970793,0.6487532742322698
4.355444305381727,0.8968303702435517,1.134873278840773,1.4921799244841885,0.8350555548026375,0.7928293173323858,0.8680289833447761,0.8687537011046045,0.7893100900274989,0.6031376752230612,1.0665025557423025,0.8179505905699999,0.9138164187759166,0.7652273434408811,0.6485765409962254
4.365456821026283,0.8958607509762369,1.1347379478243695,1.4922434610024242,0.8352515472931054,0.7930250046931999,0.8677705870292536,0.868359447779996,0.7887039891250134,0.6025747405293451,1.0662495488362025,0.8176539936202346,0.9137453131572547,0.7650607905622145,0.6484117959326604
4.375469336670839,0.8949005979496505,1.1345968167521006,1.4922778620699737,0.8354342014962187,0.7932073753460299,0.8675294712337983,0.8679958933987771,0.788134331231832,0.6020396123895984,1.0659894082642603,0.817379459099588,0.9136730382045128,0.7649113891285807,0.6482592377957199
4.385481852315395,0.8939512251789204,1.1344501976975974,1.4922831542169448,0.8356033564395423,0.7933762683925015,0.8673059129167139,0.8676634697645327,0.78760166533129,0.6015328386876213,1.065722446994921,0.8171273194953115,0.9135996460849463,0.7647793123010811,0.6481190516916645
4.39549436795995,0.8930139688609295,1.1342983998065324,1.4922593813444918,0.8357588634043571,0.7935315351805415,0.8671001691297058,0.867362571580125,0.7871064950853258,0.6010549385084957,1.0654480264050965,0.8168978796114016,0.9135251916988196,0.7646647143209128,0.6479914086375478
4.405506883604506,0.8920901829819223,1.1341417257269955,1.4922066035690753,0.8359005858288647,0.7936730392082132,0.8669124768537652,0.8670935561623112,0.7866492771489908,0.6006064034121196,1.0651684317143753,0.8166914163225846,0.9134497326935193,0.764567730487199,0.6478764654163357
4.415519399249061,0.8911812376342004,1.1339804716790567,1.4921248973387817,0.8360283994457,0.7938006562614568,0.8667430525459011,0.8668567426365156,0.7862304213533807,0.6001876963934294,1.0648829696324913,0.8165081772974909,0.9133733289548203,0.7644884765504034,0.6477743649746607
4.425531914893617,0.8902885144857965,1.13381492503586,1.492014355304174,0.836142192511774,0.7939142746439701,0.8665920915842328,0.8666524112024054,0.7858502901394047,0.5997992513778553,1.0645919630963658,0.8163483837365769,0.9132960452474226,0.764427049910734,0.6476852323119636
4.435544430538173,0.8894134069858319,1.1336453661659194,1.4918750853840554,0.8362418653796257,0.7940137947495827,0.8664597686088423,0.866480803372007,0.785509198974676,0.599441473147064,1.0642957362745529,0.816212223925645,0.9132179458908607,0.7643835269766207,0.6476091820991869
4.4455569461827285,0.8885568282767775,1.1334715942540665,1.4917072116538896,0.8363273311828424,0.7940991297469384,0.8663462364081095,0.8663421205058333,0.785207415097913,0.5991147365400512,1.063994614544162,0.8160998585689292,0.9131390999544158,0.7643579651439464,0.6475463106486163
4.4555694618272845,0.8877085832643146,1.1332826323729253,1.4915108726977988,0.836398515160529,0.7941702049052731,0.866251626635226,0.8662365248531585,0.7849451598135135,0.5988193862027869,1.0636889229978501,0.8160114187555793,0.9130595789463326,0.7643504024779133,0.6474966995659855
4.46558197747184,0.8868821976374551,1.133090475122768,1.49128622338727,0.8364553554562942,0.7942269583924209,0.8661760485912544,0.8661641377651035,0.7847226052055152,0.598555735805667,1.0633789874062058,0.8159470047496583,0.9129794569413219,0.7643608562915033,0.6474604146255238
4.475594493116396,0.8860790788807692,1.1328953676740465,1.491033433008598,0.8364978023562053,0.7942693405141232,0.866119590107636,0.8661250409598905,0.78453987758216,0.5983240681562796,1.06306513255654,0.8159066868605458,0.9128988100897593,0.7643893254636325,0.6474375068026149
4.485607008760951,0.8853006250260659,1.1326975419211165,1.4907526867424254,0.8365258190717862,0.7942973144959917,0.8660823164006598,0.8661192750974838,0.7843970550949325,0.598124633591342,1.0627467103699744,0.8158905049680629,0.9128177178550437,0.7644357871976518,0.6474280101756883
4.495619524405507,0.884548224532007,1.1324972181913362,1.4904441845102352,0.8365393813626604,0.7943108561068432,0.866064270494866,0.8661468402764619,0.7842941708036919,0.5979576504613822,1.0624260545270046,0.8158984678618764,0.9127362612165625,0.7645001995993346,0.6474319439885476
4.505632040050063,0.8838232507059616,1.1322946005282597,1.4901081405620051,0.8365384770478708,0.794309953170838,0.8660654738217327,0.8662076973504828,0.7842312116647545,0.5978233078207011,1.0621024429218344,0.8159305562427142,0.9126545247409026,0.7645825019344032,0.6474493104541252
4.515644555694618,0.8831270579298446,1.1320898832161777,1.4897447858348034,0.8365231071534953,0.7942946067133874,0.8660859246674633,0.8663017654008869,0.7842081173853789,0.5977217582032441,1.0617761939582884,0.8159867183521996,0.9125725943174602,0.7646826123284529,0.6474800965580298
4.525657071339174,0.8824609781459923,1.1318832450495027,1.489354365901809,0.8364932850057543,0.7942648300556385,0.866125599381438,0.8664289239443991,0.7842247833664692,0.5976531231564451,1.0614476240598574,0.816066873512108,0.9124905585537946,0.7648004300807003,0.6475242728025157
4.53566958698373,0.8818263172493326,1.131674852825694,1.4889371418317319,0.836449036609158,0.7942206491920047,0.8661844519014553,0.8665890123317197,0.7842810613077011,0.5976174895237363,1.0611170458922299,0.8161709094833147,0.912408507026755,0.7649358336856096,0.6475817952012376
4.545682102628286,0.8812243505116503,1.1314648587101688,1.488493390548128,0.8363904004081428,0.7941621025520824,0.8662624141259713,0.8667818304837399,0.7843767580862187,0.5976149114716198,1.060784756415612,0.8162986860519029,0.9123265323154148,0.7650886837180342,0.6476526024326227
4.555694618272841,0.8806563179673714,1.1312534006827062,1.4880234047279357,0.8363174275473985,0.7940892412604582,0.8663593956493826,0.8670071387516924,0.7845116378759811,0.5976454092539751,1.0604510889386343,0.8164500331067996,0.9122447286846841,0.7652588207690093,0.6477366174520559
4.565707133917397,0.8801234217095922,1.1310406042577452,1.4875274931910383,0.8362301815612466,0.7940021288264058,0.8664752842827417,0.8672646589185482,0.7846854225447565,0.597708968506266,1.0601163333118648,0.8166247511007602,0.912163191527213,0.7654460663431978,0.6478337483099957
4.575719649561953,0.8796268208375343,1.1308265811836793,1.4870059812578955,0.8361287386115945,0.7939008413812676,0.8666099458709361,0.8675540741456238,0.7848977925679645,0.5978055406061988,1.059780788501975,0.8168226118176166,0.9120820178840975,0.765650223034593,0.6479438871549289
4.585732165206508,0.8791676280081266,1.130611430924111,1.4864592110591157,0.8360131873247242,0.7937854675152596,0.8667632246683785,0.8678750298181752,0.7851483878240791,0.5979350418370628,1.0594438067968426,0.8170433586902514,0.9120013060035144,0.7658710747811147,0.6480669108765367
4.595744680851064,0.8787469053407293,1.130395239691886,1.4858875414608723,0.8358836286791161,0.7936561081651801,0.8669349436710798,0.8682271343592081,0.7854368091115292,0.5980973543565458,1.0591076391826417,0.8172867077736126,0.9119211555119092,0.7661083872293095,0.6482026809330169
4.605757196495619,0.878365660172016,1.1301780815884084,1.4852913489748214,0.8357401761265407,0.7935128767349977,0.8671249046633073,0.8686099595367647,0.785762618103507,0.5982923252014216,1.058771547739355,0.8175523474489038,0.9118416666491539,0.7663619078601155,0.6483510440915684
4.6157697121401755,0.8780248418112192,1.1299600184866867,1.4846710274483446,0.8355829554946457,0.7933558989982216,0.8673328885775193,0.8690230413233788,0.7861253402110245,0.5985197670256426,1.0584358136794885,0.8178399395662148,0.911762940610944,0.7666313662642624,0.648511832104209
4.625782227784731,0.8777253375314991,1.129741102332497,1.4840269894283835,0.835412104773488,0.7931853128843657,0.8675586560295426,0.8694658810592614,0.7865244626682076,0.5987794565424824,1.0581007137608494,0.818149119913381,0.9116850789084104,0.7669164746702871,0.6486848626102308
4.635794743429287,0.8774679692048176,1.1295213739640784,1.4833596656711672,0.8352277742409827,0.7930012686037557,0.867801947426557,0.8699379458802659,0.7869594383572046,0.5990711360851346,1.0577665196668247,0.8184794990274713,0.9116081836159026,0.767216928148692,0.6488699387138471
4.645807259073843,0.8772534897859561,1.1293008642561246,1.4826695058181445,0.8350301263788236,0.7928039285630974,0.8680624833730725,0.8704386696677584,0.7874296861849531,0.599396921308495,1.0574334980775266,0.8188306625529679,0.9115323567983182,0.767532404926341,0.6490668497390188
4.655819774718398,0.8770825800029803,1.1290795953724018,1.481956979050265,0.8348193356975473,0.7925934671902849,0.8683399652155054,0.8709674542390823,0.787934591297909,0.5997518881651351,1.057101910856447,0.8192021725307299,0.9114577006617266,0.7678625669458854,0.6492753711964178
4.665832290362954,0.8769558457209883,1.1288575804699865,1.4812225738557683,0.8345955886548501,0.7923700708522782,0.868634075481126,0.8715236703370296,0.788473507912828,0.6001378875332841,1.0567720148107658,0.8195935676829594,0.9113843168177507,0.7682070603262438,0.6494952657255834
4.675844806007509,0.8768738145926274,1.128634825745375,1.4804667991911296,0.8343590837956192,0.792133937994307,0.868944478042834,0.8721066581601321,0.789045759224619,0.600554525536367,1.0564440616417061,0.8200043644575468,0.9113123068383908,0.7685655151825225,0.6497262824498322
4.685857321652065,0.876836933736739,1.1284113311142807,1.4796901847214878,0.8341100315427176,0.7918852789303282,0.8692708187594543,0.8727157287326557,0.7896506390109785,0.6010013741989568,1.0561182979987427,0.8204340572118852,0.9112417708428895,0.7689375468692592,0.6499681586450902
4.6958698372966206,0.8768455680587799,1.1281870901171762,1.4788932802927373,0.833848653450756,0.7916243150972863,0.8696127268305632,0.8733501664235631,0.7902874126347026,0.6014779735955192,1.0557939328727353,0.8208821211116859,0.9111728085852061,0.7693227565930179,0.6502206193561699
4.705882352941177,0.8768999966869744,1.1279620916968718,1.4780766577242386,0.8335751832042213,0.7913512800509305,0.8699698138790989,0.8740092276399514,0.7909553181844496,0.6019838300647244,1.0554733562251735,0.8213480106534432,0.9111055185103405,0.7697207308641416,0.6504833776023077
4.715894868585733,0.8770004128005721,1.127736321377962,1.477240910072284,0.8332898657790588,0.7910664186279484,0.8703416754520161,0.8746921436153685,0.7916535688548981,0.6025184177883218,1.055155673323949,0.8218311618894569,0.9110399976786298,0.7701310428086385,0.6507561352687832
4.725907384230288,0.8771469212002663,1.1275097613110217,1.4763866522564288,0.8329929574624979,0.7907699869649424,0.8707278914047626,0.8753981213032107,0.7923813531294719,0.6030811796917546,1.0548411126839843,0.8223309930329264,0.9109763414190828,0.7705532525299977,0.6510385835543849
4.735919899874844,0.8773395379430386,1.127282392607025,1.4755145214534415,0.8326847257300364,0.7904622523747515,0.8711280264810796,0.8761263445328765,0.7931378366000927,0.6036715273585344,1.0545298981028335,0.8228469058957,0.9109146436931609,0.7709869075887289,0.6513304027748804
4.745932415519399,0.8775781877134695,1.127054195107939,1.4746251777374262,0.8323654488307964,0.7901434929315798,0.8715416312765064,0.8768759759657281,0.7939221599034131,0.604289105783052,1.0542222501436875,0.8233782858550991,0.9108549951907012,0.7714315440189365,0.6516312649235081
4.755944931163955,0.8778627053622391,1.1268251477642848,1.4737193032291673,0.8320354168698547,0.7898139985506238,0.8719682412691927,0.8776461555138078,0.7947334485360014,0.604932755049707,1.0539183832370473,0.8239245042398698,0.9107974869220911,0.771886685050724,0.6519408288198659
4.76595744680851,0.8781928355565296,1.1265952333009563,1.4727976030356782,0.8316949291223107,0.7894740683055199,0.8724073807294908,0.8784360073226853,0.7955708034918942,0.6056020479778613,1.0536185094758819,0.8244849181639383,0.9107422042287612,0.7723518451488768,0.6522587493054768
4.7759699624530665,0.8785682314625154,1.1263644349106368,1.4718608053891846,0.8313442963205414,0.7891240127108702,0.8728585601946873,0.8792446354736045,0.7964333093347716,0.6062976772307943,1.053322836553635,0.8250588722119385,0.9106892316439505,0.7728265275030294,0.6525846698528509
4.785982478097623,0.8789884559887715,1.1261327399697592,1.4709096619378756,0.8309838392662937,0.7887641523355253,0.8733212786992588,0.8800711281165944,0.797320032379172,0.6070162517905358,1.053031568779886,0.8256456995742213,0.9106386506154804,0.7733102260342126,0.6529182264343315
4.795994993742178,0.8794529829085018,1.1259001395547616,1.469906974433212,0.8306138888680318,0.788394817838781,0.8737950241583688,0.8809145581771936,0.7982300240453531,0.6077582908795058,1.0527449067503165,0.8262447226434647,0.9105905394441645,0.7738024255126581,0.6532590477882992
4.806007509386734,0.8799611976633718,1.1256666302020297,1.4689263307499263,0.8302347858634401,0.7880163496922016,0.8742792741534149,0.8817739848525844,0.7991623204466708,0.60852301472999,1.052463047985561,0.8268552539747889,0.9105449727391705,0.7743026025967481,0.6536067563084426
4.816020025031289,0.8805123988799876,1.1254322147520477,1.4679335806012397,0.8298468806155335,0.7876290979749034,0.8747734966169203,0.8826484548825855,0.8001159440455854,0.6093096202915544,1.0521861868963054,0.8274765983290321,0.9105020223060007,0.774810226498858,0.6539609672959101
4.826032540675845,0.8811058001707249,1.125196903065954,1.4669295691238113,0.8294505328766454,0.78723342213673,0.8752771505512712,0.8835370038842769,0.8010899046890984,0.6101172824889332,1.0519145151577143,0.8281080527355856,0.9104617561585435,0.775324759137004,0.654321290566816
4.8360450563204,0.8817405317428539,1.1249607128762644,1.4659151647374071,0.8290461114829348,0.7868296906920367,0.8757896868262464,0.8844386578287303,0.8020832003198658,0.6109451554083597,1.051648175479267,0.8287489076863624,0.9104242381297459,0.7758456564975266,0.6546873311067983
4.846057571964956,0.8824156436813595,1.1247236710849895,1.4648912589829677,0.8286339941725869,0.7864182810369327,0.8763105488085848,0.8853524341316537,0.803094819237409,0.6117923733882048,1.0513873895944936,0.8293984485574755,0.9103895285209835,0.7763723686993456,0.6550586887556465
4.856070087609512,0.8831301078899884,1.1244858143764447,1.4638587661107103,0.8282145671926253,0.785999579055463,0.876839173246934,0.8862773432444752,0.8041237400550966,0.6126580523613369,1.0511323587904902,0.8300559564228055,0.9103576834371306,0.7769043410039144,0.6554349593785654
4.866082603254068,0.8838828215864393,1.1242471894595312,1.4628186221628157,0.8277882250914864,0.7855739789112212,0.8773749909071732,0.8872123897727755,0.8051689346970966,0.6135412917037529,1.0508816232455023,0.8307207090213405,0.9103287547540735,0.7774410143640762,0.6558157352159811
4.876095118898624,0.88467260791526,1.1240078535561122,1.4617717862418766,0.8273553704336128,0.7851418827610811,0.8779174272916492,0.8881565737211373,0.8062293632969114,0.6144423423295238,1.0506387083229694,0.8313919817307389,0.9103027900080729,0.7779818260599118,0.6562006053892953
4.886107634543179,0.885498224334746,1.123767877227978,1.4607192368983575,0.8269164131232406,0.7847037000788053,0.8784659038293701,0.8891088925275357,0.8073039854805133,0.6153580360129605,1.0504020762900768,0.832069049079562,0.9102798322526331,0.7785262108224122,0.6565891567664394
4.896120150187735,0.8863583606280704,1.12352734273357,1.4596619747397293,0.8264717706487148,0.7842598478975498,0.8790198378946785,0.8900683410775377,0.8083917508725079,0.6162885042683727,1.0501719044121254,0.8327511848349289,0.9102599199824428,0.7790736008040895,0.6569809739726045
4.90613266583229,0.8872516462713953,1.1232863440648235,1.458601018981919,0.8260218676262848,0.7838107503530456,0.8795786436877728,0.8910339132073193,0.8094916090098753,0.6172327920505888,1.049948367069379,0.833437663123166,0.9102430869848306,0.7796234264507986,0.6573756400446211
4.916145181476846,0.8881766539048993,1.1230449908845814,1.4575374080016785,0.8255671346112781,0.7833568374955021,0.8801417339974527,0.8920046046245941,0.8106025041285911,0.6181899228913386,1.0497316374574017,0.8341277605924847,0.9102293623184075,0.7801751180786275,0.6577727376334748
4.926157697121402,0.8891319007287568,1.1228034049232753,1.4564721988627742,0.8251080090019836,0.7828985461904562,0.8807085193431977,0.8929794114234952,0.8117233768947281,0.6191588939019579,1.0495218876916177,0.8348207553210885,0.9102187701671962,0.78072810500213,0.6581718485048342
4.9361702127659575,0.890115855673515,1.1225617231799665,1.4554064650485377,0.8246449337500713,0.7824363188300946,0.8812784098180833,0.8939573331231259,0.8128531677449442,0.620138582366718,1.049319287750872,0.8355159293350242,0.9102113299403645,0.7812818176538073,0.6585725545482798
4.9461827284105135,0.8911269424500201,1.1223200952667016,1.4543412953496762,0.8241783573005909,0.7819706032719639,0.8818508153803556,0.894937373103777,0.8139908175400715,0.6211284111618328,1.0491240061746805,0.8362125684318973,0.9102070559307847,0.7818356872231155,0.6589744384885198
4.956195244055069,0.8921635441090922,1.122078688034789,1.4532777939811727,0.8237087330339092,0.7815018522805331,0.8824251467354046,0.8959185400172784,0.8151352664564596,0.6221271531321662,1.0489362096591175,0.8369099638878859,0.9102059577651538,0.7823891469825112,0.6593770837966004
4.966207759699625,0.8932240068338471,1.1218376810605302,1.4522170780420056,0.8232365189608589,0.7810305232215258,0.8830008158797868,0.8968998485471206,0.816285455757689,0.6231348744797371,1.0487560637756472,0.8376074123950844,0.9102080399079827,0.7829416323925649,0.6597800757607549
4.97622027534418,0.8943066439224692,1.1215972685205766,1.451160277009879,0.822762177193313,0.7805570775321246,0.8835772368933136,0.8978803207307618,0.8174403270439762,0.6241485001319345,1.048583732945614,0.8383042169584496,0.9102133012734912,0.7834925825337099,0.6601830022553794
4.986232790988736,0.895409742386903,1.1213576604766833,1.4501085306236206,0.822286173668349,0.7800819804443225,0.8841538263944783,0.8988589864682681,0.8185988271069423,0.6251680327725969,1.0484193787830158,0.8389996881455913,0.9102217365160951,0.7840414397015192,0.6605854528250712
4.996245306633292,0.8965315654209247,1.1211190819487427,1.4490629881572155,0.8218089776153895,0.779605700451772,0.8847300042814102,0.8998348848301613,0.8197599056476325,0.6261922027894945,1.0482631610334274,0.83969314471038,0.9102333354229223,0.7845876505970154,0.6609870197093229
5.006257822277847,0.8976703574748374,1.1208817714236041,1.4480248060011331,0.8213310611035955,0.7791287088567928,0.8853051943457934,0.900807064708759,0.8209225164325252,0.6272204392203993,1.048115237709405,0.8403839133606706,0.9102480821812148,0.785130666864767,0.6613872992855195
5.016270337922403,0.8988243482373702,1.1206459821385917,1.4469951466892845,0.8208528984554186,0.7786514791838524,0.8858788250184016,0.9017745861201106,0.8220856174017873,0.6282515563554392,1.0479757646630512,0.8410713306156536,0.9102659564105439,0.7856699459603712,0.6617858912839484
5.026282853566959,0.8999917572742419,1.1204119803980763,1.4459751767633318,0.8203749660890349,0.7781744870211619,0.8864503295707593,0.9027365203005172,0.8232481731598211,0.6292845502182751,1.047846687254603,0.8417547421282081,0.9102869327066881,0.7862049508789993,0.6621823996729264
5.036295369211515,0.9011708003502374,1.12018004890549,1.4449660643059592,0.8198977403629377,0.7776982078684547,0.8870191486724395,0.9036919539425546,0.8244091533906396,0.6303185323696113,1.0477246706524777,0.8424335059210594,0.9103109807142004,0.7867351532950881,0.6625764342655551
5.04630788485607,0.9023596871907826,1.1199504781666778,1.4439689797689823,0.8194217011529513,0.7772231207059186,0.8875847260811383,0.9046399815543807,0.8255675353821824,0.6313522820166355,1.0476115702553868,0.8431069874629827,0.9103380659637885,0.7872600287357523,0.6629676069212748
5.056320400500626,0.9035566358240363,1.119723577278097,1.4429850898184342,0.8189473258023194,0.7767497019553845,0.8881465157797425,0.9055797174913747,0.8267223044590734,0.6323859261720355,1.0475075313557265,0.8437745672482986,0.9103681489604565,0.7877790638708405,0.6633555377267574
5.066332916145182,0.9047598641136192,1.119499661352729,1.4420155608542473,0.8184750944073567,0.7762784307545997,0.8887039755978152,0.9065102850597492,0.8278724521141949,0.6334256676381815,1.0474126964845891,0.8444356331312783,0.910401185043092,0.7882917497731409,0.6637398504572307
5.076345431789737,0.9059676069611631,1.1192790612822558,1.441061550714542,0.8180054839199873,0.7758097830709262,0.8892565740746315,0.9074308276812014,0.8290169817046741,0.6344486934627249,1.0473272034655772,0.8450895889310419,0.910437125899916,0.7887975914568439,0.6641201762923142
5.086357947434293,0.9071781098194704,1.1190621163575032,1.440124211977367,0.8175389711510134,0.7753442346979635,0.8898037867489691,0.9083405026520851,0.8301549017904446,0.6354693328628788,1.0472511873093124,0.8457358494097694,0.9104759185895437,0.7892960993251131,0.6644961520279142
5.0963704630788484,0.908389637978746,1.118849176119404,1.439204686646293,0.8170760311553327,0.7748822596435636,0.8903450978919621,0.9092384837847289,0.8312852345358289,0.6364862295727403,1.0471847770534342,0.8463738422066546,0.9105175059522252,0.7897867945965992,0.6648674210936116
5.1063829787234045,0.9096004766666399,1.1186405974049356,1.438304106045059,0.8166171370093966,0.7744243299073897,0.8908800005685557,0.9101239614423431,0.8324070102494628,0.6374982028045021,1.047128097773088,0.8470030077240313,0.9105618267188883,0.7902692081570588,0.6652336336050163
5.11639549436796,0.9108089372586471,1.1184367464688516,1.4374235877425705,0.8161627584863828,0.7739709141586532,0.8914079979586633,0.9109961444172857,0.8335192688377316,0.6385036312714096,1.0470812695147595,0.8476228003649198,0.9106088156304871,0.790742882083189,0.6655944473766943
5.126408010012516,0.9120133601615602,1.118237996028551,1.4365642330789992,0.8157133622760262,0.7735224779554388,0.8919286028495766,0.9118542589593468,0.8346210637486352,0.6395011544199952,1.0470444058036232,0.8482326881837732,0.9106584039252028,0.7912073692909289,0.6659495270585486
5.136420525657072,0.9132121161878347,1.1180447233682889,1.4357271258814321,0.8152694112458719,0.7730794830076029,0.8924413382260483,0.9126975496201597,0.8357114575838704,0.6404898339689932,1.0470176149620378,0.8488321525082844,0.9107105187166992,0.7916622337904434,0.6662985455621839
5.146433041301627,0.9144036119161106,1.1178573119770367,1.4349133299693233,0.8148313640162895,0.7726423867529516,0.8929457374723914,0.9135252794062011,0.8367895273643384,0.6414697054102797,1.0470008937654935,0.8494206888976846,0.9107650839898703,0.7921070512571787,0.6666411831178571
5.156445556946183,0.9155862905508441,1.1176761473642243,1.434123887152387,0.8143996741577232,0.7722116415566395,0.8934413449881645,0.9143367306017013,0.8378543596993754,0.6424379618822276,1.0469944256213866,0.849997807093765,0.9108220203197394,0.7925414094794674,0.666977128333312
5.166458072590738,0.9167586363081817,1.1175016186877664,1.4333598151090812,0.8139747897073562,0.7717876942294979,0.8939277164129561,0.9151312050312744,0.838905054652487,0.6433946157749222,1.0469982964565046,0.8505630312550674,0.9108812451627339,0.7929649086680051,0.667306078174972
5.176470588235294,0.917919175865908,1.1173341148506735,1.4326221049825265,0.8135571529269024,0.7713709857871328,0.8944044185583835,0.9159080237512292,0.8399407254639647,0.6443387682562246,1.0470125840213753,0.85111589966409,0.910942673060711,0.7933771614222677,0.6676277378948927
5.18648310387985,0.9190664813155336,1.1171740248668125,1.4319117198193643,0.8131471995361516,0.7709619506861135,0.8948710299239805,0.9166665277856061,0.8409604985670116,0.6452695312121396,1.04703735777252,0.8516559650570442,0.911006215748516,0.7937777932671686,0.6679418214990108
5.196495619524406,0.9201991722840303,1.117021736042697,1.4312295922491391,0.812745358260306,0.7705610163734714,0.8953271408367052,0.9174060781897478,0.8419635138954499,0.6461860281162256,1.0470726783628381,0.8521827945600121,0.9110717823747913,0.7941664427597623,0.6682480518432191
5.206508135168962,0.9213159180835712,1.1168776335742647,1.4305766229590986,0.8123520502031596,0.770168602662617,0.8957723537740973,0.9181260564675592,0.842948924364368,0.6470873937565929,1.04711995204063,0.8526959701314474,0.911139279897508,0.7945427620131919,0.6685461605851704
5.216520650813517,0.9224154395746859,1.1167420976919618,1.4299536782443472,0.8119676885426452,0.7697851214311057,0.8962062833091679,0.9188258643450101,0.8439158976593139,0.6479727758196872,1.0471766370608095,0.8531950879214852,0.9112086129581763,0.7949064165012635,0.6688358885752803
5.226533166458073,0.9234965105867666,1.1166155031531493,1.4293615885368056,0.8115926778837333,0.7694109759767073,0.8966285564331172,0.91950492418356,0.8448636145836846,0.6488413346545481,1.047244005734487,0.8536797584943235,0.9112796841793597,0.7952570853123213,0.6691169860218528
5.236545682102628,0.9245579602707993,1.1164982179406011,1.4288011464260741,0.8112274138243379,0.7690465605862057,0.8970388126271135,0.9201626789843134,0.8457912714450522,0.6496922440059727,1.0473220801016931,0.8541496069517848,0.9113523945076374,0.795594461491814,0.6693892123180701
5.246558197747184,0.9255986735716861,1.1163906015908165,1.4282731052255457,0.8108722824190187,0.7686922600024039,0.8974367040417325,0.9207985926052722,0.8466980781248568,0.6505256056546949,1.0474108717249506,0.8546042729819799,0.9114266434354128,0.7959182522215761,0.6696523361604032
5.256570713391739,0.9266175930695736,1.1162930040251753,1.427778177062585,0.8105276597505499,0.7683484489989355,0.8978218955492894,0.9214121497224561,0.8475832597458254,0.6513388212322904,1.047510396537662,0.8550434103844251,0.9115023289697052,0.796228178648779,0.6699061359661355
5.2665832290362955,0.9276137197951996,1.116205764257191,1.4273170317119923,0.8101939114529744,0.7680154919068357,0.8981940648468175,0.9220028559341402,0.8484460563546203,0.6521319933721085,1.0476206113889521,0.8554666872836872,0.9115793480117751,0.7965239762134972,0.6701503996883302
5.276595744680852,0.9285861147250181,1.1161292099689506,1.4268902947190032,0.8098713920479631,0.7676937419550293,0.8985529027640616,0.9225702382038895,0.8492857236536556,0.6529043541801753,1.04774150894925,0.855873786602612,0.911657596886045,0.796805394918193,0.6703849246947228
5.286608260325407,0.9295338964622658,1.1160636509797282,1.426498546353736,0.8095604453891179,0.7673835417162612,0.8988981123392926,0.9231138431801474,0.8501015311973303,0.6536551541674998,1.0478730547311195,0.8562644032223916,0.9117369699333657,0.797072198316948,0.6706095190475365
5.296620775969963,0.9304562461815942,1.1160093869268426,1.4261423204837422,0.809261402606885,0.7670852210597433,0.8992294106749966,0.9236332404500388,0.8508927648155753,0.6543836581779499,1.0480152008963932,0.8566382489222297,0.911817362521357,0.7973241656579358,0.670823999412914
5.306633291614518,0.9313524063111454,1.1159667009704999,1.4258221032550238,0.8089745831740526,0.7667990982170487,0.8995465273275908,0.9241280194794244,0.8516587281215324,0.6550891492514935,1.0481678863215416,0.8569950478446045,0.9118986690747196,0.7975610898133355,0.6710281927330435
5.316645807259074,0.9322216783941659,1.115935855796201,1.4255383316686998,0.8087002939268912,0.7665254788086238,0.8998492049758204,0.9245977909471544,0.8523987389081527,0.6557709305641132,1.0483322685947232,0.8573345380066958,0.9119807837739959,0.797782778321961,0.671221935899039
5.326658322903629,0.9330634255700503,1.1159170979245499,1.4252913938493073,0.8084388286417586,0.7662646554245244,0.9001371994768912,0.9250421867130859,0.8531121315420797,0.6564283229667003,1.048505905071865,0.8576564712974889,0.9120636009708594,0.7979890533115167,0.6714050756439435
5.336670838548185,0.9338770712098557,1.1159106530609255,1.425081627211255,0.8081904677673047,0.766016907360435,0.9004102797596979,0.9254608596319631,0.8537982570604191,0.6570606682034151,1.0486898287023767,0.8579606131795711,0.9121470152971874,0.7981797513758213,0.671577468559775
5.346683354192741,0.9346620992811706,1.1159167269014552,1.424909318010708,0.8079554779256866,0.765782500123299,0.9006682279827269,0.9258534838170767,0.8544564838987166,0.6576673286156651,1.0488839260833622,0.8582467427761075,0.9122309218509639,0.7983547237329136,0.6717389812240868
5.356695869837297,0.9354180530700675,1.1159355029449538,1.424774701082148,0.8077341117807116,0.7655616853029774,0.9009108393004424,0.9262197542254994,0.8550861976085681,0.658247688558481,1.0490880703001948,0.8585146524879393,0.9123152163812426,0.7985138359369205,0.6718894900396717
5.366708385481853,0.9361445347153199,1.11596714202644,1.4246779592554693,0.8075266075743949,0.7653547001131358,0.9011379220076658,0.9265593869172138,0.8556868011771651,0.6588011550870474,1.049302120684271,0.8587641480922495,0.9123997954690214,0.7986569680113689,0.6720288813386709
5.376720901126408,0.9368412046732374,1.1160117818024797,1.424619222977776,0.807333188839926,0.7651617671080653,0.9013492975048244,0.926872119007555,0.856257716158597,0.6593271587242021,1.0495259224117217,0.8589950486318889,0.9124845567038832,0.7987840143755084,0.6721570513537469
5.386733416770964,0.9375077799174723,1.1160695345296903,1.4245985703147162,0.80715406419863,0.7649830939832234,0.9015448001881126,0.9271577084915339,0.8567983820879785,0.659825154797742,1.04975932907869,0.8592071862174318,0.912569398847068,0.7988948836936012,0.6722739061394131
5.396745932415519,0.9381440332141657,1.1161404882401569,1.4246160270732744,0.8069894269364185,0.7648188731557288,0.9017242775983118,0.9274159345322736,0.8573082562564036,0.6602946238257268,1.0500021146677703,0.8594004061550254,0.9126542219916591,0.7989894989821655,0.6723793616762224
5.406758448060075,0.9387497926603798,1.1162247054481746,1.4246715662612848,0.8068394549364158,0.7646692817000244,0.9018875901998301,0.9276465971086681,0.8577868176420087,0.6607350729683437,1.0502541042254105,0.8595745666470461,0.9127389277151493,0.7990677973319184,0.6724733436925547
5.416770963704631,0.9393249387702014,1.1163222214821964,1.4247651088116895,0.806704310318945,0.7645344809914939,0.9020346114995274,0.9278495172555729,0.8582335634239141,0.661146036961166,1.0505163160337168,0.8597295389038365,0.9128234192284161,0.7991297299787795,0.6725557877374502
5.4267834793491865,0.9398694038573219,1.1164330451326594,1.424896523729373,0.8065841392875032,0.7644146165553869,0.902165227962346,0.9280245369589578,0.8586480115197341,0.6615270785827981,1.0507861583842977,0.8598652070441773,0.9129076015302645,0.7991752621572941,0.6726266390753673
5.4367959949937426,0.9403831702318489,1.1165571580079692,1.4250656285259342,0.8064790719214443,0.7643098178623986,0.9022793390076095,0.9281715191902555,0.8590297008061881,0.6618777896677094,1.051064537476251,0.8599814680954049,0.9129913815539176,0.7992043730311322,0.6726858526415114
5.446808510638298,0.9408662685137201,1.1166945143342468,1.425272189755891,0.8063892220058603,0.7642201981611412,0.9023768569883678,0.9282903479136475,0.8593781918353863,0.6621977919005783,1.051351202042047,0.860078231976261,0.913074668297776,0.799217055600506,0.6727333929889563
5.456821026282854,0.9413187755979963,1.1168450404262553,1.425515923633036,0.8063146868859989,0.7641458543348645,0.9024577071684905,0.9283809280915628,0.8596930672731755,0.6624867378103492,1.0516458874919639,0.8601554214836805,0.9131573729438838,0.7992133166013632,0.6727692342336252
5.466833541927409,0.941740812825798,1.1170086349993429,1.42579649687106,0.8062555473443156,0.7640868667805034,0.9025218277003227,0.9284431856926675,0.8599739326976631,0.6627443112321922,1.0519483159887864,0.8602129722890332,0.9132394089652071,0.7991931764021066,0.6727933599968129
5.476846057571965,0.942132543817781,1.1171851688964736,1.4261135274685206,0.8062118675213236,0.7640432993311416,0.9025691695807019,0.9284770676630242,0.8602204174263182,0.6629702281844754,1.0522581966789402,0.8602508329231445,0.9133206922280904,0.7991566688732945,0.6728057633210981
5.486858573216521,0.9424941720048097,1.1173744847404923,1.4264665856391685,0.8061836947169625,0.7640151990590329,0.9025996967627523,0.9284825421638798,0.8604321744450116,0.6631642377950032,1.0525752263514156,0.8602689649531984,0.9134011410914739,0.7991038414125248,0.672806446697496
5.496871088861076,0.9428259395464103,1.1175763981215305,1.426855194934298,0.8061710595460998,0.764002596431547,0.9026133859106997,0.9284595981961045,0.860608882779756,0.6633261221903768,1.0528990889067262,0.8602673427530032,0.9134806764864901,0.7990347546012565,0.672795421818824
5.506883604505632,0.9431281215805909,1.117790696513964,1.4272788332271376,0.8061739757009595,0.7640055050747615,0.9026102266077572,0.9284082460000381,0.8607502466519465,0.6634556978923929,1.0532294565559546,0.8602459538084599,0.9135592219994549,0.7989494823205012,0.6727727096718432
5.516896120150188,0.9434010282690163,1.1180171408392272,1.4277369339730148,0.8061924400472278,0.7640239218695682,0.9025902212297021,0.9283285168800086,0.8608559978100155,0.6635528155378065,1.053567253388297,0.8602047986418028,0.913636703935723,0.7988481115212352,0.6727383403734202
5.526908635794744,0.9436449984117408,1.1182554649734795,1.4282288880452223,0.8062264324288201,0.7640578267568842,0.9025533851615787,0.9282204636154218,0.860925892627079,0.6636173603872451,1.0539096742438243,0.8601438911530253,0.9137130513983855,0.7987307423321242,0.6726923532478393
5.536921151439299,0.9438603993403268,1.1185053766938793,1.42875404368237,0.8062759161162005,0.7641071831844558,0.9024997463444349,0.9280841597196294,0.8609597201706306,0.6636492532737795,1.0542575497571316,0.8600632581628777,0.9137881963020056,0.7985974875037662,0.6726347964323508
5.546933667083855,0.9440476222451074,1.1187665581575592,1.4293117093928713,0.8063408374094636,0.7641719377103002,0.9024293457651594,0.9279197003159907,0.860957295705101,0.6636484503904346,1.054610507798659,0.8599629401040532,0.913862073461595,0.7984484727778424,0.6725657271316663
5.556946182728411,0.9442034997496981,1.1190352291568124,1.4299011547309712,0.8064211258423902,0.7642520202052794,0.9023422373222895,0.9277272019473285,0.8609184652908576,0.6636149426807569,1.0549681659096437,0.8598429910264045,0.913934620696656,0.7982838365748841,0.6724852113499913
5.566958698372966,0.9443187198727083,1.1193016672551444,1.4305216114852208,0.8065166946833877,0.7643473443515092,0.9022384873957979,0.9275068018202933,0.8608431062881883,0.6635487579461238,1.0553301322439992,0.8597034778448637,0.9140057783915049,0.7981037297932037,0.672393323989408
5.576971214017522,0.9444071223771405,1.119578340946222,1.431172276603165,0.8066274400875644,0.7644578067950935,0.9021181759070618,0.9272586597677056,0.8607311263616615,0.6634499568011188,1.0556960059963558,0.8595444824505865,0.914075490453807,0.797908316061432,0.6722901485066526
5.5869837296620775,0.944469192732324,1.1198648588195075,1.4318523119060371,0.8067532422964329,0.764583288340979,0.901981395181996,0.9269829562130593,0.8605824675204108,0.6633186373487965,1.056065456503,0.8593660997547041,0.9141437033596699,0.7976977712005081,0.6721757770237035
5.5969962453066335,0.9445054274919461,1.1201608099509341,1.4325608472028604,0.8068939651570685,0.7647236534713309,0.9018282506631217,0.9266798934182543,0.8603971047641286,0.6631549314664199,1.0564379142929783,0.8591684389539568,0.9142103666658945,0.7974722834089255,0.6720503102983013
5.607008760951189,0.9445163295501365,1.1204657613792408,1.4332969812928287,0.8070494564630218,0.7648787506833313,0.9016588607538293,0.9263496952931703,0.8601750463877333,0.6629590064117036,1.056813028704506,0.8589516234883449,0.9142754328856578,0.7972320530625078,0.6719138575526271
5.617021276595745,0.944502407113537,1.120779261710372,1.434059783872277,0.8072195481433444,0.7650484126752836,0.9014733568505654,0.9259926074045858,0.8599163366949425,0.6627310633735759,1.057190368523349,0.8587157911080898,0.9143388574817941,0.7969772925774794,0.6717665365038165
5.627033792240301,0.9444641690948692,1.1211008407801024,1.4348482975341526,0.8074040565510334,0.765232456631704,0.9012718832888074,0.9256088970466204,0.8596210550648152,0.6624713368341878,1.057569496588349,0.8584610941547371,0.9144005987013759,0.79670822652641,0.6716084731100384
5.637046307884856,0.9444021233020632,1.121430009296089,1.435661538544649,0.8076027826303434,0.7654306843874359,0.901054597442046,0.9251988532345081,0.859289318162569,0.6621800965778294,1.0579513081760263,0.8581876996467728,0.9144606178562004,0.7964250911625842,0.6714398015924177
5.647058823529412,0.944316774360369,1.1217662637659025,1.4364984996681922,0.8078155121001782,0.7656428826076622,0.9008216698237684,0.92476278701096,0.8589212792508935,0.6618576435932699,1.0583327347154834,0.8578957895412934,0.9145188789693158,0.7961281347164445,0.6712606645559215
5.657071339173967,0.944208620545198,1.1221090853423912,1.4373581514674054,0.8080420158548318,0.7658688231846247,0.9005732839703999,0.9243010312394669,0.8585171296267761,0.6615043113293206,1.0587146094943463,0.8575855607687922,0.9145753488194908,0.7958176170614737,0.6710712127638349
5.667083854818523,0.9440781513460428,1.1224579410236626,1.438239444059827,0.8082820502320961,0.766108263501964,0.9003096364861749,0.9238139406945493,0.8580770988613745,0.6611204650447676,1.059096478379312,0.8572572254290727,0.9146299968840211,0.7954938096375356,0.6708716051044974
5.677096370463079,0.9439258456056108,1.1228122854263978,1.4391413088385643,0.8085353573163272,0.7663609467338757,0.9000309370657232,0.9233018921143775,0.8576014557543902,0.6607065008743417,1.0594778846996586,0.8569110110031101,0.9146827953227594,0.795156995335622,0.6706620084916382
5.687108886107635,0.9437521694539431,1.1231715620075755,1.440062660204816,0.8088016652416687,0.7666266021443943,0.8997374085310647,0.9227652842745507,0.8570905086312592,0.6602619639051897,1.059858370108364,0.8565471605706498,0.9147337189539583,0.7948074683895995,0.6704425977921444
5.697121401752191,0.9435575743442187,1.123535204385639,1.4410023973874364,0.8090806885121005,0.7669049454034593,0.899429286863242,0.92220453805699,0.8565446053015812,0.6597891025532626,1.0602374755187012,0.8561659329786782,0.914782745157356,0.7944455343008996,0.6702135558191499
5.707133917396746,0.9433424958792737,1.1239026382447002,1.441959406045601,0.8093721283604319,0.7671956789418471,0.899106821202504,0.9216200964730072,0.8559641344120429,0.659287490114357,1.0606147414723461,0.8557676029527466,0.91482985372491,0.7940715097612241,0.6699750733413752
5.717146433041302,0.9431073515003557,1.1242732818433159,1.4429325601658467,0.8096756732410846,0.7674984924396153,0.8987702737098445,0.9210124244442374,0.8553495245335961,0.658757638723173,1.0609897098726095,0.8553524610589284,0.9148750267328193,0.793685722421265,0.6697273489714844
5.727158948685857,0.9428525395590615,1.124646547651824,1.4439207237053673,0.8099909991798473,0.7678130631719344,0.8984199195938947,0.9203820088627119,0.8547012449909542,0.6582000876861542,1.0613619228293996,0.8549208138999675,0.9149182484844499,0.7932885107828358,0.669470589120978
5.737171464330413,0.942578438468219,1.1250218440699526,1.4449227521539054,0.8103177701581916,0.7681390563894859,0.8980560471061805,0.9197293585957214,0.8540198060717719,0.6576154025141776,1.0617309258858216,0.854472984270826,0.9149595054497544,0.7928802240612333,0.6692050079400881
5.747183979974968,0.9422854051784744,1.1253985766383703,1.4459374941930467,0.8106556385053754,0.7684761257067295,0.8976789575323642,0.9190550044868702,0.8533057588826323,0.6570041742855771,1.062096267359512,0.8540093113023505,0.9149987861918121,0.7924612220461204,0.668930827268943
5.7571964956195245,0.9419737770462826,1.1257761496300007,1.4469637932884403,0.8110042453373321,0.7688239135369662,0.8972889651342881,0.9183594992760574,0.8525596955742196,0.6563670187700815,1.0624574994134295,0.8535301505298069,0.9150360812578299,0.7920318749436979,0.6686482765845579
5.767209011264081,0.9416438675511706,1.1261539671410328,1.448000489315717,0.8113632210338977,0.7691820515657882,0.896886397049718,0.9176434174481357,0.8517822489340556,0.6557045757582509,1.062814178995455,0.8530358738954953,0.9150713830438288,0.7915925632004617,0.6683575929442279
5.777221526908636,0.9412959683590703,1.1265314342907267,1.4490464202332234,0.8117321858032301,0.7695501613116781,0.8964715930925169,0.9169073549108773,0.8509740922664203,0.6550175083134256,1.0631658686499146,0.8525268695574553,0.9151046855733711,0.7911436772508289,0.6680590209566761
5.787234042553192,0.9409303492804403,1.1269079595909826,1.4501004235098118,0.8121107499089212,0.7699278543502422,0.8960449059288141,0.9161519293117757,0.8501359386236017,0.6543056052412414,1.063512137240161,0.852003542451536,0.9151359846660412,0.790685617533935,0.6677528126234795
5.797246558197747,0.9405472581352156,1.1272829553077541,1.451161337551401,0.812498514309649,0.7703147329501995,0.8956067007859747,0.9153777795597691,0.8492685413480043,0.6535714101132295,1.0638539378441314,0.8514663138097587,0.9151652776054067,0.7902187939828843,0.6674392274342272
5.807259073842303,0.9401469211265068,1.1276558391827847,1.4522280033000676,0.812895071173803,0.7707103905848213,0.8951573552941813,0.9145855655764935,0.8483726930450276,0.6528147097587769,1.0641881240551607,0.850915621451451,0.9151925631709544,0.7897436263296375,0.6671185319477485
5.817271589486858,0.9397295435885777,1.1280260357929386,1.453299265552471,0.8133000042571811,0.7711144123069397,0.8946972594751551,0.9137759682953918,0.8474492249922873,0.6520362522371872,1.0645156401215705,0.8503519192971143,0.9152178413400824,0.7892605430152919,0.666791000316145
5.827284105131414,0.9392953106914659,1.128392977863566,1.4543739744590332,0.8137128895131158,0.7715263753560492,0.8942268154578837,0.9129496891965405,0.8464990065852921,0.6512368050025058,1.0648361097331034,0.8497756777057084,0.9152411133617826,0.7887699817971253,0.6664569136238596
5.8372966207759704,0.9388443884744517,1.1287561074851635,1.4554509868099188,0.8141332955554286,0.7719458496187673,0.8937464373491552,0.9121074501046134,0.8455229447261221,0.6504171543390912,1.065149099728384,0.849187383139065,0.9152623815591616,0.7882723890614635,0.66611656007651
5.847309136420526,0.938376924752074,1.1291148771994581,1.4565291674109404,0.8145607841966063,0.7723723981645406,0.8932565510053031,0.911249992818151,0.8445219825356683,0.6495781046375055,1.0654542561863296,0.8485875380413729,0.9152816492431062,0.7877682206265043,0.6657702348318798
5.857321652065082,0.937893050779411,1.129468751622074,1.457718179595078,0.8149949109735001,0.7728055777691052,0.8927575938029689,0.9103780787362509,0.843497099097497,0.6487204775700586,1.0657512132887474,0.8479766606518512,0.915298920610062,0.7872579374863127,0.6654182398862926
5.867334167709637,0.9373928826636572,1.1298172085966751,1.4587910857308928,0.8154352255450001,0.7732449393103836,0.8922500145410258,0.9094924887121832,0.8424493080031786,0.6478441593149882,1.066039617253451,0.8473552849698209,0.915314200642527,0.7867420115007112,0.6650608840581816
5.877346683354193,0.9368765225691366,1.1301597397526437,1.4598618445578306,0.8158812723363029,0.7736900284106358,0.8917342730416431,0.9085940223868554,0.8413796563213762,0.6469518525618615,1.0663191271077017,0.8467239603462905,0.9153274950093587,0.7862209210941692,0.6646984827646576
5.887359198998748,0.936344059708816,1.1304958513760637,1.4609293716551657,0.8163325914095466,0.7741403863046844,0.8912108394665835,0.9076834970345232,0.8402892226145511,0.6460436482891735,1.0665894153359607,0.8460832507211437,0.915338809956812,0.7856951514860862,0.6643313576052661
5.897371714643304,0.9357955747673077,1.1308250676719667,1.4619925959225353,0.8167887182782527,0.7745955496543993,0.8906801948359757,0.9067617484699934,0.839179118774338,0.6451203114236252,1.0668501673582487,0.8454337352420286,0.9153481521928836,0.7851651950934072,0.6639598368652538
5.90738423028786,0.9352311387245441,1.1311469286322826,1.4630504615582256,0.8172491848528218,0.7750550514919646,0.8901428302185366,0.9058296296783217,0.8380504846277266,0.6441830035538225,1.0671010837191741,0.8447760076923674,0.9153555290779554,0.784631550873998,0.6635842546133239
5.9173967459324155,0.9346508163602644,1.1314609929693509,1.464101928885723,0.8177135200706247,0.7755184218486126,0.8895992462594705,0.9048880100144355,0.8369044892048907,0.643232024911732,1.0673418792903873,0.8441106752401106,0.9153609479502632,0.7840947234732683,0.663204951247214
5.927409261576972,0.9340546683084917,1.1317668389767834,1.4651459753234692,0.8181812503089398,0.77598518816682,0.8890499529372309,0.9039377748022567,0.8357423289750607,0.6422686541698651,1.0675722838604567,0.843438358813052,0.9153644165781621,0.7835552232675246,0.6628222726810427
5.937421777221527,0.9334427521611869,1.1320640635947457,1.4661815959327795,0.8186518997378597,0.7764548756527319,0.8884954693683875,0.9029798250102736,0.834565225209973,0.6412938275173851,1.067792043179366,0.8427596929392736,0.9153659431745265,0.7830135660823753,0.6624365702035737
5.947434292866083,0.9328151256440387,1.1323522852709138,1.4672078048156214,0.8191249910073506,0.7769270079621989,0.8879363231947175,0.9020150762046155,0.8333744231641474,0.6403074496805149,1.068000918651448,0.8420753242595933,0.9153655356524418,0.7824702723209387,0.6620482009961168
5.957446808510638,0.9321718534805044,1.1326311445766004,1.4682236361489034,0.8196000464144914,0.7774011083661755,0.887373049369399,0.9010444564784982,0.832171191970611,0.6393126228405418,1.0681987044457455,0.8413859108846374,0.9153632022368858,0.7819258661781343,0.6616575264305506
5.967459324155194,0.9315130106672295,1.1329003029464735,1.4692281440032253,0.8200765868259152,0.7778766986759783,0.8868061915752078,0.9000689088770257,0.8309568185246949,0.6383092086278188,1.068385156064404,0.84069212371255,0.9153589512301366,0.7813808765465219,0.6612649135299349
5.97747183979975,0.9308386678527367,1.1331594451756248,1.4702204037045123,0.8205541336068332,0.7783533011691548,0.8862363000574051,0.8990893876863641,0.8297326113319017,0.6372984172313075,1.0685601046324027,0.8399946438430772,0.9153527908768002,0.7808358351929398,0.6608707335080563
5.987484355444305,0.9301489038143426,1.1334082805705612,1.4711995123838086,0.8210322082459786,0.7788304382160339,0.8856639321582597,0.8981068593400984,0.8284998949909373,0.6362808073358961,1.0687233766709565,0.8392941631992794,0.9153447293560536,0.7802912772461467,0.6604753622144242
5.997496871088861,0.9294438049519772,1.1336465388635537,1.4721645902949767,0.821510334176037,0.779307634097508,0.8850896502016553,0.8971222987914743,0.8272600093202863,0.6352575029504695,1.068874831969084,0.8385913819613329,0.9153347748623148,0.779747738915006,0.660079178628061
6.007509386733417,0.9287234712747481,1.1338739757671197,1.4731147806756535,0.8219880360874466,0.779784414321232,0.8845140223429522,0.896136690942001,0.8260143080411672,0.6342295522521328,1.0690142898949855,0.8378870096358262,0.9153229354674745,0.7792057585878033,0.6596825656351548
6.017521902377973,0.9279880174547012,1.134090371714373,1.4740492502874087,0.8224648403453866,0.780260306038866,0.8839376220811781,0.8951510297970192,0.8247641557912706,0.6331979577807951,1.0691416479183837,0.8371817644548699,0.9153092192853333,0.7786658760577186,0.6592859096022109
6.027534418022529,0.9272375751485803,1.134295531479087,1.474967189362961,0.8229402753458293,0.7807348384025695,0.8833610278173988,0.8941663176823634,0.8235109276784236,0.6321637276735075,1.0692568158696047,0.8364763725086615,0.9152936340674986,0.7781286326762167,0.6588896004475409
6.037546933667084,0.9264722925224304,1.1344892835321123,1.4758678140199655,0.8234138735687404,0.781207544615515,0.8827848203184655,0.8931835608644315,0.8222560056676099,0.6311268053295626,1.0693596892501243,0.835771564774012,0.915276187760242,0.7775945681397156,0.6584940295037257
6.04755944931164,0.9256923397873794,1.1346714827762128,1.476750364808343,0.8238851704696414,0.7816779608268407,0.8822095839797677,0.8922037716857119,0.8210007791391767,0.6300904295453147,1.069450218981717,0.8350680784480639,0.9152568881795888,0.7770642222235886,0.6580995907122602
6.057571964956195,0.9248979105806585,1.1348420077920902,1.4776141075274014,0.8243537052367421,0.7821456268886416,0.8816359058078962,0.8912279667785521,0.8197466402405562,0.6290544524585372,1.0695283171974161,0.834366655635805,0.9152357431159365,0.7765381337024093,0.6577066799043405
6.067584480600751,0.9240892168039986,1.1350007630295154,1.478458334274718,0.8248190216468864,0.7826100872116614,0.8810643742462834,0.8902571650066031,0.8184949825946516,0.6280198903589893,1.0695939581709026,0.8336680418066872,0.9152127603656973,0.776016839256049,0.6573156940318243
6.0775969962453065,0.9232665027211681,1.135147676998116,1.4792823622895996,0.8252806679241321,0.7830708906254947,0.8804955791942086,0.8892923874463128,0.8172472008471726,0.6269877604992465,1.0696471193297368,0.8329729857078086,0.9151879477775741,0.7755008735040206,0.6569270312135818
6.0876095118898625,0.9224300372725383,1.135282702039475,1.4800855353063151,0.8257381978266879,0.7835275914649197,0.8799301104913928,0.8883346547341999,0.8160046872153813,0.6259590789431448,1.0696877944602499,0.8322822373815486,0.9151613132932728,0.7749907676076253,0.6565410897270946
6.097622027534419,0.9215801244493043,1.135405815813274,1.4808672235389106,0.8261911705382687,0.783979749462851,0.8793685578453219,0.887384986879903,0.8147688293376371,0.6249348589598129,1.06971599346019,0.8315965478832887,0.9151328649508058,0.7744870492002148,0.6561582680567923
6.107634543178974,0.9207170842532375,1.135517019511101,1.4814086574804797,0.8266391510506543,0.7844269301336093,0.878811510133248,0.8864444019966011,0.8135410097678328,0.6239161113386661,1.0697317419766506,0.830916668421309,0.9151026110809585,0.7739902417957332,0.6557789642789682
6.11764705882353,0.9198412822346737,1.135616337968289,1.482168054132896,0.8270817109535791,0.7848687055628061,0.8782595541710498,0.8855139141243912,0.8123226018727195,0.6229038419788389,1.0697350814574162,0.8302433488737936,0.9150705604748538,0.7735008638427331,0.6554035750608592
6.127659574468085,0.9189531141346574,1.1357038190435718,1.4824109431575603,0.8275184282739588,0.7853046542482632,0.8777132746405614,0.8845945330188708,0.8111149712861498,0.6218977340283343,1.0697248717281616,0.8295773368229306,0.9150367219052262,0.7730194282460792,0.655032496405308
6.137672090112641,0.9180530091913983,1.135779532614949,1.4831267128242382,0.8279488884356002,0.7857343620594253,0.8771732525986069,0.8836872615207544,0.8099194693128279,0.6209012694890541,1.069703609311947,0.8289193763461784,0.9150011048207156,0.7725464414703296,0.6546661217849734
6.147684605757196,0.9171414332490436,1.135843570684174,1.4838377716204962,0.8283726841125779,0.786157422092395,0.8766400653457739,0.8827930952318118,0.8087374348138182,0.619914541824529,1.0696701532001787,0.8282702073361388,0.9149637191627681,0.7720824032654896,0.6543048424415867
6.157697121401752,0.9162188889419016,1.1358960463108994,1.4845126021566264,0.8287894157589931,0.7865734352001373,0.8761142854315288,0.8819130207198819,0.8075701907263869,0.6189382445333153,1.0696245886084905,0.8276305641682958,0.914924575496186,0.7716278058366692,0.6539490466401471
6.1677096370463085,0.9152859166872599,1.135937092906173,1.485161119996345,0.8291986919062468,0.7869820102905987,0.8755964799312439,0.8810480141803723,0.8064190423393481,0.617973348082148,1.0695670159255648,0.8270011746392115,0.9148836851074887,0.7711831332336243,0.6535991191676921
6.177722152690864,0.9143430954761371,1.1359668635022373,1.4857827754599866,0.8296001295103166,0.7873827646747225,0.8750872096433301,0.8801990399581487,0.8052852754297538,0.6170208123700509,1.0694976411837727,0.8263827588029283,0.9148410601056404,0.7707488606737719,0.6532554407734878
6.18773466833542,0.9133910439010825,1.1359855297051453,1.48637706027702,0.8299933540357337,0.7877753241515931,0.8745870286054445,0.8793670496103975,0.8041701552005456,0.616081586264821,1.0694165763308814,0.8257760281183101,0.9147967134414435,0.770325454169632,0.6529183879201271
6.197747183979975,0.9124304200222666,1.1359932812550642,1.4869435080433975,0.8303780001433039,0.7881593236962778,0.8740964828301697,0.878552979633944,0.8030749229335923,0.6151566054017124,1.0693239518266302,0.8251816841052336,0.9147506594377287,0.7699133694103355,0.6525883314174977
6.207759699624531,0.9114619220937658,1.135990323687996,1.4874816927618657,0.8307537114780562,0.7885344072493893,0.8736161101722119,0.8777577511228496,0.8020007956400554,0.6142475645646084,1.0692199207612736,0.8246004172123088,0.9147029130528669,0.7695130517752772,0.6522656372769676
6.217772215269086,0.910486290679392,1.135976881374846,1.4879912293700877,0.8311201411986658,0.7889002282468383,0.8731464392428713,0.8769822677955432,0.800948965193506,0.613353056296882,1.0691046974204008,0.8240329060841812,0.9146534908376578,0.7691249353605079,0.6519506649771263
6.227784730913642,0.9095043039505536,1.1359531890468817,1.4884717730897778,0.8314769523907158,0.7892564500336089,0.8726879884596784,0.8762274142566908,0.7999205926526268,0.612476288854277,1.0689784608037167,0.8234798158156168,0.9146024106210316,0.7687494422305174,0.6516437672715781
6.237797246558198,0.9085167802696925,1.1359194976308773,1.4889230183316289,0.8318238178393171,0.7896027456379066,0.8722412659118465,0.87549405564536,0.7989168116601488,0.611617367317767,1.0688413957800689,0.8229417976107265,0.9145496916409986,0.7683869823533097,0.6513452900507841
6.2478097622027535,0.9075245875742244,1.1358760705838427,1.4893446987194123,0.8321604206135085,0.7899387983557165,0.8718067681794812,0.8747830354997845,0.7979387235047253,0.6107771506555522,1.068693747399309,0.8224194875120444,0.9144953549916115,0.7680379527288417,0.6510555710868886
6.25782227784731,0.9065286232394433,1.1358231820390938,1.4897365853571334,0.8324864540733019,0.7902643017589175,0.8713849798902478,0.8740951748869894,0.796987397587772,0.6099543278354624,1.0685357257656147,0.8219135049524309,0.9144394230592247,0.7677027368665434,0.6507749405285784
6.267834793491865,0.9055298296297292,1.1357611166421022,1.4900984864860392,0.8328016221855881,0.7905789600117227,0.8709763728766415,0.8734312708447857,0.7960638686957715,0.6091542058806189,1.0683675648939936,0.821424452188001,0.914381920223261,0.7673817043249924,0.6505037195515847
6.277847309136421,0.9045291846890966,1.1356901679514608,1.490413706598437,0.8331056396743328,0.7908824880216314,0.8705814055464904,0.872792095193985,0.7951691358134655,0.6083752362773499,1.0681884254363705,0.8209529134014042,0.9143228730269422,0.767075210207391,0.6502422198249
6.287859824780976,0.9035277092141737,1.1356106374492734,1.4907219544705927,0.833398232144047,0.7911746115636704,0.8702005222903343,0.8721783934226707,0.794304161932291,0.607618203000815,1.0680007747406928,0.8204994530616991,0.9142623095415598,0.7667835946173753,0.6499907439473269
6.297872340425532,0.9025264600544832,1.1355228329283302,1.4910091140339936,0.8336791362990879,0.791455067500266,0.8698341527676328,0.8715908833588293,0.7934698717596032,0.6068838686947362,1.0678037403719494,0.8200646156314544,0.9142002602002035,0.7665071822343472,0.6497495840420104
6.307884856070088,0.901526530533089,1.1354270676402762,1.4914200245225084,0.8339481000803572,0.7917236039186059,0.8694827113050867,0.8710302540439265,0.7926671501705546,0.6061729736314309,1.0675975910819486,0.8196489245818208,0.9141367577817638,0.76624628191332,0.6495190214245359
6.317897371714643,0.9005290495224337,1.1353236589156754,1.4916822179873237,0.8342048827769857,0.7919799802429921,0.869146596334473,0.870497164686902,0.7918968420789011,0.6054862353148968,1.067382585519892,0.8192528812317629,0.9140718371526646,0.7660011862851599,0.649299326573155
6.3279098873591995,0.8995351799857424,1.1352129267552946,1.4918549532207326,0.834449255225826,0.7922239674348187,0.8688261897239559,0.8699922434258915,0.7911597518836175,0.6048243479532456,1.0671590396135826,0.8188769637981171,0.914005535503418,0.7657721709704184,0.6490907585508332
6.337922403003755,0.8985461087489433,1.1350951924158013,1.4919986087979364,0.8346809998291428,0.7924553480109887,0.8685218563572095,0.869516086542953,0.7904566402365035,0.6041879816959392,1.066927227320904,0.818521627158703,0.9139378926140383,0.7655594948278424,0.6488935643019147
6.347934918648311,0.8975630182226442,1.1349707790706065,1.4921131453936938,0.8348999108068015,0.7926739162964304,0.8682339434166308,0.869069257169034,0.7897882245187797,0.6035777806970789,1.0666874439062548,0.8181873015634918,0.9138689507556949,0.7653633991270697,0.6487079784073625
6.357947434292866,0.8965871491684491,1.1348400073594167,1.4921985409160283,0.8351057941339974,0.7928794783625971,0.8679627800922469,0.8686522847228063,0.7891551801330753,0.6029943654700204,1.066439989685694,0.817874392177808,0.9137987547476563,0.7651841074401183,0.6485342228444837
6.367959949937422,0.8956197744747065,1.134703196904623,1.4922547920732447,0.8352984678086713,0.7930718522951012,0.8677086768717248,0.8682656636557543,0.7885581358560353,0.602438329495579,1.0661851702570564,0.817583278175669,0.9137273520529273,0.7650218251662735,0.648372506402199
6.377972465581978,0.8946621921711246,1.134560664229503,1.4922819126559463,0.835477761808393,0.7932508681512527,0.8674719252546882,0.8679098529220406,0.7879976761833061,0.6019102400291364,1.0659232951575093,0.8173143122890957,0.9136547928113569,0.7648767393880378,0.6482230244668742
6.387984981226533,0.8937157225583615,1.1344127217856468,1.4922799337899897,0.8356435182242784,0.7934163680943299,0.8672527972511177,0.8675852750997188,0.7874743388656757,0.6014106370749313,1.0656536787437823,0.8170678201244232,0.9135811298711716,0.7647490185503029,0.6480859586449018
6.397997496871089,0.8927817062687545,1.1342596767394382,1.4922489034007356,0.8357955913745361,0.7935682065074523,0.8670515449246543,0.8672923155956367,0.7869886157440685,0.6009400331840749,1.0653786954006488,0.8168440995434694,0.9135064188180816,0.7646388121738269,0.6479614764180149
6.4080100125156445,0.8918615014890666,1.1341018301457808,1.4921888857195942,0.8359338477722646,0.7937062499618985,0.8668684001482054,0.8670313222266585,0.7865409517842307,0.6004989128208642,1.065097603673957,0.8166434203217056,0.9134307179887875,0.7645462507600048,0.647849730944259
6.418022528160201,0.8909564814867592,1.1339394761705042,1.4920999613034915,0.8360581662787359,0.7938303773705824,0.8667035741348781,0.8668026044278693,0.7861317449261039,0.600087731691281,1.0648107251516008,0.8164660235361972,0.9133540884851681,0.7644714454768279,0.6477508607108674
6.428035043804756,0.8900680316217638,1.133772900773271,1.491982226488754,0.8361684381101154,0.7939404799951523,0.8665572571844208,0.866606432845298,0.7857613461099119,0.5997069166605323,1.0645183830958276,0.8163121212843455,0.9132765941986608,0.7644144880905879,0.6476649892884047
6.438047559449312,0.8891975461527799,1.133602381197073,1.491835793519783,0.8362645669042231,0.7940364615129925,0.8664296183728664,0.8664430388568243,0.7854300582692356,0.5993568648346727,1.0642209021425657,0.8161818960978355,0.9131983015880124,0.7643754507575776,0.6475922253367531
6.448060075093868,0.8883427949024031,1.133424667331993,1.4916607897845529,0.8363464687308101,0.7941182380277937,0.8663208053404535,0.866312614208472,0.7851381378958079,0.5990379436445129,1.063918607355095,0.8160755011724956,0.9131192801963417,0.7643543860233483,0.6475326618479172
6.458072590738423,0.8874998824319881,1.1332348829917172,1.4914573581232369,0.8364140720968978,0.7941857380751473,0.8662309441105256,0.8662153109260272,0.7848857932880704,0.5987504900314969,1.0636118242730863,0.815993059551527,0.9130396018021222,0.7643513266398123,0.6474863768145763
6.468085106382979,0.8866791819656697,1.1330419657273045,1.4912256570989022,0.8364673182118418,0.7942389028874333,0.8661601385878194,0.866151240316128,0.7846731855305169,0.5984948100898709,1.063300878471098,0.8159346641862716,0.9129593413656314,0.7643662852219906,0.6474534319739749
6.478097622027534,0.8858820987672804,1.1328461577179603,1.4909658598392743,0.8365061605049073,0.7942776859123163,0.8661084710760385,0.8661204740728691,0.7845004286081296,0.5982711782398917,1.0629860943703642,0.8159003777894037,0.9128785756383928,0.7643992554187786,0.6474338743697883
6.48811013767209,0.8851100284786785,1.1326476869688424,1.4906781551162733,0.8365305654848456,0.7943020536711577,0.8660760010367148,0.8661230423423238,0.7843675898909327,0.5980798375208521,1.0626668408878122,0.815890232004615,0.9127973843720256,0.7644502092486009,0.647427734420771
6.498122653316646,0.8843643567158929,1.1324467708698553,1.4903627466354312,0.8365405116539244,0.7943119846748091,0.8660627664620992,0.866158936012927,0.7842746899537525,0.5979209984709442,1.0623454162133965,0.8159042296998322,0.9127158499447083,0.7645191008914939,0.6474350266628751
6.508135168961202,0.883646451853896,1.1322436107321494,1.490019852894677,0.8365359904195709,0.7943074703339295,0.8660687826172964,0.8662281048486099,0.7842217042045005,0.597794840841158,1.0620211155145083,0.815942342507401,0.9126340569044942,0.7646058636341062,0.6474557497494183
6.518147684605758,0.8829576636777813,1.1320383973952386,1.4896497082885467,0.8365170057507237,0.7942885146158951,0.8660940424789794,0.8663304583165083,0.7842085618375868,0.5977015094620373,1.0616942565636118,0.8160045114081521,0.9125520916247688,0.7647104109605299,0.6474898869253836
6.528160200250313,0.8822993170491661,1.1318313053122897,1.489252562236377,0.8364835740796,0.7942551339466929,0.8661385168744908,0.8664658660114963,0.784235146023735,0.5976411181288681,1.0613651555998882,0.8160906486394973,0.9124700435217187,0.7648326374955325,0.6475374043561747
6.538172715894869,0.8816727114750926,1.1316224989896178,1.4888286798061876,0.8364357246410602,0.7942073575497282,0.8662021540654639,0.8666341571214663,0.7843012984547405,0.597613744580969,1.061034110851335,0.8162006338955771,0.9123880023490744,0.7649724164003744,0.6475982544836042
6.548185231539424,0.8810791137594065,1.131412126474365,1.4883783416616816,0.8363734989094268,0.7941452268834015,0.8662848805586878,0.8668351219848427,0.7844068151776333,0.5976194350924813,1.060701457961576,0.8163343205230172,0.9123060616779137,0.7651296040692741,0.647672371337872
6.55819774718398,0.8805197540527315,1.1312003225692273,1.4879018448846544,0.8362969513208312,0.794068796362226,0.8663866002336533,0.8670685108196327,0.7845514485985905,0.597658200911192,1.0603674902981275,0.816491530127827,0.9122243156445463,0.7653040357166975,0.64775967457213
6.5682102628285355,0.8799958244435938,1.1309872090784174,1.4873995020796746,0.8362061484733294,0.7939781325579928,0.866507195520232,0.8673340359266941,0.7847349109322236,0.5977300195521784,1.0600325096661196,0.8166720562989891,0.9121428602121153,0.7654955283040694,0.6478600681350161
6.578222778473092,0.8795084732525287,1.130772895734217,1.4868716429472988,0.8361011697143491,0.793873314786108,0.8666465267577175,0.8676313708126696,0.7849568726996694,0.5978348328010429,1.059696813600673,0.8168756635996473,0.912061792771065,0.7657038796517595,0.6479734402570342
6.588235294117648,0.8790588004389365,1.1305574775913991,1.4863186135755393,0.8359821066367876,0.793754434602212,0.8668044330289819,0.8679601518484547,0.7852169634162584,0.5979725492920925,1.05935977333008,0.8171020887122679,0.9119812118518357,0.7659288692570873,0.6480996641459976
6.598247809762203,0.8786478549192249,1.1303410381794081,1.4857407772758038,0.8358490633937085,0.7936215961161021,0.8669807319320185,0.8683199781074806,0.7855147741848393,0.5981430420817211,1.0590235981105665,0.8173510407173538,0.911901217353464,0.7661702581021133,0.6482385974137344
6.608260325406759,0.8782766298189028,1.1301236485372765,1.4851385149339906,0.8357021565334127,0.7934749158267235,0.8671752200122,0.8687104123418645,0.7858498572990482,0.5983461495515299,1.0586875698565983,0.8176222012235966,0.9118219096457028,0.766427789255636,0.6483900831773334
6.618272841051314,0.8779460593082812,1.1299053675727453,1.4845122248180884,0.8355415149753594,0.7933145225977591,0.8673876730305493,0.869130981685119,0.7862217291735276,0.598581675724734,1.058351968538191,0.8179152255344824,0.9117433901671365,0.766701187796076,0.6485539494503128
6.62828535669587,0.8776570146116786,1.1296862450396283,1.4838623242861093,0.8353672797318462,0.7931405573793199,0.8676178465899984,0.8695811789698448,0.7866298675009461,0.5988493881808072,1.0580170698018638,0.8182297430759643,0.9116657604950509,0.7669901617261078,0.6487300103601678
6.638297872340425,0.8774103007058164,1.1294663187660743,1.4831892485751903,0.8351796041678475,0.792953173466932,0.8678654760709281,0.8700604628629078,0.7870737171075883,0.5991490209423387,1.0576831440056198,0.8185653580039771,0.9115891226771672,0.7672944018425507,0.6489180655619152
6.648310387984981,0.877206652677156,1.1292456175107217,1.4824934522833544,0.8349786537617341,0.7927525362621329,0.8681302772470872,0.8705682591850952,0.7875526879749354,0.5994827335265873,1.057350456714575,0.8189216502934384,0.9115135791176836,0.7676135822644021,0.649117900580802
6.6583229036295375,0.8770467330232427,1.1290241609801006,1.4817754092156563,0.8347646060696928,0.7925388232364061,0.8684119466508786,0.8711039617641294,0.7880661581105344,0.5998454937088649,1.0570192683229882,0.8192981756599588,0.9114392315592228,0.7679473608743151,0.6493292880318738
6.668335419274093,0.8769311281113952,1.1288019609825746,1.4810356132435702,0.8345376504867571,0.7923122236920089,0.868710162223721,0.8716669338221977,0.7886134727121071,0.6002391908327437,1.0566898346558133,0.8196944674401068,0.9113661817308144,0.7682953798525887,0.6495519870946286
6.678347934918649,0.8768603456510584,1.1285790214781632,1.4802745782368387,0.8342979886141252,0.792072939128098,0.869024583186107,0.8722565079903815,0.7891939482140239,0.6006634228864088,1.0563624060062768,0.8201100362673196,0.9112945307295579,0.7686572655901522,0.649785743952475
6.688360450563204,0.8768348127921308,1.1283553412710152,1.4794928389101352,0.8340458336310774,0.791821182612963,0.869354851231153,0.8728719885974696,0.7898068713725177,0.6011177535474284,1.0560372277911307,0.8205443718799197,0.9112243788735382,0.7690326297798681,0.6500302925418544
6.69837296620776,0.8768548729883774,1.128130912000734,1.47869095040708,0.8337814101551798,0.7915571786437602,0.8697005910870148,0.8735126528723886,0.7904515007929882,0.6016017148873594,1.0557135300608511,0.8209969440579598,0.9111558254824328,0.769421069929926,0.6502853549786664
6.708385481852315,0.8769207837704183,1.127905722164682,1.4778694901588143,0.8335049547011367,0.791281163603889,0.8700614103100491,0.8741777508251493,0.7911270672489384,0.6021148046411686,1.0553936552133205,0.821467202606374,0.9110889686781518,0.769822169159643,0.6505506414602494
6.718397997496871,0.8770327166623034,1.1276797561931378,1.4770290564288036,0.8332167150868418,0.7909933851691981,0.8704369004670074,0.8748665074979882,0.7918327784436737,0.6026564893618004,1.0550767315925456,0.8219545790495489,0.9110239051384723,0.7702354972851748,0.6508258511247111
6.728410513141427,0.8771907540519595,1.1274529956435069,1.4761702697526597,0.8329169504086161,0.7906941022824366,0.8708266375801736,0.8755781239590184,0.7925678165270601,0.6032262041465042,1.0547629867156445,0.8224584872875024,0.9109607297074445,0.7706606112835598,0.6511106725769654
6.7384230287859825,0.8773948891337453,1.1272254210850352,1.4752937729997673,0.8326059308957672,0.7903835850071771,0.8712301827378729,0.8763117785504215,0.7933313409686076,0.6038233529506147,1.0544526434660333,0.8229783251902529,0.9108995358979297,0.7710970556535318,0.6514047835654158
6.748435544430539,0.8776450251099862,1.1269970130488955,1.4744002317250484,0.8322839378029739,0.7900621144194614,0.871647082661832,0.8770666279633331,0.7941224892095967,0.6044475767378235,1.054145920518916,0.8235134743263367,0.9108404145158926,0.7715443629848054,0.6517078528073207
6.758448060075094,0.8779409737784057,1.1267677511768186,1.4734903337595615,0.8319512631920841,0.7897299823889998,0.872076870422108,0.8778418089218448,0.7949403790942616,0.6050977011992013,1.053843032227058,0.8240633022815131,0.9107834542192966,0.7720020550588814,0.6520195393370904
6.76846057571965,0.8782824564311065,1.126537616967773,1.4725647899752823,0.8316082096840076,0.7893874913304773,0.8725190661920084,0.8786364393801922,0.7957841084613934,0.6057732963250219,1.0535441893377264,0.824627163111645,0.9107287412696692,0.7724696426301205,0.6523394935131879
6.778473091364205,0.8786691039651853,1.1263065956784866,1.471624334589785,0.8312550903234702,0.789034954067498,0.8729731778573607,0.8794496198073116,0.7966527565492815,0.6064750793352013,1.053249598721719,0.8252043984855175,0.9106763590684682,0.7729466268614196,0.6526673574958369
6.788485607008761,0.8791004569241063,1.1260746749935766,1.4706697247331988,0.8308922285229188,0.7886726937755113,0.873438701524195,0.8802804342768137,0.7975453863770989,0.6071995918276523,1.0529594636775432,0.8257943387836665,0.9106263883839324,0.7734324992726075,0.653002765236967
6.798498122653317,0.8795759668072252,1.1258418474111755,1.4696629938229575,0.8305199576508843,0.7883010435697437,0.8739151224807518,0.8811279521978935,0.7984610450735031,0.6079473761402482,1.052673984108834,0.8263963034974101,0.9105789062586176,0.7739267424806621,0.6533453442891277
6.808510638297872,0.8800949972779288,1.1256081110493878,1.468679245584065,0.8301386208675388,0.7879203463398885,0.8744019158360423,0.8819912295364911,0.7993987654040217,0.6087176465593152,1.0523933566396777,0.8270096036882665,0.910533987138044,0.7744288313454768,0.6536947145911166
6.8185231539424285,0.8806568255293882,1.1253734702931069,1.4676835999432716,0.8297485709081935,0.7875309545327821,0.8748985472193692,0.882869310128406,0.8003575666011916,0.6095095944866916,1.0521177750189707,0.8276335417100916,0.9104917015277195,0.7749382331291864,0.6540504904645538
6.828535669586984,0.8812606440030655,1.1251379369780314,1.4666769079538235,0.8293501698294546,0.7871332298977719,0.875404473519682,0.8837612270258594,0.8013364551336251,0.6103223894332809,1.0518474303201388,0.8282674129952775,0.9104521165845452,0.775454408172467,0.6544122802681374
6.83854818523154,0.8819055629255704,1.1249015310163035,1.4656600437269522,0.8289437887043503,0.786727543181117,0.8759191436796276,0.8846660039755512,0.8023344269998345,0.6111551805261203,1.051582449467847,0.8289105066160181,0.9104152951760246,0.7759768109957922,0.6547796877592489
6.848560700876095,0.8825906122928205,1.1246642816236219,1.4646339045877175,0.8285298074376566,0.7863142739403471,0.8764419993258289,0.8855826564995749,0.8033504674975586,0.6120070973542903,1.051323085227554,0.8295621067803122,0.9103812966003874,0.7765048904096924,0.6551523116900667
6.858573216520651,0.8833147451106823,1.124426227944404,1.4635994103044123,0.8281086143723076,0.7858938101500397,0.8769724756508276,0.8865101934813012,0.804383553470374,0.612877251579626,1.0510695215848251,0.8302214936464873,0.9103501759205724,0.777038090541401,0.65552974697329
6.868585732165207,0.8840768401972247,1.124187419778302,1.4625575026288127,0.8276806060738974,0.7854665479853711,0.8775100020548944,0.887447618289765,0.8054326544901743,0.6137647381754621,1.0508203150397457,0.8308879442949618,0.9103219839396839,0.7775758513802682,0.6559115850327112
6.878598247809762,0.8848757031213147,1.1239479162752462,1.4615091456641442,0.8272461870420377,0.7850328915326098,0.8780540028651143,0.8883939300211575,0.8064967294386718,0.6146698290013569,1.0505789543038395,0.8315607336928692,0.9102967670823148,0.7781176094247935,0.6562974143173618
6.888610763454318,0.8857100747521827,1.1237077926885572,1.460455323713331,0.8268057689981478,0.7845932520767928,0.8786038985655621,0.8893481255944464,0.8075747356188847,0.6155893049543463,1.0503439207958785,0.8322391362581166,0.9102745672716628,0.7786627988278925,0.6566868211799123
6.8986232790988735,0.8865786289570343,1.1234671325280947,1.459397041874285,0.8263597714033188,0.7841480486172828,0.8791591054710238,0.8903091991828223,0.8086656228160041,0.6165233181582214,1.0501153912829782,0.8329224255196049,0.910255421833722,0.7792108510666251,0.6570793896635695
6.90863579474343,0.8874799813142011,1.1232260343124705,1.458335324100214,0.8259086202119257,0.7836977066221792,0.8797190375859232,0.8912761453605361,0.809768339613421,0.6174709103685185,1.0498935396704714,0.8336098764231603,0.9102393633830317,0.7797611967009294,0.6574747028150247
6.918648310387985,0.888412689747686,1.1229846112077353,1.4572712138987074,0.8254527478107307,0.7832426579661362,0.8802831069570579,0.8922479596405809,0.8108818283819199,0.6184310905665278,1.0496785389399086,0.8343007657786485,0.9102264197732105,0.7803132656587615,0.6578723429266632
6.928660826032541,0.8893752590118846,1.1227429878975674,1.4562057722804451,0.8249925930457526,0.7827833409557602,0.8808507239023199,0.8932236388217313,0.8120050301416967,0.6194026604818067,1.0494705607171713,0.8349943724854256,0.9102166139741961,0.7808664873700111,0.658271891776902
6.938673341677097,0.8903661462071096,1.1225013048751562,1.4551400769285685,0.8245286003267831,0.7823201994343321,0.8814212983573685,0.8942021831858877,0.8131368849851595,0.6203851492281389,1.0492697746527309,0.8356899794367264,0.9102099641599659,0.7814202924235045,0.6586729313078653
6.948685857321652,0.8913837648849775,1.1222597160077334,1.4540752201583518,0.8240612191355876,0.7818536822895088,0.8819942406918083,0.8951825978146508,0.8142763337371641,0.621377300078635,1.049076348831025,0.8363868739710084,0.9102064833771119,0.7819741127040536,0.6590750447003457
6.958698372966208,0.8924264881218353,1.122018391273764,1.4530123098960108,0.8235909042954955,0.7813842437210197,0.8825689615685387,0.8961638922711272,0.8154223168392531,0.6223781143170601,1.04889044958614,0.8370843483833862,0.91020618004331,0.7825273817103287,0.6594778155160612
6.968710888610763,0.8934926536537934,1.1217775141447848,1.4519524664199908,0.8231181148468434,0.7809123421168157,0.883144873487948,0.8971450830480536,0.8165737756851378,0.6233876721491475,1.0487122421335877,0.8377817009612483,0.9102090573031755,0.7830795357366872,0.6598808296192691
6.9787234042553195,0.894580567621332,1.1215372823228886,1.4508968218184528,0.8226433138418325,0.7804384398469595,0.8837213911739916,0.8981251941794379,0.8177296527305807,0.6244028689734603,1.0485418904435275,0.8384782364792172,0.9102151128592755,0.7836300146735108,0.6602836754813148
6.988735919899875,0.8956885105828354,1.1212979100254612,1.4498465185856795,0.822166968268216,0.7799630031861334,0.884297931782065,0.899103257392161,0.8188888957491587,0.6254237207140028,1.0483795553824333,0.8391732672849621,0.910224340203392,0.7841782616901202,0.6606859430416793
6.998748435544431,0.8968147412424156,1.1210596256588476,1.4488027075970886,0.8216895477734154,0.7794865010388944,0.8848739165319869,0.900078314793705,0.8200504552590957,0.6264489367071556,1.048225396552735,0.8398661145022739,0.9102367276921863,0.7847237250798244,0.6610872258619833
7.008760951188987,0.8979574995548897,1.1208226714929361,1.4477665467745904,0.8212115249251248,0.7790094051985532,0.8854487704484275,0.9010494183074196,0.8212132858917559,0.6274779874907381,1.0480795712775355,0.8405561076591851,0.9102522584708558,0.7852658581345039,0.6614871210064117
7.018773466833542,0.8991150121717616,1.1205873033678204,1.4467392002569974,0.8207333751825148,0.7785321903172177,0.8860219224354785,0.9020156293633309,0.8223763477065488,0.6285096680393032,1.0479439616173962,0.8412425842620291,0.9102709107274486,0.7858041186964548,0.6618852290887918
7.028785982478098,0.9002854966589009,1.120353791512226,1.4457218351300676,0.8202555747033293,0.7780553317160341,0.8865928079138939,0.9029760236818554,0.8235386049277161,0.6295429748110581,1.0478153557985328,0.8419248937738578,0.9102926580416981,0.7863379723042218,0.6622811554179563
7.038798498122653,0.9014671688598811,1.1201224227739128,1.444715619858743,0.8197786007013617,0.7775793057409637,0.88716086835694,0.9039296899552225,0.8246990323599076,0.6305770204918155,1.047695553935212,0.8426023959371095,0.9103174688096528,0.7868668917195282,0.6626745105828592
7.048811013767209,0.9026582379043734,1.1198934902941071,1.4437217248704906,0.8193029327635079,0.7771045910762042,0.8877255496794487,0.9048757270073725,0.8258566058762801,0.6316115529883767,1.0475847053510674,0.8432744594823256,0.9103453072496365,0.7873903548478884,0.6630649082648211
7.0588235294117645,0.9038569231705,1.1196673057393234,1.442741316047263,0.8188290483998637,0.7766316643022827,0.8882863074525388,0.9058132524699518,0.8270103136478735,0.6326438076204796,1.0474829542889548,0.8439404677500207,0.910376132899433,0.7879078502349439,0.6634519695771071
7.068836045056321,0.9050614454175899,1.1194441874315315,1.441775558263147,0.8183574273883477,0.7761610042311655,0.8888426016428064,0.9067413938202933,0.8281591499556136,0.6336815586234448,1.047390442140393,0.8445998117781803,0.910409899932113,0.7884188712184789,0.6638353200168506
7.078848560700877,0.9062700421819423,1.1192244690741036,1.4408256082534037,0.817888546658556,0.7756930867997524,0.8893939025392594,0.9076592979497237,0.8293021196887905,0.6347041349813201,1.0473073058574323,0.8452518980767719,0.9104465588067344,0.7889229248987433,0.6642145922410515
7.088861076345432,0.9074809628365363,1.1190084917558851,1.439892616287911,0.8174228828034807,0.77522838757595,0.8899396876227559,0.908566125924734,0.8304382343900006,0.6357239557745527,1.0472336791947905,0.8458961445807016,0.9104860557028955,0.7894195239229725,0.6645894242863832
7.098873591989988,0.9086924785887381,1.11879660821154,1.4389777215535748,0.8169609100847102,0.7747673797675119,0.8904794437330675,0.9094610563075951,0.8315665190724497,0.6367397288566681,1.0471696898846254,0.8465319824621903,0.9105283323211981,0.78990819233273,0.6649594616500354
7.108886107634543,0.909902879751187,1.118589176798333,1.4380820524580593,0.8165031008744575,0.774310534662829,0.8910126663431669,0.910343283890612,0.8326860044123211,0.6377502492227043,1.0471154625491244,0.8471588554760445,0.9105733264040755,0.7903884635532283,0.6653243562917989
7.118898623279099,0.9111104855867438,1.1183865659575725,1.4372067223933043,0.8160499241672188,0.7738583201455332,0.8915388610669547,0.9112120218387806,0.8337957349096742,0.6387537900178283,1.0470711152455736,0.8477762214931066,0.9106209718633848,0.7908598824084396,0.6656837677188828
7.128911138923654,0.9123136433869822,1.1181891494737866,1.4363528286401446,0.8156018460630268,0.7734112011767045,0.8920575428428987,0.9120665004294337,0.8348947676283072,0.6397491898508041,1.0470367595938026,0.8483835513605015,0.9106711986433028,0.7913220043167457,0.6660373625577299
7.13892365456821,0.9135107324570317,1.1179973061337656,1.4355214502958857,0.8151593281446704,0.7729696381756683,0.8925682375423992,0.9129059692694641,0.8359821666871637,0.640736446064523,1.047012478503625,0.8489803304012592,0.910723933260832,0.7917743963608701,0.6663848155899963
7.1489361702127665,0.9147001681420717,1.1178114201156353,1.4347136459879313,0.8147228279366895,0.7725340874783118,0.8930704811410805,0.9137296959534429,0.83705701184404,0.6417128076153804,1.0469983119816073,0.8495660576841035,0.9107790989097502,0.7922166371582168,0.6667258088922162
7.158948685857322,0.9158804039578101,1.1176318777177747,1.4339304514098565,0.8142927976841199,0.7721050001189258,0.8935638208139859,0.9145369675846983,0.8381183937674157,0.6426782485023752,1.0469944208687907,0.8501402464462203,0.9108366152734158,0.7926483176304067,0.6670600332438735
7.168961201501878,0.9170499346008386,1.1174590689729926,1.4331728780256636,0.8138696839061204,0.7716828213854623,0.8940478151116743,0.9153270910189909,0.8391654152038414,0.6436318607657119,1.0470008889113778,0.8507024244301867,0.9108963990052757,0.7930690410599229,0.6673871878745737
7.178973717146433,0.9182072976780911,1.1172933821307458,1.4324419100083734,0.8134539273921017,0.7712679908164873,0.8945220336155131,0.9160993920621009,0.84019719299459,0.6445727487088327,1.0470177918527672,0.8512521334470022,0.9109583639753764,0.7934784231852426,0.6677069800362951
7.188986232790989,0.9193510770170693,1.1171352062633517,1.4317385030506942,0.8130459621166501,0.7708609411195062,0.8949860578139675,0.9168532168121729,0.8412128567172895,0.6455000268363884,1.0470451969844445,0.8517889299018953,0.9110224212699679,0.7938760928227524,0.6680191259526129
7.198998748435544,0.9204799044640681,1.1169849280390483,1.4310635819039366,0.8126462149741264,0.7704620979073543,0.8954394810239937,0.9175879313697004,0.8422115497268048,0.6464128215789685,1.0470844300773752,0.8523123845394152,0.9110884794260686,0.7942616918416039,0.6683233507048498
7.2090112640801,0.9215924620350496,1.116842931734799,1.430418038908832,0.8122551051084317,0.7700718790308546,0.8958819087604966,0.9183029223287135,0.8431924283652943,0.647310270753902,1.0471331233318482,0.8528220829401936,0.9111564448414714,0.7946348757173383,0.6686193882112459
7.219023779724656,0.9226874837372795,1.1167095963003653,1.4298027315442023,0.8118730436102276,0.769690694278287,0.8963129586765377,0.9189975965454872,0.84415466379476,0.648191525213318,1.0471924766015497,0.8533176248762195,0.9112262216472978,0.7949953133354729,0.6689069816162024
7.2290362953692116,0.9237637570858097,1.116585294922954,1.4292184809135977,0.8115004328832979,0.769318944744953,0.8967322608682494,0.9196713815179647,0.8450974406542126,0.6490557486202126,1.0472625199916683,0.8537986244454527,0.9112977119637378,0.7953426871737246,0.6691858835114379
7.239048811013768,0.9248201248932921,1.116470393509213,1.428666070001281,0.8111376661754507,0.7689570223670903,0.897139457983963,0.9203237254851848,0.846019958353789,0.6499021180956273,1.0473432730567667,0.8542647106522082,0.9113708165146522,0.7956766939852006,0.669455855366816
7.249061326658323,0.9258554865928169,1.1163652494332577,1.4281462419457405,0.8107851270999369,0.7686053094465112,0.8975342053370698,0.9209540974703605,0.8469214308148628,0.6507307460683059,1.0474347444869683,0.8547155264159338,0.9114454342037296,0.795997044214524,0.6697166685996399
7.259073842302879,0.9268687992437442,1.1162702099712816,1.4276596983801564,0.810443189165049,0.7682641781835785,0.8979161710043919,0.9215619873913579,0.8478010868431798,0.6515390236231318,1.047536947259529,0.8551507292499259,0.9115214628216396,0.7963034626684129,0.6699681038856087
7.269086357947434,0.9278590784525075,1.116185610930916,1.427207098232167,0.8101122153178781,0.767933990224481,0.8982850359051497,0.9221469060915802,0.8486581699343658,0.6523270645145735,1.0476498356483097,0.8555699908390397,0.9115987990194745,0.7965956883598109,0.6702099515881161
7.27909887359199,0.9288254005099787,1.1161117772299374,1.4267890558090268,0.809792557310478,0.7676150960314857,0.8986404940754964,0.9227083857202913,0.8494919403041529,0.6530941046119285,1.0477733988975289,0.8559729974707897,0.9116773388121913,0.7968734748117561,0.6704420116291272
7.289111389236546,0.929766898717405,1.116049014617891,1.4264061398662575,0.8094845560367409,0.7673078352217348,0.8989822518644078,0.9232459783129738,0.8503016707421962,0.653839398795619,1.0479075997263005,0.8563594478745397,0.9117569766072341,0.7971365893253602,0.6706640942605026
7.299123904881101,0.9306827697399815,1.115997619322415,1.42605887245057,0.8091885396018248,0.7670125346441444,0.8993100296503532,0.9237592587410572,0.8510866515016831,0.6545622160060263,1.0480523868919716,0.856729057264298,0.9118376076121919,0.7973848147658863,0.6708760186929409
7.3091364205256575,0.9315722709697125,1.115957869587859,1.4257477275573887,0.8089048244579079,0.7667295095154028,0.8996235601559033,0.9242478215437547,0.8518461901076321,0.6552618442693163,1.048207696201031,0.8570815530058353,0.9119191261158045,0.7976179474775412,0.6710776143811531
7.319148936170213,0.9324347192205718,1.1159300239999057,1.4254731300011965,0.8086337141732703,0.7664590621950603,0.899922589396124,0.9247112827803659,0.8525796081882125,0.6559375911806885,1.0483747076079768,0.8574166766793531,0.9120014263362668,0.7978357987175025,0.6712687206766774
7.329161451814769,0.9332694925867108,1.1159143238243798,1.4252354553756141,0.8083754992593774,0.7662014820161529,0.9002068764595669,0.9251492794974524,0.8532862440868427,0.6565887827804805,1.0485509258223147,0.8577341835341066,0.9120844026785984,0.7980381941904695,0.6714491867482917
7.339173967459324,0.9340760299963433,1.115910990366696,1.425035028211633,0.8081304566579048,0.7659570447766538,0.9004761936741618,0.9255614700264373,0.8539654536005872,0.6572147656793673,1.0487374039667663,0.8580338425713582,0.9121679498741558,0.7982249742515701,0.6716188717483549
7.34918648310388,0.9348538300250312,1.1159202234481973,1.424872122082516,0.8078988496125361,0.7657260126147756,0.9007303263601334,0.9259475335379493,0.8546166091404496,0.6578149078113563,1.048934025468347,0.8583154361332207,0.912251963166125,0.7983959936071146,0.6717776446486515
7.359198998748436,0.935602450740376,1.1159422010177555,1.4247469588430606,0.8076809271865378,0.7655086335309284,0.9009690729853513,0.9263071703138896,0.8552391004760052,0.6583885991047098,1.0491406600049393,0.8585787600069157,0.912336338494944,0.7985511214629695,0.6719253843543863
7.369211514392991,0.936321509041605,1.115977078291052,1.424659708229,0.807476923975487,0.7653051411043327,0.9011922451194401,0.9266401016735819,0.8558323354076185,0.6589352523624536,1.0493571632917826,0.8588236232898648,0.9124209726770386,0.7986902414442498,0.6720619796724963
7.379224030037547,0.9370106796209705,1.1160249864543348,1.4246104874901777,0.8072870597960182,0.7651157541856699,0.9013996674297241,0.9269460699822236,0.8563957400675197,0.6594543044859104,1.0495833771334386,0.8590498483202458,0.9125057635810675,0.7988132515527538,0.6721873293028883
7.3892365456821025,0.9376696936637398,1.1160860326517894,1.4245993619042567,0.8071115394815456,0.7649406766963637,0.9015911775770781,0.9272248384863738,0.8569287582305469,0.6599452160722256,1.0498191514991564,0.859257270485867,0.9125906102859588,0.7989200640237822,0.6723013417668792
7.399249061326659,0.9382983374479943,1.1161602972700029,1.4246263438400415,0.8069505524657001,0.7647800972160211,0.9017666263617091,0.9274761915989991,0.8574308521798449,0.6604074753653683,1.050064257143373,0.8594457383520425,0.9126754132406873,0.7990106054268771,0.6724039355065987
7.409261576971214,0.9388964527023733,1.1162478368871223,1.4246913933161953,0.8068042727300481,0.7646341889331139,0.9019258774908221,0.9276999345291254,0.8579015059846287,0.6608405957667841,1.0503185154320294,0.8596151133556446,0.9127600744183749,0.7990848163751675,0.6724950386925014
7.41927409261577,0.9394639329200459,1.1163486800568694,1.4247944182589325,0.8066728584292107,0.7645031092737302,0.9020688077188683,0.9278958935593922,0.8583402217307848,0.6612441190360625,1.0505829630724133,0.8597652699427026,0.9128444974620062,0.7991426516186036,0.672574589313403
7.429286608260326,0.9400007230733631,1.1164628288082008,1.4249352747547728,0.8065564517529663,0.7643869997665389,0.9021953067511223,0.928063915921231,0.8587465225256998,0.6616176151347206,1.0508549624191994,0.8598960954605351,0.9129285878407135,0.799184079882217,0.6726425350566447
7.439299123904881,0.9405068177187379,1.1165902579230989,1.4251137675184011,0.8064551787220694,0.7642859858414491,0.902305277242411,0.9282038698337287,0.8591199526108484,0.6619606832869442,1.0511354369542543,0.8600074901609469,0.9130122529923311,0.7992090837978982,0.6726988332668664
7.449311639549437,0.9409822592106978,1.1167309146669686,1.4253296504665738,0.8063691490243144,0.7642001766681912,0.9023986347757412,0.928315644510202,0.8594600779600015,0.6622729528055659,1.0514241320769302,0.8600993671835591,0.9130954024509187,0.7992176598092992,0.6727434508927542
7.459324155193992,0.9414271357698668,1.1168847184718314,1.425582627349429,0.8062984558750305,0.7641296650190421,0.902475307838997,0.9283991501635335,0.8597664869623202,0.6625540839823278,1.0517207798444919,0.8601716525431511,0.9131779479608975,0.7992098180703828,0.6727763644326693
7.4693366708385485,0.9418415794897895,1.1170515610596854,1.4258723526207218,0.8062431758993029,0.7640745271529591,0.9025352378034227,0.928454318015712,0.8600387910052297,0.6628037686475723,1.0520250991689903,0.8602242851313338,0.913259803584595,0.7991855823410883,0.6727975598739572
7.479349186483104,0.9422257641522283,1.117231306212577,1.4261984322486971,0.8062033690490629,0.7640348227342286,0.9025783788902219,0.9284811002870859,0.8602766252933696,0.6630217310261695,1.052336796062502,0.8602572167159946,0.9133408858021875,0.7991449898673315,0.6728070326159397
7.48936170212766,0.9425799036452693,1.1174237898966413,1.426560424656632,0.8061790784452711,0.7640105946761246,0.9026046982447811,0.9284794703695021,0.8604796493781599,0.6632077283977319,1.0526555639996589,0.8602704120777194,0.9134211136089456,0.7990880913659397,0.6728047874663353
7.499374217772216,0.9429042470858144,1.1176288204680205,1.426957841902488,0.8061703304830647,0.764001869246556,0.9026141757528178,0.9284494225555554,0.8606475482664347,0.6633615515129799,1.0529810840417677,0.8602638488523044,0.9135004085924598,0.7990149507442112,0.6727908384416813
7.509386733416771,0.9431990799786111,1.1178461787778515,1.4273901506821944,0.8061771346417625,0.7640086558790374,0.9026068042034935,0.928390972361172,0.8607800329017339,0.6634830253401078,1.0533130253690586,0.8602375177864,0.9135786950124529,0.7989256451686083,0.6727652088243344
7.519399249061327,0.9434647201344386,1.1180756196469204,1.4278567734035172,0.8061994833711444,0.7640309470594345,0.9025825893972219,0.9283041567516307,0.8608768419579372,0.6635720089992707,1.0536523271260279,0.8601914229439337,0.9136558998796604,0.7988202650662951,0.6727279311638007
7.529411764705882,0.9437015121344976,1.1183168685486717,1.4283570906327225,0.8062373528545889,0.7640687190869997,0.9025415493307589,0.9281890327814003,0.860937738579046,0.6636283970679633,1.05399614609535,0.8601255808178038,0.9137319529597683,0.7986989132070749,0.6726790466179071
7.539424280350438,0.94390983097736,1.118569628504943,1.4288904401683016,0.8062907016234878,0.7641219306919204,0.9024837157379209,0.9280456802750731,0.8609625192128108,0.6636521187253878,1.0543453275469585,0.8600400222564493,0.9138067869259204,0.7985617061276103,0.6726186059775563
7.5494367959949935,0.9440900733711143,1.1188335751096117,1.4294561207453194,0.8063594719375544,0.7641905244113334,0.9024091326605028,0.927874199395061,0.8609510065272693,0.6636431390457359,1.0546994968179788,0.8599347907605484,0.913880337227663,0.7984087725792188,0.6725466686746423
7.55944931163955,0.9442348451010426,1.1191008589821563,1.4300533924355212,0.8064435892412415,0.764274426046114,0.9023178571307359,0.9276747119324831,0.8609030540789844,0.6636014579574431,1.055058269091401,0.8598099439999565,0.9139525426530994,0.7982402541128519,0.6724633024830932
7.569461827284106,0.9443433158934047,1.1193698909674241,1.4306814778702406,0.8065429626288294,0.7643735451234605,0.902209958786629,0.9274473604371921,0.8608185474052426,0.6635271122526337,1.0554212501998563,0.8596655519919916,0.9140233440815722,0.7980563047288675,0.6723685849243175
7.579474342928661,0.944425089386867,1.1196490632618856,1.4313395654317795,0.8066574840954936,0.7644877741482943,0.9020855208313523,0.9271923102569805,0.8606974018138155,0.6634201709541346,1.0557881119896857,0.8595017003235649,0.9140926862488435,0.7978570912572231,0.6722626014820687
7.589486858573217,0.9444806539904811,1.1199379789114379,1.432026808564284,0.806787029873279,0.7646169899339775,0.9019446387543403,0.9269097470720237,0.8605395681277062,0.6632807410618891,1.056158298527627,0.8593184873140178,0.9141605163703016,0.7976427925405429,0.6721454463847788
7.599499374217772,0.9445105081800022,1.1202362214241175,1.4327423292329993,0.8069314597305679,0.7647610529015024,0.9017874212883228,0.9265998786101644,0.860345029139645,0.6631089634262938,1.0565314606080076,0.8591160256324527,0.9142267846807103,0.7974135998121347,0.6720172226907315
7.609511889862328,0.9445151564494472,1.1205433530829092,1.433485218645388,0.8070906174973843,0.7649198076011605,0.9016139900589337,0.926262934181008,0.8601138027123979,0.6629050137973534,1.0569071719491188,0.8588944425423715,0.9142914446294482,0.7971697165726841,0.6718780414156416
7.619524405506883,0.9444951074483703,1.1208589183165543,1.4342545399542805,0.8072643311697828,0.7650930828141749,0.9014244797146496,0.9258991647959439,0.8598459408454273,0.6626691011770239,1.057285000021982,0.858653879178017,0.914354452160378,0.7969113582119867,0.6717280226689943
7.629536921151439,0.9444508698278988,1.1211824407811115,1.4350493285409336,0.8074524132792528,0.7652806919185101,0.9012190377897079,0.9255088430759839,0.8595415331964141,0.6624014699945233,1.057665803921758,0.858394491569539,0.9144157663867274,0.79663875218628,0.6715672943106732
7.6395494367959955,0.9443829511409396,1.1215134286162776,1.4358685949136907,0.80765466087803,0.7654824328714078,0.9009978250070791,0.9250922636508039,0.8592007049172555,0.6621023970498974,1.0580465980638687,0.8581164505222013,0.9144753492950355,0.7963521378246216,0.6713959927259948
7.649561952440551,0.9442918545794464,1.1218513740875478,1.4367113260411761,0.8078708559711079,0.7656980886373622,0.9007610151137249,0.9246497429798962,0.858823618921415,0.6617721917277509,1.0584281790774965,0.8578199416990224,0.914533165600981,0.7960517662598912,0.6712142625478829
7.659574468085107,0.9441780764102377,1.1221957546688477,1.437576487227375,0.8081007657869548,0.7659274274551247,0.9005087949098749,0.9241816193975609,0.858410475966505,0.6614111954953158,1.0588100950693156,0.8575051658030152,0.9145891827613307,0.7957379002655557,0.6710222565778023
7.669586983729662,0.9440421036442059,1.122546034112635,1.4384630237408655,0.8083441430704633,0.7661702031268063,0.9002413642708907,0.923688253165607,0.8579615153721974,0.66101978141195,1.0591918912084421,0.857172338759896,0.9146433709247817,0.7954108141566743,0.6708201357206887
7.679599499374218,0.9438844121346112,1.1229016641310274,1.4393698625647118,0.8086007263906795,0.7664261553216715,0.899958936168509,0.9231700265224294,0.8574770158034982,0.6605974496752053,1.0595731103206854,0.8568216919302224,0.9146957029208355,0.7950707936671124,0.6706080688815125
7.689612015018774,0.9437054645014441,1.1232620855946716,1.4402959141505525,0.8088702404421271,0.7666950098735321,0.8996617367133464,0.922627343766604,0.8569572953975693,0.6601464709459067,1.059953293806572,0.8564534723222293,0.914746154217916,0.7947181358572523,0.6703862329151716
7.699624530663329,0.9435057084446538,1.1236267300397729,1.4412400741449432,0.8091523963744851,0.7669764791064152,0.8993500051789607,0.922060631314626,0.8564027122846497,0.6596663753120603,1.0603319823690576,0.856067942746661,0.9147947028162611,0.794353149032844,0.670154812622165
7.709637046307885,0.9432855751103721,1.1239950211558078,1.4422012251495064,0.8094468921791423,0.7672702622169976,0.8990239939741896,0.9214703376771154,0.8558136648877585,0.65915765402602,1.0607087171521736,0.8556653818914013,0.9148413290870033,0.7939761526503415,0.6699140007459781
7.719649561952441,0.9430454772179119,1.1243663755089932,1.4431782384925016,0.8097534131742602,0.7675760457553694,0.898683968515031,0.9208569332552388,0.8551905919471093,0.6586208261617011,1.0610830392115786,0.8552460843067982,0.9148860156661593,0.79358747708054,0.6696639978518264
7.729662077596997,0.942785808314126,1.1247402045692108,1.4441699758526547,0.8100716323370102,0.7678935039534098,0.8983302072727494,0.920220910436763,0.8545339731183167,0.6580564375595797,1.0614544922270448,0.8548103606318326,0.9149287474062819,0.793187463516697,0.6694050122908356
7.739674593241552,0.9425069410250306,1.1251159158392479,1.4451752908613946,0.8104012106974039,0.7682222991146967,0.897963001759907,0.9195627835857004,0.8538443288903383,0.6574650602306341,1.0618226220857945,0.8543585377343661,0.9149695113084004,0.7927764638318527,0.6691372601407034
7.749687108886108,0.9422092287976491,1.1254929143744266,1.446193030777179,0.8107417977391095,0.7685620820114965,0.8975826565128352,0.9188830890292029,0.8531222204723484,0.6568472914923282,1.0621869780475672,0.8538909588419022,0.9150082964429287,0.7923548404347424,0.6688609651555905
7.759699624530664,0.9418930017993812,1.125870604347549,1.4472220379317609,0.8110930318467464,0.7689124923282485,0.8971894890246295,0.9181823849624922,0.8523682505886684,0.6562037532324659,1.0625471132654993,0.8534079835955347,0.9150450938333187,0.7919229661099282,0.6685763587135102
7.769712140175219,0.9415585683907153,1.1262483899631037,1.4482611516761301,0.8114545407984315,0.7692731591503339,0.8967838296275578,0.9174612512679317,0.8515830616467497,0.6555350910472926,1.0629025861692376,0.8529099880266721,0.9150798963131827,0.7914812238301563,0.6682836797555556
7.779724655819775,0.9412062147736583,1.1266256769566847,1.4493092096742564,0.8118259423237917,0.7696437015183223,0.8963660212996291,0.9167202892034029,0.8507673373108526,0.6548419736663768,1.0632529607136845,0.8523973643653788,0.9151126982993613,0.7910300065105252,0.6679831747716051
7.78973717146433,0.9408362052957128,1.1270018747620676,1.4503650494671163,0.812206844268049,0.7700237285893679,0.8959364199109793,0.9159601218382744,0.849921800605625,0.6541242064788659,1.0635978074908725,0.851870521749428,0.9151434960539373,0.7905697170424696,0.6676750976026016
7.7997496871088865,0.9404487822987344,1.127376396859474,1.4514275099774998,0.8125968453620815,0.7704128404033506,0.8954953937845229,0.9151813933241655,0.849047214749035,0.6533843160017595,1.0639380875861935,0.8513298855255655,0.9151722872255381,0.7901007678178111,0.6673597095195258
7.809762202753442,0.9400441667236505,1.127748662578264,1.4524954329578548,0.8129955356074782,0.7708106282650876,0.8950433236817082,0.9143847688907194,0.8481443820677691,0.6526221054593614,1.0642706441163678,0.8507758974829951,0.915199070876506,0.7896235806414156,0.6670372790736383
7.819774718397998,0.9396225587427381,1.1281180983755004,1.4535676644362236,0.8134024967851625,0.7712166752500189,0.8945806026408637,0.9135709345888716,0.8472141434415046,0.651838327822947,1.0645964300565967,0.8502090157433628,0.9152238473489274,0.7891385864736415,0.666708082041563
7.829787234042554,0.9391841386937492,1.128484139267609,1.4546430560872659,0.8138173029545978,0.7716305567006908,0.8941076358157195,0.9127405970347527,0.8462573777340802,0.651033755288529,1.064915071184056,0.8496297146753784,0.9152466181563998,0.788646225193484,0.6663724013429454
7.839799749687109,0.9387290679229731,1.1288462298061306,1.4557204665886083,0.8142395209800882,0.7720518407504654,0.8936248402709789,0.9118944830797953,0.8452750009526744,0.6502091787537244,1.0652261377203907,0.8490384847524619,0.9152673858787526,0.7881469453210852,0.6660305269317159
7.849812265331665,0.9382574899265251,1.1292038253565047,1.4567987629397472,0.8146687110607447,0.7724800888510859,0.8931326447596426,0.9110333394493046,0.8442679652682493,0.6493654070371385,1.065529278184445,0.8484358323794746,0.9152861540574683,0.7876412047449571,0.6656827556823094
7.85982478097622,0.9377695321318705,1.1295563938730888,1.4579865476166538,0.8151044272181183,0.7729148562582023,0.8926314895335082,0.9101579324372285,0.8432372586097147,0.6485032659657611,1.065824129677266,0.8478222797517454,0.9153029270958966,0.7871294664470573,0.6653293913051198
7.869837296620776,0.9372653068805644,1.1299034163880306,1.4590590193593773,0.8155462177641793,0.7733556924974712,0.8921218261601922,0.9092690476144625,0.8421839028925536,0.6476226605979719,1.0661103415863245,0.8471983646347585,0.9153177100765688,0.7866122041874517,0.6649707443690088
7.8798498122653315,0.9367449131772807,1.1302443882695896,1.4601290713325803,0.8159936258913911,0.773802141952669,0.8916041171815476,0.908367489260629,0.841108953409536,0.6467262688659113,1.066387576213149,0.8465646404268513,0.9153305090607755,0.7860898982598085,0.6646071316341977
7.889862327909888,0.9362084376522085,1.1305788201912352,1.4611956226291916,0.8164461906289879,0.7742537448194383,0.8910788353253105,0.9074540790272276,0.8400134967146612,0.645814197858397,1.066655509290748,0.845921674459268,0.9153413301925674,0.7855630355178228,0.6642388765325985
7.899874843554444,0.9356559585542941,1.130906240056672,1.462257605595564,0.8169034464228128,0.7747100366856944,0.890546464291521,0.9065296573086783,0.8388986522484455,0.6448872177294663,1.0669138299274525,0.8452700498189608,0.9153501804333497,0.7850321101922686,0.6638663088091237
7.909887359198999,0.9350875450591759,1.1312261924734148,1.463313968480098,0.8173649244353691,0.7751705498287517,0.8900074975249409,0.9055950811495165,0.8377655671241714,0.6439464713418741,1.0671622422455804,0.8446103635018487,0.9153570670540693,0.7844976225979134,0.6634897642169469
7.919899874843555,0.9345032607048332,1.1315382410982615,1.464363675847874,0.8178301529862121,0.7756348136547979,0.8894624379561092,0.9046512238145442,0.8366154174160491,0.6429923074796062,1.0674004646992254,0.8439432262190126,0.915361997641973,0.7839600788473774,0.6631095843078956
7.92991239048811,0.9339031649979019,1.1318419680974154,1.4654057091392843,0.818298657585393,0.7761023547324191,0.8889117981986842,0.9036989751387478,0.8354494055409264,0.6420259850811708,1.067628231461288,0.8432692626695488,0.9153649800486802,0.7834199909910629,0.6627261166368498
7.939924906132666,0.9332873166109498,1.1321369779778296,1.466439068324166,0.8187699620024174,0.7765726978596227,0.8883560995095867,0.9027392397561727,0.8342687596886882,0.6410485899010547,1.0678452913937155,0.8425891103013353,0.9153660223229098,0.7828778759296859,0.6623397140934959
7.949937421777221,0.9326557712082822,1.132422891570568,1.4674627728699687,0.8192435894118074,0.7770453672075153,0.8877958706197653,0.9017729350955628,0.833074730409116,0.6400596009946052,1.068051410312927,0.8419034178721834,0.9153651325220277,0.7823342545031521,0.6619507342445505
7.9599499374217775,0.9320085997804911,1.1326993563042478,1.4684758611795672,0.819719060972249,0.777519884902886,0.8872316495738507,0.9008009945468153,0.8318685921271084,0.639062536342443,1.0682463857126143,0.8412128477501483,0.9153623189366094,0.7817896527846355,0.6615595405217192
7.9699624530663336,0.9313458751559727,1.1329660392472767,1.469477392810739,0.8201958978692103,0.7779957730673281,0.886663981456594,0.8998243635580812,0.8306516371651778,0.6380571276187923,1.0684299786779783,0.8405180730907501,0.915357589821338,0.7812446002116403,0.6611665008402728
7.979974968710889,0.9306676693618416,1.1332226312959683,1.470466448614383,0.8206736214975783,0.7784725540003024,0.8860934182809681,0.8988439994427281,0.8294251779970234,0.6370445988209573,1.0686020236330422,0.8398197776973404,0.9153509534150873,0.7806996293705857,0.6607719875547722
7.989987484355445,0.929974063062152,1.1334688467149514,1.471442131139168,0.8211517535533446,0.7789497502715006,0.8855205189641563,0.8978608713274651,0.8281905431633313,0.6360254714262566,1.0687623515106768,0.8391186559512388,0.9153424178808621,0.780155276026464,0.6603763775423293
8.0,0.9292651457791317,1.13370442180097,1.472403566507426,0.8216298180644979,0.7794268867487252,0.8849458469491388,0.8968759560693842,0.826949076803816,0.6350009116559904,1.068910823577247,0.8384154099443779,0.9153319914189028,0.7796120765503287,0.6599800504946712
