time,elv_angle,shoulder_elv,shoulder_rot,elbow_flexion,pro_sup,deviation,flexion
0.0,0.9225286827266428,1.4037508640865193,1.2740903539558606,1.1452676018661592,0.07230899091012508,0.0012042771838760874,-0.005899212871740834
0.010012515644555695,0.9225286827266428,1.4092399348307383,1.2739608482263345,1.1480121372382686,0.07226582233361636,0.0012042771838760874,-0.005899212871740834
0.02002503128911139,0.9225286827266428,1.4147235749578948,1.273572459164366,1.1507539573018468,0.07213635931296017,0.0012042771838760874,-0.005899212871740834
0.030037546933667086,0.9225286827266428,1.4201963592237123,1.2729255710230214,1.1534903494347557,0.071920729932512,0.0012042771838760874,-0.005899212871740834
0.04005006257822278,0.9225286827266428,1.4256528731241709,1.2720208238016637,1.1562186063849849,0.0716191475253928,0.0012042771838760874,-0.005899212871740834
0.05006257822277847,0.9225286827266428,1.4310877182523503,1.2708591126127675,1.1589360289490747,0.07123191046242738,0.0012042771838760874,-0.005899212871740834
0.06007509386733417,0.9225286827266428,1.4364955176393501,1.2694415867963391,1.1616399286425745,0.07075940185695126,0.0012042771838760874,-0.005899212871740834
0.07008760951188986,0.9225286827266428,1.441870921073998,1.267769648782816,1.1643276303598986,0.07020208918577689,0.0012042771838760874,-0.005899212871740834
0.08010012515644556,0.9225286827266428,1.4472086103960864,1.2658449527055708,1.1669964750209427,0.0695605238266952,0.0012042771838760874,-0.005899212871740834
0.09011264080100126,0.9225286827266428,1.4525033047578986,1.2636694027643935,1.1696438222018488,0.06883534051296941,0.0012042771838760874,-0.005899212871740834
0.10012515644555695,0.9225286827266428,1.4577497658488205,1.261245151341569,1.1722670527473098,0.0680272567053612,0.0012042771838760874,-0.005899212871740834
0.11013767209011265,0.9225286827266428,1.4629428030778677,1.2585745968724158,1.1748635713618334,0.0671370718823101,0.0012042771838760874,-0.005899212871740834
0.12015018773466835,0.9225286827266428,1.4680772787090013,1.2556603814723926,1.1774308091774002,0.06616566674896907,0.0012042771838760874,-0.005899212871740834
0.13016270337922403,0.9225286827266428,1.4731481129441524,1.2525053883231183,1.1799662262949757,0.06511400236587764,0.0012042771838760874,-0.005899212871740834
0.14017521902377972,0.9225286827266428,1.4781502889489233,1.2491127388198942,1.1824673142973612,0.0639831191981362,0.0012042771838760874,-0.005899212871740834
0.15018773466833543,0.9225286827266428,1.4830788578159992,1.2454857894835478,1.1849315987308993,0.06277413608602075,0.0012042771838760874,-0.005899212871740834
0.16020025031289112,0.9225286827266428,1.4879289434613523,1.241628128639657,1.1873566415535757,0.061488249138057234,0.0012042771838760874,-0.005899212871740834
0.1702127659574468,0.9225286827266428,1.4926957474484006,1.237543572868437,1.1897400435470997,0.06012673054765053,0.0012042771838760874,-0.005899212871740834
0.18022528160200252,0.9225286827266428,1.4973745537353456,1.233236163228802,1.1920794466905722,0.05869092733443886,0.0012042771838760874,-0.005899212871740834
0.1902377972465582,0.9225286827266428,1.5019607333409921,1.228710161260341,1.1943725364933955,0.05718226001161856,0.0012042771838760874,-0.005899212871740834
0.2002503128911139,0.9225286827266428,1.5064497489244353,1.2239700447671598,1.1966170442851172,0.05560222118055815,0.0012042771838760874,-0.005899212871740834
0.2102628285356696,0.9225286827266428,1.5108371592740828,1.2190205033877608,1.198810749459941,0.053952374054091805,0.0012042771838760874,-0.005899212871740834
0.2202753441802253,0.9225286827266428,1.5151186237015715,1.2138664339553458,1.2009514816736853,0.052234350909953424,0.0012042771838760874,-0.005899212871740834
0.23028785982478098,0.9225286827266428,1.519289906336231,1.2085129356531286,1.203037122991015,0.050449851475881026,0.0012042771838760874,-0.005899212871740834
0.2403003754693367,0.9225286827266428,1.523346880315847,1.2029653049694546,1.205065609980823,0.04860064124798973,0.0012042771838760874,-0.005899212871740834
0.2503128911138924,0.9225286827266428,1.5272855318695748,1.197229030457715,1.2070349357576868,0.0466885497440765,0.0012042771838760874,-0.005899212871740834
0.26032540675844806,0.9225286827266428,1.5311019642889685,1.191309787306241,1.2089431519673837,0.044715468693585204,0.0012042771838760874,-0.005899212871740834
0.27033792240300375,0.9225286827266428,1.5347924017831922,1.185213431723552,1.2107883707144955,0.042683350166022184,0.0012042771838760874,-0.005899212871740834
0.28035043804755944,0.9225286827266428,1.538353193214602,1.1789459951445096,1.2125687664302005,0.04059420463967474,0.0012042771838760874,-0.005899212871740834
0.2903629536921152,0.9225286827266428,1.5417808157110025,1.172513678263113,1.2142825776784008,0.038450099012542475,0.0012042771838760874,-0.005899212871740834
0.30037546933667086,0.9225286827266428,1.5450718781510036,1.1659228448978358,1.2159281088984013,0.036253154557450096,0.0012042771838760874,-0.005899212871740834
0.31038798498122655,0.9225286827266428,1.5482231245190297,1.1591800156955774,1.2175037320824142,0.03400554482336402,0.0012042771838760874,-0.005899212871740834
0.32040050062578224,0.9225286827266428,1.551231437126661,1.1522918616804552,1.2190078883862299,0.031709493484989915,0.0012042771838760874,-0.005899212871740834
0.3304130162703379,0.9225286827266428,1.5540938396971216,1.1452651976538195,1.2204390896714603,0.02936727214277804,0.0012042771838760874,-0.005899212871740834
0.3404255319148936,0.9225286827266428,1.5568075003098625,1.1381069754520257,1.2217959199778308,0.02698119807551344,0.0012042771838760874,-0.005899212871740834
0.3504380475594493,0.9225286827266428,1.5593697342023227,1.1308242770686272,1.223077036924061,0.024553631947713928,0.0012042771838760874,-0.005899212871740834
0.36045056320400504,0.9225286827266428,1.561778006426104,1.1234243076477992,1.2242811730359515,0.02208697547410459,0.0012042771838760874,-0.005899212871740834
0.3704630788485607,0.9225286827266428,1.5640299343549222,1.1159143883559233,1.2254071370003607,0.0195836690434793,0.0012042771838760874,-0.005899212871740834
0.3804755944931164,0.9225286827266428,1.566123290041862,1.1083019491383845,1.2264538148438304,0.017046189304299672,0.0012042771838760874,-0.005899212871740834
0.3904881101376721,0.9225286827266428,1.5680560024235972,1.1005945213687478,1.2274201710346981,0.014477046714420762,0.0012042771838760874,-0.005899212871740834
0.4005006257822278,0.9225286827266428,1.5698261593694005,1.0927997303975878,1.2283052495075997,0.0118787830573675,0.0012042771838760874,-0.005899212871740834
0.41051314142678347,0.9225286827266428,1.57143200957291,1.0849252880083409,1.2291081746093546,0.009253968927618497,0.0012042771838760874,-0.005899212871740834
0.4205256570713392,0.9225286827266428,1.5728719642847873,1.076978984787645,1.2298281519652932,0.006605201187386528,0.0012042771838760874,-0.005899212871740834
0.4305381727158949,0.9225286827266428,1.574144598884547,1.0689686824177167,1.230464469265173,0.0039351003974104,0.0012042771838760874,-0.005899212871740834
0.4405506883604506,0.9225286827266428,1.5752486542900068,1.060902305898387,1.231016496967903,0.0012463082243005658,0.0012042771838760874,-0.005899212871740834
0.45056320400500627,0.9225286827266428,1.5761830382029616,1.0527878357064986,1.2314836889243803,-0.001458515172995575,0.0012042771838760874,-0.005899212871740834
0.46057571964956195,0.9225286827266428,1.576946826189849,1.044633299900411,1.231865582917824,-0.004176693775024769,0.0012042771838760874,-0.005899212871740834
0.47058823529411764,0.9225286827266428,1.5775392625963396,1.0364467661774355,1.2321618011210693,-0.006905538349349979,0.0012042771838760874,-0.005899212871740834
0.4806007509386734,0.9225286827266428,1.5779597612949432,1.028236333892051,1.2323720504703712,-0.009642349111144794,0.0012042771838760874,-0.005899212871740834
0.49061326658322907,0.9225286827266428,1.5782079062648955,1.0200101260428007,1.2324961229553473,-0.012384418394228212,0.0012042771838760874,-0.005899212871740834
0.5006257822277848,0.9225286827266428,1.5782834520037479,1.011776281235796,1.2325338958247736,-0.015129033329896473,0.0012042771838760874,-0.005899212871740834
0.5106382978723404,0.9225286827266428,1.578186323770256,1.0035429456327793,1.2324853317080275,-0.017873478530901994,0.0012042771838760874,-0.005899212871740834
0.5206508135168961,0.9225286827266428,1.5779166176583248,0.9953182648917116,1.2323504786520618,-0.02061503877792461,0.0012042771838760874,-0.005899212871740834
0.5306633291614519,0.9225286827266428,1.5774746005019378,0.9871103761078582,1.2321294700738683,-0.02335100170587573,0.0012042771838760874,-0.005899212871740834
0.5406758448060075,0.9225286827266428,1.5768607096111649,0.9789273997633472,1.231822524628482,-0.026078660487379397,0.0012042771838760874,-0.005899212871740834
0.5506883604505632,0.9225286827266428,1.5760755523395096,0.9707774316931616,1.2314299459926543,-0.02879531651077464,0.0012042771838760874,-0.005899212871740834
0.5607008760951189,0.9225286827266428,1.5751199054830223,0.9626685350755192,1.2309521225644107,-0.03149828204998875,0.0012042771838760874,-0.005899212871740834
0.5707133917396746,0.9225286827266428,1.5739947145117774,0.9546087324545589,1.2303895270787881,-0.03418488292364216,0.0012042771838760874,-0.005899212871740834
0.5807259073842304,0.9225286827266428,1.572701092634471,0.9466059978032306,1.229742716140135,-0.03685246114075158,0.0012042771838760874,-0.005899212871740834
0.590738423028786,0.9225286827266428,1.571240319697068,0.9386682486342373,1.2290123296714335,-0.03949837753041607,0.0012042771838760874,-0.005899212871740834
0.6007509386733417,0.9225286827266428,1.569613840916583,0.9308033381668356,1.228199090281191,-0.04212001435288328,0.0012042771838760874,-0.005899212871740834
0.6107634543178974,0.9225286827266428,1.567823265451256,0.9230190475572488,1.2273038025485277,-0.04471477788941221,0.0012042771838760874,-0.005899212871740834
0.6207759699624531,0.9225286827266428,1.5658703648085293,0.915323078200371,1.2263273522271643,-0.04728010100837151,0.0012042771838760874,-0.005899212871740834
0.6307884856070087,0.9225286827266428,1.5637570710924045,0.9077230441103853,1.2252707053691019,-0.049813445705033384,0.0012042771838760874,-0.005899212871740834
0.6408010012515645,0.9225286827266428,1.5614854750919145,0.9002264643878334,1.2241349073688568,-0.05231230561255068,0.0012042771838760874,-0.005899212871740834
0.6508135168961202,0.9225286827266428,1.5590578242125994,0.8928407557805851,1.2229210819291991,-0.05477420848163345,0.0012042771838760874,-0.005899212871740834
0.6608260325406758,0.9225286827266428,1.556476520253033,0.8855732253460733,1.221630429949416,-0.057196718626470695,0.0012042771838760874,-0.005899212871740834
0.6708385481852316,0.9225286827266428,1.5537441170286024,0.8784310632220493,1.2202642283372007,-0.0595774393344787,0.0012042771838760874,-0.005899212871740834
0.6808510638297872,0.9225286827266428,1.5508633178448872,0.8714213355130146,1.2188238287453432,-0.061914015237490294,0.0012042771838760874,-0.005899212871740834
0.690863579474343,0.9225286827266428,1.5478369728231431,0.8645509772993629,1.217310656234471,-0.06420413464204086,0.0012042771838760874,-0.005899212871740834
0.7008760951188986,0.9225286827266428,1.544668076080531,0.857826785776153,1.215726207863165,-0.06644553181644416,0.0012042771838760874,-0.005899212871740834
0.7108886107634543,0.9225286827266428,1.541359762767884,0.8512554135282973,1.2140720512068415,-0.06863598923239607,0.0012042771838760874,-0.005899212871740834
0.7209011264080101,0.9225286827266428,1.5379153059679447,0.8448433619488214,1.2123498228068719,-0.07077333975888804,0.0012042771838760874,-0.005899212871740834
0.7309136420525657,0.9225286827266428,1.534338113457136,0.8385969748067044,1.2105612265514676,-0.07285546880626034,0.0012042771838760874,-0.005899212871740834
0.7409261576971214,0.9225286827266428,1.5306317243340761,0.8325224319706661,1.2087080319899377,-0.07488031641827314,0.0012042771838760874,-0.005899212871740834
0.7509386733416771,0.9225286827266428,1.5267998055181673,0.8266257432951077,1.2067920725819832,-0.0768458793101259,0.0012042771838760874,-0.005899212871740834
0.7609511889862328,0.9225286827266428,1.5228461481217255,0.8209127426742577,1.2048152438837623,-0.07875021285040926,0.0012042771838760874,-0.005899212871740834
0.7709637046307886,0.9225286827266428,1.518774663699241,0.8153890822704024,1.20277950167252,-0.08059143298502769,0.0012042771838760874,-0.005899212871740834
0.7809762202753442,0.9225286827266428,1.5145893803774775,0.810060226921915,1.2006868600116383,-0.08236771810119015,0.0012042771838760874,-0.005899212871740834
0.7909887359198999,0.9225286827266428,1.5102944388702424,0.8049314487366127,1.1985393892580207,-0.08407731082962425,0.0012042771838760874,-0.005899212871740834
0.8010012515644556,0.9225286827266428,1.5058940883817664,0.8000078218757916,1.1963392140137827,-0.0857185197832313,0.0012042771838760874,-0.005899212871740834
0.8110137672090113,0.9225286827266428,1.5013926824027508,0.7952942175341006,1.194088511024275,-0.08728972123046161,0.0012042771838760874,-0.005899212871740834
0.8210262828535669,0.9225286827266428,1.4967946744032372,0.7907952991202218,1.1917895070245181,-0.08878936070175453,0.0012042771838760874,-0.005899212871740834
0.8310387984981227,0.9225286827266428,1.492104613426562,0.7865155176431218,1.1894444765361805,-0.09021595452745454,0.0012042771838760874,-0.005899212871740834
0.8410513141426784,0.9225286827266428,1.4873271395887582,0.7824591073084421,1.1870557396172785,-0.09156809130568108,0.0012042771838760874,-0.005899212871740834
0.851063829787234,0.9225286827266428,1.4824669794878507,0.7786300813293849,1.1846256595668248,-0.09284443329870018,0.0012042771838760874,-0.005899212871740834
0.8610763454317898,0.9225286827266428,1.4775289415275925,0.7750322279562349,1.182156640586696,-0.09404371775641684,0.0012042771838760874,-0.005899212871740834
0.8710888610763454,0.9225286827266428,1.4725179111602678,0.7716691067284532,1.1796511254030335,-0.0951647581656774,0.0012042771838760874,-0.005899212871740834
0.8811013767209012,0.9225286827266428,1.467438846053263,0.7685440449530418,1.177111592849531,-0.09620644542414786,0.0012042771838760874,-0.005899212871740834
0.8911138923654568,0.9225286827266428,1.462296771184196,0.7656601344126704,1.1745405554149977,-0.09716774893760499,0.0012042771838760874,-0.005899212871740834
0.9011264080100125,0.9225286827266428,1.457096773869449,0.7630202283068176,1.171940556757624,-0.09804771763955594,0.0012042771838760874,-0.005899212871740834
0.9111389236545683,0.9225286827266428,1.451843998731027,0.7606269384289562,1.169314169188413,-0.0988454809321764,0.0012042771838760874,-0.005899212871740834
0.9211514392991239,0.9225286827266428,1.446543642606724,0.7584826325825731,1.1666639911262615,-0.09956024954763748,0.0012042771838760874,-0.005899212871740834
0.9311639549436797,0.9225286827266428,1.441200949408623,0.7565894322385794,1.163992644527211,-0.10019131632896866,0.0012042771838760874,-0.005899212871740834
0.9411764705882353,0.9225286827266428,1.4358212049350305,0.7549492104364335,1.1613027722904148,-0.10073805692968402,0.0012042771838760874,-0.005899212871740834
0.951188986232791,0.9225286827266428,1.430409731640965,0.7535635899310457,1.158597035643382,-0.10119993043147993,0.0012042771838760874,-0.005899212871740834
0.9612015018773468,0.9225286827266428,1.4249718833723815,0.7524339415873054,1.1558781115090904,-0.10157647987939336,0.0012042771838760874,-0.005899212871740834
0.9712140175219024,0.9225286827266428,1.4195130400693405,0.7515613830238144,1.1531486898575698,-0.10186733273389037,0.0012042771838760874,-0.005899212871740834
0.9812265331664581,0.9225286827266428,1.4140386024433584,0.7509467775071696,1.1504114710445787,-0.10207220123943861,0.0012042771838760874,-0.005899212871740834
0.9912390488110138,0.9225286827266428,1.4085539866342087,0.7505907330978904,1.147669163140004,-0.10219088270919835,0.0012042771838760874,-0.005899212871740834
1.0012515644555695,0.9225286827266428,1.40306461885146,0.750493602048832,1.1449244792486295,-0.10222325972555116,0.0012042771838760874,-0.005899212871740834
1.0112640801001251,0.9225286827266428,1.39757593000605,0.7506554804566851,1.1421801348259244,-0.1021693002562668,0.0012042771838760874,-0.005899212871740834
1.0212765957446808,0.9225286827266428,1.392093350337209,0.7510762081669016,1.139438844991504,-0.10202905768619464,0.0012042771838760874,-0.005899212871740834
1.0312891113892366,0.9225286827266428,1.3866223040400478,0.7517553689321441,1.1367033218429234,-0.10180267076444713,0.0012042771838760874,-0.005899212871740834
1.0413016270337923,0.9225286827266428,1.3811682038991266,0.7526922908241007,1.1339762717724629,-0.10149036346712825,0.0012042771838760874,-0.005899212871740834
1.0513141426783479,0.9225286827266428,1.37573644593331,0.7538860468982576,1.1312603927895546,-0.10109244477574264,0.0012042771838760874,-0.005899212871740834
1.0613266583229037,0.9225286827266428,1.370332404057211,0.7553354561109723,1.128558371851505,-0.10060930837150439,0.0012042771838760874,-0.005899212871740834
1.0713391739674594,0.9225286827266428,1.3649614247645054,0.7570390844879407,1.1258728822051522,-0.10004143224584824,0.0012042771838760874,-0.005899212871740834
1.081351689612015,0.9225286827266428,1.3596288218383725,0.7589952465429006,1.123206580742086,-0.09938937822752827,0.0012042771838760874,-0.005899212871740834
1.0913642052565709,0.9225286827266428,1.3543398710942982,0.761202006945169,1.1205621053700485,-0.09865379142677211,0.0012042771838760874,-0.005899212871740834
1.1013767209011265,0.9225286827266428,1.3490998051604433,0.7636571824343634,1.1179420724031213,-0.09783539959704066,0.0012042771838760874,-0.005899212871740834
1.1113892365456821,0.9225286827266428,1.3439138083007378,0.766358343980412,1.1153490739732685,-0.09693501241502447,0.0012042771838760874,-0.005899212871740834
1.1214017521902377,0.9225286827266428,1.338787011285825,0.7693028191867175,1.1127856754658119,-0.09595352067958934,0.0012042771838760874,-0.005899212871740834
1.1314142678347936,0.9225286827266428,1.3337244863169275,0.7724876949340944,1.1102544129813634,-0.09489189543046367,0.0012042771838760874,-0.005899212871740834
1.1414267834793492,0.9225286827266428,1.3287312420076636,0.7759098202628664,1.1077577908267313,-0.0937511869875397,0.0012042771838760874,-0.005899212871740834
1.1514392991239049,0.9225286827266428,1.3238122184287668,0.7795658094902712,1.105298279037283,-0.09253252391173808,0.0012042771838760874,-0.005899212871740834
1.1614518147684607,0.9225286827266428,1.3189722822206256,0.7834520455600886,1.1028783109332123,-0.09123711188846559,0.0012042771838760874,-0.005899212871740834
1.1714643304130163,0.9225286827266428,1.3142162217784672,0.7875646836211786,1.1005002807121331,-0.08986623253476894,0.0012042771838760874,-0.005899212871740834
1.181476846057572,0.9225286827266428,1.3095487425149543,0.7918996548313878,1.0981665410803767,-0.0884212421313659,0.0012042771838760874,-0.005899212871740834
1.1914893617021276,0.9225286827266428,1.3049744622048811,0.7964526703830628,1.09587940092534,-0.08690357028080753,0.0012042771838760874,-0.005899212871740834
1.2015018773466835,0.9225286827266428,1.3004979064165738,0.8012192257461852,1.0936411230311864,-0.08531471849310007,0.0012042771838760874,-0.005899212871740834
1.211514392991239,0.9225286827266428,1.2961235040345156,0.8061946051249327,1.0914539218401573,-0.08365625870018426,0.0012042771838760874,-0.005899212871740834
1.2215269086357947,0.9225286827266428,1.2918555828776248,0.8113738861232558,1.089319961261712,-0.08192983170074322,0.0012042771838760874,-0.005899212871740834
1.2315394242803506,0.9225286827266428,1.2876983654175251,0.8167519446148552,1.087241352531662,-0.08013714553687673,0.0012042771838760874,-0.005899212871740834
1.2415519399249062,0.9225286827266428,1.283655964601038,0.82232345981274,1.0852201521234184,-0.07827997380424845,0.0012042771838760874,-0.005899212871740834
1.2515644555694618,0.9225286827266428,1.2797323797810354,0.828082919533354,1.0832583597134173,-0.07636015389737714,0.0012042771838760874,-0.005899212871740834
1.2615769712140175,0.9225286827266428,1.2759314927596772,0.8340246256500584,1.0813579162027382,-0.07437958519180901,0.0012042771838760874,-0.005899212871740834
1.2715894868585733,0.9225286827266428,1.272257063947946,0.8401426997305792,1.0795207017968727,-0.07234022716496877,0.0012042771838760874,-0.005899212871740834
1.281602002503129,0.9225286827266428,1.268712728645281,0.846431088852839,1.0777485341455402,-0.07024409745754881,0.0012042771838760874,-0.005899212871740834
1.2916145181476846,0.9225286827266428,1.2653019934429923,0.8528835715934218,1.0760431665443957,-0.06809326987735453,0.0012042771838760874,-0.005899212871740834
1.3016270337922404,0.9225286827266428,1.2620282327550094,0.8594937641827431,1.0744062862004042,-0.06588987234758077,0.0012042771838760874,-0.005899212871740834
1.311639549436796,0.9225286827266428,1.2588946854794054,0.8662551268208372,1.0728395125626022,-0.06363608480154942,0.0012042771838760874,-0.005899212871740834
1.3216520650813517,0.9225286827266428,1.2559044517939864,0.8731609701475159,1.0713443957198927,-0.06133413702598983,0.0012042771838760874,-0.005899212871740834
1.3316645807259073,0.9225286827266428,1.2530604900891298,0.8802044618604926,1.0699224148674644,-0.05898630645499762,0.0012042771838760874,-0.005899212871740834
1.3416770963704632,0.9225286827266428,1.250365614040899,0.8873786334749254,1.068574976843349,-0.05659491591685337,0.0012042771838760874,-0.005899212871740834
1.3516896120150188,0.9225286827266428,1.2478224898273282,0.8946763872176948,1.0673034147365636,-0.054162331335930215,0.0012042771838760874,-0.005899212871740834
1.3617021276595744,0.9225286827266428,1.2454336334906384,0.9020905030495927,1.0661089865682187,-0.051690959391964254,0.0012042771838760874,-0.005899212871740834
1.3717146433041303,0.9225286827266428,1.2432014084479879,0.9096136458084729,1.0649928740468935,-0.04918324513900418,0.0012042771838760874,-0.005899212871740834
1.381727158948686,0.9225286827266428,1.2411280231532245,0.9172383724663014,1.0639561813995118,-0.04664166958639468,0.0012042771838760874,-0.005899212871740834
1.3917396745932415,0.9225286827266428,1.2392155289119484,0.9249571394929232,1.0629999342788736,-0.0440687472441874,0.0012042771838760874,-0.005899212871740834
1.4017521902377972,0.9225286827266428,1.237465817852052,0.9327623103192594,1.0621250787489256,-0.041467023635408676,0.0012042771838760874,-0.005899212871740834
1.411764705882353,0.9225286827266428,1.2358806210517412,0.9406461628925551,1.06133248034877,-0.03883907277764343,0.0012042771838760874,-0.005899212871740834
1.4217772215269087,0.9225286827266428,1.2344615068268916,0.948600897316198,1.0606229232363453,-0.036187494636429146,0.0012042771838760874,-0.005899212871740834
1.4317897371714643,0.9225286827266428,1.2332098791794344,0.9566186435665535,1.0599971094126166,-0.03351491255297734,0.0012042771838760874,-0.005899212871740834
1.4418022528160201,0.9225286827266428,1.232126976408304,0.9646914692791803,1.0594556580270516,-0.03082397064876839,0.0012042771838760874,-0.005899212871740834
1.4518147684605758,0.9225286827266428,1.231213869884329,0.9728113875967213,1.058999104765064,-0.028117331209588054,0.0012042771838760874,-0.005899212871740834
1.4618272841051314,0.9225286827266428,1.2304714629902667,0.9809703650707083,1.0586279013180329,-0.025397672051592365,0.0012042771838760874,-0.005899212871740834
1.471839799749687,0.9225286827266428,1.229900490227044,0.9891603296094625,1.0583424149364216,-0.022667683872007627,0.0012042771838760874,-0.005899212871740834
1.481852315394243,0.9225286827266428,1.2295015164870757,0.997373178464224,1.0581429280664374,-0.019930067587087125,0.0012042771838760874,-0.005899212871740834
1.4918648310387985,0.9225286827266428,1.2292749364953894,1.0056007862456144,1.0580296380705942,-0.017187531659957015,0.0012042771838760874,-0.005899212871740834
1.5018773466833542,0.9225286827266428,1.2292209744191032,1.0138350129624984,1.0580026570324512,-0.01444278942099564,0.0012042771838760874,-0.005899212871740834
1.51188986232791,0.9225286827266428,1.2293396836456454,1.022067712075291,1.0580620116457222,-0.011698556383398173,0.0012042771838760874,-0.005899212871740834
1.5219023779724656,0.9225286827266428,1.2296309467299362,1.0302907385557425,1.0582076431878675,-0.008957547556580955,0.0012042771838760874,-0.005899212871740834
1.5319148936170213,0.9225286827266428,1.2300944755105823,1.0384959569452326,1.0584394075781907,-0.006222474760084272,0.0012042771838760874,-0.005899212871740834
1.5419274092615771,0.9225286827266428,1.2307298113949685,1.0466752494035902,1.058757075520384,-0.003496043940631721,0.0012042771838760874,-0.005899212871740834
1.5519399249061328,0.9225286827266428,1.2315363258129686,1.054820523740488,1.0591603327293837,-0.0007809524949991577,0.0012042771838760874,-0.005899212871740834
1.5619524405506884,0.9225286827266428,1.2325132208388194,1.0629237214214577,1.0596487802423091,0.0019201133986574415,0.0012042771838760874,-0.005899212871740834
1.571964956195244,0.9225286827266428,1.2336595299805515,1.070976825540608,1.0602219348131752,0.004604481438374223,0.0012042771838760874,-0.005899212871740834
1.5819774718397999,0.9225286827266428,1.2349741191361876,1.0789718687521586,1.0608792293909934,0.007269495842224395,0.0012042771838760874,-0.005899212871740834
1.5919899874843555,0.9225286827266428,1.2364556877157682,1.0869009411529393,1.0616200136807836,0.009912519975817956,0.0012042771838760874,-0.005899212871740834
1.6020025031289111,0.9225286827266428,1.2381027699280902,1.094756198108061,1.0624435547869446,0.012530938960858475,0.0012042771838760874,-0.005899212871740834
1.612015018773467,0.9225286827266428,1.2399137362308903,1.1025298680120121,1.0633490379383448,0.015122162262175547,0.0012042771838760874,-0.005899212871740834
1.6220275344180226,0.9225286827266428,1.2418867949430332,1.1102142599775031,1.0643355672944161,0.0176836262506726,0.0012042771838760874,-0.005899212871740834
1.6320400500625782,0.9225286827266428,1.2440199940171128,1.1178017714444533,1.065402166831456,0.020212796739655918,0.0012042771838760874,-0.005899212871740834
1.6420525657071339,0.9225286827266428,1.2463112229707125,1.125284895701589,1.0665477813082558,0.022707171492034585,0.0012042771838760874,-0.005899212871740834
1.6520650813516897,0.9225286827266428,1.248758214974413,1.1326562293132185,1.067771277310106,0.025164282695911,0.0012042771838760874,-0.005899212871740834
1.6620775969962454,0.9225286827266428,1.2513585490944807,1.1399084794438221,1.06907144437014,0.027581699406112242,0.0012042771838760874,-0.005899212871740834
1.672090112640801,0.9225286827266428,1.2541096526880233,1.1470344710732316,1.0704469961669112,0.029957029949248717,0.0012042771838760874,-0.005899212871740834
1.6821026282853568,0.9225286827266428,1.2570088039482334,1.1540271540952394,1.0718965717970161,0.03228792428991795,0.0012042771838760874,-0.005899212871740834
1.6921151439299125,0.9225286827266428,1.2600531345972124,1.1608796102926269,1.0734187371215056,0.034572076355713834,0.0012042771838760874,-0.005899212871740834
1.702127659574468,0.9225286827266428,1.2632396327237028,1.167585060181712,1.075011986184751,0.036807226318742184,0.0012042771838760874,-0.005899212871740834
1.7121401752190237,0.9225286827266428,1.2665651457629266,1.1741368697196348,1.0766747427043628,0.0389911628313831,0.0012042771838760874,-0.005899212871740834
1.7221526908635796,0.9225286827266428,1.2700263836155765,1.1805285568677542,1.0784053616306877,0.04112172521408956,0.0012042771838760874,-0.005899212871740834
1.7321652065081352,0.9225286827266428,1.2736199219028796,1.1867537980046594,1.0802021307743392,0.04319680559305797,0.0012042771838760874,-0.005899212871740834
1.7421777221526908,0.9225286827266428,1.2773422053545092,1.1928064341824496,1.0820632725001542,0.04521435098565475,0.0012042771838760874,-0.005899212871740834
1.7521902377972467,0.9225286827266428,1.2811895513259952,1.1986804772200963,1.0839869454858972,0.04717236533153694,0.0012042771838760874,-0.005899212871740834
1.7622027534418023,0.9225286827266428,1.2851581534421512,1.2043701156278528,1.0859712465439753,0.04906891146745577,0.0012042771838760874,-0.005899212871740834
1.772215269086358,0.9225286827266428,1.289244085362915,1.209869720356859,1.088014212504357,0.05090211304379114,0.0012042771838760874,-0.005899212871740834
1.7822277847309136,0.9225286827266428,1.2934433046678773,1.2151738503682452,1.0901138221568383,0.05267015638091991,0.0012042771838760874,-0.005899212871740834
1.7922403003754694,0.9225286827266428,1.2977516568556542,1.2202772580162293,1.0922679982507266,0.054371292263581304,0.0012042771838760874,-0.005899212871740834
1.802252816020025,0.9225286827266428,1.302164879454145,1.2251748942398786,1.094474609549972,0.05600383767146438,0.0012042771838760874,-0.005899212871740834
1.8122653316645807,0.9225286827266428,1.3066786062376152,1.229861913558404,1.096731472941707,0.05756617744430618,0.0012042771838760874,-0.005899212871740834
1.8222778473091366,0.9225286827266428,1.311288371546425,1.2343336788650405,1.099036355596112,0.05905676587985168,0.0012042771838760874,-0.005899212871740834
1.8322903629536922,0.9225286827266428,1.315989614705132,1.238585766014772,1.1013869771754656,0.06047412826309557,0.0012042771838760874,-0.005899212871740834
1.8423028785982478,0.9225286827266428,1.3207776845346026,1.242613968201365,1.103781012090201,0.0618168623252932,0.0012042771838760874,-0.005899212871740834
1.8523153942428034,0.9225286827266428,1.325647843953658,1.2464143001193744,1.1062160917997286,0.06308363963129629,0.0012042771838760874,-0.005899212871740834
1.8623279098873593,0.9225286827266428,1.3305952746657104,1.2499830019070093,1.1086898071557547,0.06427320689384128,0.0012042771838760874,-0.005899212871740834
1.872340425531915,0.9225286827266428,1.3356150819257482,1.2533165428659565,1.1111997107857736,0.06538438721349035,0.0012042771838760874,-0.005899212871740834
1.8823529411764706,0.9225286827266428,1.3407022993829583,1.2564116249544794,1.1137433195143787,0.06641608124299805,0.0012042771838760874,-0.005899212871740834
1.8923654568210264,0.9225286827266428,1.3458518939941884,1.259265186050339,1.1163181168199936,0.06736726827495118,0.0012042771838760874,-0.005899212871740834
1.902377972465582,0.9225286827266428,1.3510587710033921,1.261874402980306,1.1189215553245955,0.06823700725160683,0.0012042771838760874,-0.005899212871740834
1.9123904881101377,0.9225286827266428,1.3563177789821321,1.2642366943132715,1.1215510593139657,0.06902443769592867,0.0012042771838760874,-0.005899212871740834
1.9224030037546935,0.9225286827266428,1.3616237149261494,1.2663497229141871,1.1242040272859743,0.06972878056290058,0.0012042771838760874,-0.005899212871740834
1.9324155193992492,0.9225286827266428,1.3669713294029604,1.2682113982563121,1.1268778345243797,0.07034933901027554,0.0012042771838760874,-0.005899212871740834
1.9424280350438048,0.9225286827266428,1.3723553317453876,1.2698198784894774,1.1295698356955932,0.07088549908799732,0.0012042771838760874,-0.005899212871740834
1.9524405506883604,0.9225286827266428,1.377770395285886,1.271173572262322,1.1322773674658424,0.07133673034561222,0.0012042771838760874,-0.005899212871740834
1.9624530663329163,0.9225286827266428,1.383211162626487,1.2722711402966984,1.1349977511361429,0.071702586357071,0.0012042771838760874,-0.005899212871740834
1.972465581977472,0.9225286827266428,1.3886722509391434,1.2731114967126875,1.1377282952924712,0.07198270516240068,0.0012042771838760874,-0.005899212871740834
1.9824780976220275,0.9225286827266428,1.394148257291237,1.2736938101029156,1.140466298468518,0.07217680962581002,0.0012042771838760874,-0.005899212871740834
1.9924906132665834,0.9225286827266428,1.3996337639909735,1.2740175043551079,1.1432090518183862,0.07228470770987414,0.0012042771838760874,-0.005899212871740834
2.002503128911139,0.9225286827266428,1.4051233439473807,1.2740822592220657,1.14595384179659,0.0723062926655268,0.0012042771838760874,-0.005899212871740834
2.0125156445556946,0.9225286827266428,1.410611566039607,1.2738880106385038,1.148697952842703,0.07224154313767278,0.0012042771838760874,-0.005899212871740834
2.0225281602002503,0.9225286827266428,1.4160930004902048,1.273434950784432,1.151438670068002,0.07209052318631554,0.0012042771838760874,-0.005899212871740834
2.032540675844806,0.9225286827266428,1.4215622242370853,1.2727235278950233,1.1541732819414423,0.07185338222317933,0.0012042771838760874,-0.005899212871740834
2.0425531914893615,0.9225286827266428,1.427013826298831,1.2717544458171515,1.156899082972315,0.07153035486388867,0.0012042771838760874,-0.005899212871740834
2.0525657071339176,0.9225286827266428,1.4324424131280542,1.2705286633130388,1.1596133763869267,0.0711217606958511,0.0012042771838760874,-0.005899212871740834
2.0625782227784732,0.9225286827266428,1.4378426139475078,1.2690473931117048,1.1623134767966534,0.07062800396207311,0.0012042771838760874,-0.005899212871740834
2.072590738423029,0.9225286827266428,1.4432090860636693,1.2673121007091515,1.164996712854734,0.07004957316122201,0.0012042771838760874,-0.005899212871740834
2.0826032540675845,0.9225286827266428,1.4485365201525389,1.2653245029184732,1.1676604298991689,0.0693870405643292,0.0012042771838760874,-0.005899212871740834
2.09261576971214,0.9225286827266428,1.453819645512424,1.263086566171326,1.1703019925791114,0.0686410616486135,0.0012042771838760874,-0.005899212871740834
2.1026282853566958,0.9225286827266428,1.4590532352785128,1.2606005045724376,1.172918787462156,0.06781237444898405,0.0012042771838760874,-0.005899212871740834
2.1126408010012514,0.9225286827266428,1.4642321115940784,1.2578687777090796,1.1755082256199387,0.0669017988278647,0.0012042771838760874,-0.005899212871740834
2.1226533166458075,0.9225286827266428,1.469351150733194,1.2548940882176738,1.1780677451894965,0.06591023566406276,0.0012042771838760874,-0.005899212871740834
2.132665832290363,0.9225286827266428,1.4744052881698972,1.2516793791099352,1.1805948139078482,0.0648386659614833,0.0012042771838760874,-0.005899212871740834
2.1426783479349187,0.9225286827266428,1.479389523588784,1.2482278308612027,1.1830869316172916,0.06368814987857241,0.0012042771838760874,-0.005899212871740834
2.1526908635794744,0.9225286827266428,1.4842989258320733,1.2445428582638303,1.185541632738936,0.06245982567944832,0.0012042771838760874,-0.005899212871740834
2.16270337922403,0.9225286827266428,1.4891286377782542,1.2406281070487615,1.1879564887120266,0.06115490860775865,0.0012042771838760874,-0.005899212871740834
2.1727158948685856,0.9225286827266428,1.4938738811474823,1.2364874502786205,1.1903291103966407,0.059774689684378345,0.0012042771838760874,-0.005899212871740834
2.1827284105131417,0.9225286827266428,1.4985299612289757,1.2321249845158955,1.1926571504373873,0.058320534430136704,0.0012042771838760874,-0.005899212871740834
2.1927409261576973,0.9225286827266428,1.5030922715257307,1.2275450257700011,1.194938305585765,0.05679388151483856,0.0012042771838760874,-0.005899212871740834
2.202753441802253,0.9225286827266428,1.5075562983119648,1.222752105227228,1.197170318978882,0.055196241333914244,0.0012042771838760874,-0.005899212871740834
2.2127659574468086,0.9225286827266428,1.5119176250987745,1.2177509647678133,1.1993509823722868,0.05352919451410929,0.0012042771838760874,-0.005899212871740834
2.2227784730913642,0.9225286827266428,1.5161719370035929,1.2125465522745544,1.201478138324696,0.051794390349689697,0.0012042771838760874,-0.005899212871740834
2.23279098873592,0.9225286827266428,1.5203150250191226,1.2071440167376177,1.2035496823324607,0.04999354517071076,0.0012042771838760874,-0.005899212871740834
2.2428035043804755,0.9225286827266428,1.5243427901775204,1.2015487031603806,1.2055635649116596,0.04812844064496507,0.0012042771838760874,-0.005899212871740834
2.2528160200250316,0.9225286827266428,1.5282512476057157,1.195766147271348,1.2075177936257573,0.04620092201528746,0.0012042771838760874,-0.005899212871740834
2.262828535669587,0.9225286827266428,1.5320365304678474,1.1898020700473726,1.2094104350568233,0.04421289627396243,0.0012042771838760874,-0.005899212871740834
2.272841051314143,0.9225286827266428,1.535694893790922,1.1836623720536048,1.2112396167183606,0.042166330276039776,0.0012042771838760874,-0.005899212871740834
2.2828535669586985,0.9225286827266428,1.5392227181699054,1.1773531276057583,1.2130035289078522,0.0400632487934243,0.0012042771838760874,-0.005899212871740834
2.292866082603254,0.9225286827266428,1.5426165133485856,1.1708805787604852,1.2147004264971923,0.03790573251166658,0.0012042771838760874,-0.005899212871740834
2.3028785982478097,0.9225286827266428,1.5458729216726597,1.1642511291397892,1.2163286306592294,0.035695915971434566,0.0012042771838760874,-0.005899212871740834
2.3128911138923653,0.9225286827266428,1.548988721411632,1.1574713375955954,1.2178865305287154,0.033435985456703315,0.0012042771838760874,-0.005899212871740834
2.3229036295369214,0.9225286827266428,1.5519608299462375,1.1505479117207482,1.2193725847960182,0.031128176831754242,0.0012042771838760874,-0.005899212871740834
2.332916145181477,0.9225286827266428,1.5547863068182324,1.143487701212844,1.2207853232320156,0.028774773329119513,0.0012042771838760874,-0.005899212871740834
2.3429286608260327,0.9225286827266428,1.55746235663954,1.1362976910974796,1.2221233481426697,0.026378103290664708,0.0012042771838760874,-0.005899212871740834
2.3529411764705883,0.9225286827266428,1.5599863318578706,1.1289849948176083,1.2233853357518347,0.023940537864040982,0.0012042771838760874,-0.005899212871740834
2.362953692115144,0.9225286827266428,1.5623557353760784,1.121556847195852,1.2245700375109387,0.021464488656788856,0.0012042771838760874,-0.005899212871740834
2.3729662077596996,0.9225286827266428,1.5645682230226687,1.1140205972767205,1.225676281334234,0.018952405350411733,0.0012042771838760874,-0.005899212871740834
2.382978723404255,0.9225286827266428,1.5666216058710043,1.106383701055828,1.2267029727584018,0.01640677327678086,0.0012042771838760874,-0.005899212871740834
2.3929912390488113,0.9225286827266428,1.5685138524049234,1.0986537141032982,1.2276490960253612,0.013830110959270881,0.0012042771838760874,-0.005899212871740834
2.403003754693367,0.9225286827266428,1.5702430905286207,1.090838284088653,1.2285137150872099,0.011224967621055883,0.0012042771838760874,-0.005899212871740834
2.4130162703379225,0.9225286827266428,1.571807609418808,1.0829451432145856,1.2292959745323035,0.008593920663033352,0.0012042771838760874,-0.005899212871740834
2.423028785982478,0.9225286827266428,1.573205861217319,1.0749821005670965,1.229995100431559,0.005939573113870385,0.0012042771838760874,-0.005899212871740834
2.433041301627034,0.9225286827266428,1.5744364625624827,1.066957034389568,1.2306104011041408,0.0032645510546942223,0.0012042771838760874,-0.005899212871740834
2.4430538172715894,0.9225286827266428,1.575498195957755,1.05887788428842,1.231141267801777,0.0005715010209781778,0.0012042771838760874,-0.005899212871740834
2.453066332916145,0.9225286827266428,1.5763900109762494,1.0507526433780476,1.2315871753110244,-0.002136912615812567,0.0012042771838760874,-0.005899212871740834
2.463078848560701,0.9225286827266428,1.577111025299978,1.0425893503728303,1.2319476824728886,-0.004858010284218358,0.0012042771838760874,-0.005899212871740834
2.4730913642052568,0.9225286827266428,1.5776605255927727,1.0343960816340232,1.2322224326192859,-0.0075890998638207235,0.0012042771838760874,-0.005899212871740834
2.4831038798498124,0.9225286827266428,1.5780379682060262,1.026180943179399,1.2324111539259126,-0.010327479348695502,0.0012042771838760874,-0.005899212871740834
2.493116395494368,0.9225286827266428,1.5782429797165507,1.0179520626635536,1.232513659681175,-0.01307043952064391,0.0012042771838760874,-0.005899212871740834
2.5031289111389237,0.9225286827266428,1.5782753572960246,1.0097175813368031,1.232529848470912,-0.01581526662956076,0.0012042771838760874,-0.005899212871740834
2.5131414267834793,0.9225286827266428,1.5781350689116607,1.0014856459906316,1.23245970427873,-0.018559245078284638,0.0012042771838760874,-0.005899212871740834
2.523153942428035,0.9225286827266428,1.5778222533578976,0.9932644008976549,1.2323032965018483,-0.02129966010927686,0.0012042771838760874,-0.005899212871740834
2.533166458072591,0.9225286827266428,1.5773372201190838,0.9850619797540758,1.2320607798824414,-0.024033800490469874,0.0012042771838760874,-0.005899212871740834
2.5431789737171466,0.9225286827266428,1.5766804490632893,0.976886497632609,1.2317323943545442,-0.02675896119762547,0.0012042771838760874,-0.005899212871740834
2.5531914893617023,0.9225286827266428,1.5758525899675468,0.9687460429538203,1.2313184648066728,-0.029472446090555056,0.0012042771838760874,-0.005899212871740834
2.563204005006258,0.9225286827266428,1.5748544618749951,0.9606486694838453,1.230819400760397,-0.03217157058054672,0.0012042771838760874,-0.005899212871740834
2.5732165206508135,0.9225286827266428,1.5736870522845574,0.9526023883663868,1.2302356959651783,-0.0348536642863662,0.0012042771838760874,-0.005899212871740834
2.583229036295369,0.9225286827266428,1.572351516173959,0.9446151601968833,1.229567927909879,-0.03751607367620072,0.0012042771838760874,-0.005899212871740834
2.593241551939925,0.9225286827266428,1.570849174857048,0.9366948871466848,1.2288167572514235,-0.04015616469293355,0.0012042771838760874,-0.005899212871740834
2.603254067584481,0.9225286827266428,1.569181514676553,0.9288494051450349,1.227982927161176,-0.04277132536015018,0.0012042771838760874,-0.005899212871740834
2.6132665832290365,0.9225286827266428,1.5673501855335696,0.9210864761265877,1.2270672625896843,-0.04535896836629924,0.0012042771838760874,-0.005899212871740834
2.623279098873592,0.9225286827266428,1.5653569992552272,0.9134137803521266,1.2260706694505132,-0.04791653362445293,0.0012042771838760874,-0.005899212871740834
2.6332916145181477,0.9225286827266428,1.5632039278021572,0.905838908810096,1.224994133723978,-0.0504414908051298,0.0012042771838760874,-0.005899212871740834
2.6433041301627034,0.9225286827266428,1.5608931013175322,0.8983693557064482,1.2238387204816656,-0.05293134183967909,0.0012042771838760874,-0.005899212871740834
2.653316645807259,0.9225286827266428,1.558426806019607,0.8910125110502426,1.222605572832703,-0.05538362339174762,0.0012042771838760874,-0.005899212871740834
2.6633291614518146,0.9225286827266428,1.555807481939845,0.8837756533423365,1.221295910792822,-0.057795909294382955,0.0012042771838760874,-0.005899212871740834
2.6733416770963707,0.9225286827266428,1.5530377205088741,0.8766659423743921,1.2199110300773366,-0.06016581295036443,0.0012042771838760874,-0.005899212871740834
2.6833541927409263,0.9225286827266428,1.550120261992649,0.86969041214533,1.218452300819224,-0.062490989693385124,0.0012042771838760874,-0.005899212871740834
2.693366708385482,0.9225286827266428,1.5470579927813686,0.8628559639022368,1.2169211662135837,-0.06476913910774951,0.0012042771838760874,-0.005899212871740834
2.7033792240300376,0.9225286827266428,1.5438539425338227,0.8561693593126101,1.215319141089811,-0.06699800730429178,0.0012042771838760874,-0.005899212871740834
2.7133917396745932,0.9225286827266428,1.5405112811799966,0.849637213774695,1.2136478104128978,-0.06917538915026349,0.0012042771838760874,-0.005899212871740834
2.723404255319149,0.9225286827266428,1.5370333157848974,0.8432659898725366,1.2119088277153482,-0.07129913045098292,0.0012042771838760874,-0.005899212871740834
2.7334167709637045,0.9225286827266428,1.5334234872767076,0.8370619909822155,1.2101039134612535,-0.07336713008109001,0.0012042771838760874,-0.005899212871740834
2.7434292866082606,0.9225286827266428,1.5296853670424984,0.8310313550355958,1.2082348533441487,-0.07537734206329655,0.0012042771838760874,-0.005899212871740834
2.753441802252816,0.9225286827266428,1.5258226533948749,0.8251800484477588,1.206303496520337,-0.07732777759257554,0.0012042771838760874,-0.005899212871740834
2.763454317897372,0.9225286827266428,1.5218391679130483,0.8195138602141238,1.2043117537794237,-0.07921650700378721,0.0012042771838760874,-0.005899212871740834
2.7734668335419275,0.9225286827266428,1.5177388516619508,0.8140383961830995,1.202261595653875,-0.08104166168079532,0.0012042771838760874,-0.005899212871740834
2.783479349186483,0.9225286827266428,1.5135257612931423,0.8087590735099347,1.2001550504694707,-0.08280143590518357,0.0012042771838760874,-0.005899212871740834
2.7934918648310387,0.9225286827266428,1.5092040650313567,0.8036811152972496,1.197994202338578,-0.08449408864274527,0.0012042771838760874,-0.005899212871740834
2.8035043804755944,0.9225286827266428,1.5047780385506657,0.7988095454275551,1.1957811890982324,-0.08611794526597677,0.0012042771838760874,-0.005899212871740834
2.8135168961201504,0.9225286827266428,1.500252060744336,0.794149183592869,1.1935182001950675,-0.08767139921087214,0.0012042771838760874,-0.005899212871740834
2.823529411764706,0.9225286827266428,1.4956306093925686,0.789704640526352,1.1912074745191839,-0.0891529135663778,0.0012042771838760874,-0.005899212871740834
2.8335419274092617,0.9225286827266428,1.490918256732402,0.7854803134406712,1.1888512981891004,-0.09056102259493806,0.0012042771838760874,-0.005899212871740834
2.8435544430538173,0.9225286827266428,1.4861196649341655,0.7814803816776167,1.1864520022899823,-0.09189433318262291,0.0012042771838760874,-0.005899212871740834
2.853566958698373,0.9225286827266428,1.4812395814889574,0.7777088025732647,1.1840119605673782,-0.09315152621740691,0.0012042771838760874,-0.005899212871740834
2.8635794743429286,0.9225286827266428,1.4762828345117098,0.7741693075427838,1.1815335870787544,-0.09433135789423386,0.0012042771838760874,-0.005899212871740834
2.873591989987484,0.9225286827266428,1.471254327964489,0.7708653983887558,1.179019333805144,-0.09543266094557656,0.0012042771838760874,-0.005899212871740834
2.8836045056320403,0.9225286827266428,1.4661590368047557,0.7678003438366646,1.1764716882252773,-0.09645434579627363,0.0012042771838760874,-0.005899212871740834
2.893617021276596,0.9225286827266428,1.4610020020633874,0.7649771763009795,1.1738931708545932,-0.09739540164150198,0.0012042771838760874,-0.005899212871740834
2.9036295369211516,0.9225286827266428,1.4557883258573296,0.7623986888850333,1.1712863327515644,-0.0982548974468174,0.0012042771838760874,-0.005899212871740834
2.913642052565707,0.9225286827266428,1.4505231663418114,0.7600674326176627,1.1686537529938053,-0.09903198286927423,0.0012042771838760874,-0.005899212871740834
2.923654568210263,0.9225286827266428,1.4452117326071205,0.7579857139293464,1.1659980361264597,-0.099725889098713,0.0012042771838760874,-0.005899212871740834
2.9336670838548184,0.9225286827266428,1.439859279524984,0.7561555923703349,1.1633218095853914,-0.10033592961838353,0.0012042771838760874,-0.005899212871740834
2.943679599499374,0.9225286827266428,1.4344711025496582,0.7545788785730335,1.1606277210977287,-0.10086150088415063,0.0012042771838760874,-0.005899212871740834
2.95369211514393,0.9225286827266428,1.4290525324788645,0.7532571324606514,1.1579184360623318,-0.10130208292161133,0.0012042771838760874,-0.005899212871740834
2.963704630788486,0.9225286827266428,1.4236089301797612,0.75219166170389,1.1551966349127802,-0.10165723984053182,0.0012042771838760874,-0.005899212871740834
2.9737171464330414,0.9225286827266428,1.4181456812851634,0.7513835204271977,1.1524650104654812,-0.10192662026609592,0.0012042771838760874,-0.005899212871740834
2.983729662077597,0.9225286827266428,1.4126681908652639,0.7508335081658712,1.1497262652555316,-0.10210995768653808,0.0012042771838760874,-0.005899212871740834
2.9937421777221527,0.9225286827266428,1.4071818780801202,0.7505421690750345,1.1469831088629596,-0.10220707071681698,0.0012042771838760874,-0.005899212871740834
3.0037546933667083,0.9225286827266428,1.4016921708182055,0.7505097913912782,1.1442382552320023,-0.10221786327806909,0.0012042771838760874,-0.005899212871740834
3.0137672090112644,0.9225286827266428,1.3962045003263217,0.7507364071474929,1.1414944199860604,-0.10214232469266418,0.0012042771838760874,-0.005899212871740834
3.02377972465582,0.9225286827266428,1.3907242958361903,0.7512217921411769,1.1387543177409947,-0.1019805296947695,0.0012042771838760874,-0.005899212871740834
3.0337922403003756,0.9225286827266428,1.3852569791930371,0.7519654661562516,1.136020659419418,-0.1017326383564113,0.0012042771838760874,-0.005899212871740834
3.0438047559449313,0.9225286827266428,1.3798079594914854,0.7529666934381631,1.1332961495686422,-0.10139889592910745,0.0012042771838760874,-0.005899212871740834
3.053817271589487,0.9225286827266428,1.3743826277240623,0.7542244834218027,1.1305834836849307,-0.10097963260122758,0.0012042771838760874,-0.005899212871740834
3.0638297872340425,0.9225286827266428,1.3689863514476162,0.7557375917115221,1.1278853455467075,-0.10047526317132108,0.0012042771838760874,-0.005899212871740834
3.073842302878598,0.9225286827266428,1.3636244694729198,0.7575045213122783,1.1252044045593594,-0.09988628663773572,0.0012042771838760874,-0.005899212871740834
3.0838548185231542,0.9225286827266428,1.358302286582712,0.7595235241106866,1.1225433131142555,-0.09921328570493293,0.0012042771838760874,-0.005899212871740834
3.09386733416771,0.9225286827266428,1.3530250682834077,0.7617926026045181,1.1199047039646033,-0.09845692620698912,0.0012042771838760874,-0.005899212871740834
3.1038798498122655,0.9225286827266428,1.347798035595663,0.76430951187893,1.117291187620731,-0.0976179564488518,0.0012042771838760874,-0.005899212871740834
3.113892365456821,0.9225286827266428,1.3426263598889534,0.7670717618274757,1.1147053497673762,-0.09669720646600324,0.0012042771838760874,-0.005899212871740834
3.1239048811013768,0.9225286827266428,1.3375151577652769,0.7700766196156915,1.1121497487055378,-0.09569558720326465,0.0012042771838760874,-0.005899212871740834
3.1339173967459324,0.9225286827266428,1.3324694859970374,0.7733211123848303,1.1096269128214182,-0.0946140896135517,0.0012042771838760874,-0.005899212871740834
3.143929912390488,0.9225286827266428,1.3274943365241223,0.7768020301930623,1.1071393380849606,-0.0934537836774744,0.0012042771838760874,-0.005899212871740834
3.153942428035044,0.9225286827266428,1.3225946315151236,0.7805159291912329,1.1046894855804612,-0.09221581734475084,0.0012042771838760874,-0.005899212871740834
3.1639549436795997,0.9225286827266428,1.3177752184975857,0.7844591350300376,1.1022797790716923,-0.0909014153984826,0.0012042771838760874,-0.005899212871740834
3.1739674593241554,0.9225286827266428,1.313040865562098,0.7886277464952451,1.0999126026039485,-0.08951187824341345,0.0012042771838760874,-0.005899212871740834
3.183979974968711,0.9225286827266428,1.3083962566449823,0.7930176393673642,1.0975902981453907,-0.08804858061937373,0.0012042771838760874,-0.005899212871740834
3.1939924906132666,0.9225286827266428,1.3038459868942354,0.7976244705019457,1.095315163270017,-0.08651297024117988,0.0012042771838760874,-0.005899212871740834
3.2040050062578223,0.9225286827266428,1.2993945581233146,0.8024436821264767,1.0930894488845568,-0.08490656636633626,0.0012042771838760874,-0.005899212871740834
3.214017521902378,0.9225286827266428,1.2950463743572658,0.8074705063496149,1.0909153570015324,-0.08323095829195684,0.0012042771838760874,-0.005899212871740834
3.224030037546934,0.9225286827266428,1.2908057374755968,0.8126999698783084,1.088795038560698,-0.08148780378239237,0.0012042771838760874,-0.005899212871740834
3.2340425531914896,0.9225286827266428,1.2866768429562083,0.8181268989381258,1.0867305913010037,-0.07967882742911986,0.0012042771838760874,-0.005899212871740834
3.244055068836045,0.9225286827266428,1.2826637757245956,0.8237459243919365,1.0847240576851973,-0.07780581894451633,0.0012042771838760874,-0.005899212871740834
3.254067584480601,0.9225286827266428,1.2787705061124222,0.8295514870518688,1.0827774228791105,-0.07587063139120553,0.0012042771838760874,-0.005899212871740834
3.2640801001251565,0.9225286827266428,1.2750008859294695,0.8355378431793008,1.0808926127876342,-0.07387517934872823,0.0012042771838760874,-0.005899212871740834
3.274092615769712,0.9225286827266428,1.2713586446528455,0.8416990701674297,1.0790714921493223,-0.0718214370193519,0.0012042771838760874,-0.005899212871740834
3.2841051314142677,0.9225286827266428,1.2678473857372232,0.8480290724008105,1.0773158626915111,-0.06971143627489164,0.0012042771838760874,-0.005899212871740834
3.294117647058824,0.9225286827266428,1.2644705830497582,0.854521587286059,1.0756274613477788,-0.0675472646464755,0.0012042771838760874,-0.005899212871740834
3.3041301627033794,0.9225286827266428,1.2612315774332181,0.861170191447751,1.0740079585395086,-0.0653310632592448,0.0012042771838760874,-0.005899212871740834
3.314142678347935,0.9225286827266428,1.2581335734007133,0.8679683070833981,1.0724589565232563,-0.06306502471402912,0.0012042771838760874,-0.005899212871740834
3.3241551939924907,0.9225286827266428,1.255179635965311,0.8749092084712015,1.070981987805555,-0.06075139091809467,0.0012042771838760874,-0.005899212871740834
3.3341677096370463,0.9225286827266428,1.2523726876076613,0.8819860286241494,1.0695785136267302,-0.05839245086711202,0.0012042771838760874,-0.005899212871740834
3.344180225281602,0.9225286827266428,1.2497155053846392,0.8891917660838781,1.068249922515219,-0.0559905383805358,0.0012042771838760874,-0.005899212871740834
3.3541927409261576,0.9225286827266428,1.2472107181818588,0.8965192918475717,1.066997528913829,-0.05354802979263792,0.0012042771838760874,-0.005899212871740834
3.3642052565707137,0.9225286827266428,1.244860804112785,0.903961356421046,1.0658225718792922,-0.051067341601479806,0.0012042771838760874,-0.005899212871740834
3.3742177722152693,0.9225286827266428,1.2426680880670098,0.9115105969910413,1.0647262138564044,-0.04855092807814802,0.0012042771838760874,-0.005899212871740834
3.384230287859825,0.9225286827266428,1.2406347394101185,0.9191595447096323,1.0637095395279588,-0.0460012788386177,0.0012042771838760874,-0.005899212871740834
3.3942428035043806,0.9225286827266428,1.238762769837428,0.9269006320835349,1.0627735547416135,-0.043420916380650175,0.0012042771838760874,-0.005899212871740834
3.404255319148936,0.9225286827266428,1.2370540313837137,0.9347262004610145,1.0619191855147563,-0.04081239358815696,0.0012042771838760874,-0.005899212871740834
3.414267834793492,0.9225286827266428,1.2355102145908965,0.9426285076089813,1.0611472771183479,-0.03817829120550136,0.0012042771838760874,-0.005899212871740834
3.4242803504380475,0.9225286827266428,1.2341328468355048,0.9505997353727726,1.0604585932406518,-0.03552121528423758,0.0012042771838760874,-0.005899212871740834
3.4342928660826035,0.9225286827266428,1.2329232908175622,0.9586319974110533,1.0598538152316808,-0.03284379460481069,0.0012042771838760874,-0.005899212871740834
3.444305381727159,0.9225286827266428,1.2318827432124,0.9667173469981739,1.0593335414290994,-0.030148678075770492,0.0012042771838760874,-0.005899212871740834
3.454317897371715,0.9225286827266428,1.2310122334867237,0.974847784886271,1.0588982865662615,-0.027438532113071474,0.0012042771838760874,-0.005899212871740834
3.4643304130162704,0.9225286827266428,1.2303126228801113,0.9830152672193301,1.0585484812629553,-0.024716038002051792,0.0012042771838760874,-0.005899212871740834
3.474342928660826,0.9225286827266428,1.2297846035529438,0.9912117134913814,1.0582844715993716,-0.021983889244701356,0.0012042771838760874,-0.005899212871740834
3.4843554443053817,0.9225286827266428,1.2294286979016158,0.9994290145409576,1.0581065187737075,-0.019244788894842636,0.0012042771838760874,-0.005899212871740834
3.4943679599499373,0.9225286827266428,1.2292452580417026,1.007659040573897,1.058014798843751,-0.016501446883862826,0.0012042771838760874,-0.005899212871740834
3.5043804755944934,0.9225286827266428,1.229234465459594,1.0158936492065647,1.0580094025526965,-0.013756577339640218,0.0012042771838760874,-0.005899212871740834
3.514392991239049,0.9225286827266428,1.229396330832941,1.024124693521527,1.05809033523937,-0.011012895901319472,0.0012042771838760874,-0.005899212871740834
3.5244055068836047,0.9225286827266428,1.229730694020091,1.0323440301277105,1.058257516832945,-0.008273117032591615,0.0012042771838760874,-0.005899212871740834
3.5344180225281603,0.9225286827266428,1.230237224218525,1.0405435272170742,1.0585107819321622,-0.005539951336137104,0.0012042771838760874,-0.005899212871740834
3.544430538172716,0.9225286827266428,1.2309154202921377,1.0487150726098213,1.0588498799689683,-0.0028161028718880123,0.0012042771838760874,-0.005899212871740834
3.5544430538172715,0.9225286827266428,1.2317646112670348,1.056850581780191,1.059274475456417,-0.00010426648176484025,0.0012042771838760874,-0.005899212871740834
3.564455569461827,0.9225286827266428,1.2327839569953642,1.0649420058548902,1.0597841483205817,0.002592874876468223,0.0012042771838760874,-0.005899212871740834
3.5744680851063833,0.9225286827266428,1.2339724489865158,1.072981339576257,1.0603783943161573,0.005272652783590567,0.0012042771838760874,-0.005899212871740834
3.584480600750939,0.9225286827266428,1.2353289114048722,1.080960629222265,1.0610566255253355,0.007932415998926592,0.0012042771838760874,-0.005899212871740834
3.5944931163954945,0.9225286827266428,1.2368520022331235,1.0888719804755487,1.0618181709394614,0.010569533083354433,0.0012042771838760874,-0.005899212871740834
3.60450563204005,0.9225286827266428,1.2385402145999937,1.0967075662336527,1.0626622771228964,0.013181395002722435,0.0012042771838760874,-0.005899212871740834
3.6145181476846058,0.9225286827266428,1.2403918782710635,1.1044596343527815,1.0635881089584314,0.015765417709098686,0.0012042771838760874,-0.005899212871740834
3.6245306633291614,0.9225286827266428,1.2424051613012197,1.1121205153173903,1.0645947504735094,0.01831904469730162,0.0012042771838760874,-0.005899212871740834
3.634543178973717,0.9225286827266428,1.2445780718470916,1.1196826298280287,1.0656812057464453,0.02083974953418112,0.0012042771838760874,-0.005899212871740834
3.644555694618273,0.9225286827266428,1.2469084601376823,1.1271384962999256,1.0668463998917406,0.02332503835814672,0.0012042771838760874,-0.005899212871740834
3.6545682102628287,0.9225286827266428,1.2493940206012466,1.1344807382649005,1.0680891801235228,0.025772452346471665,0.0012042771838760874,-0.005899212871740834
3.6645807259073844,0.9225286827266428,1.2520322941463118,1.1417020916692833,1.0694083168960553,0.02817957014793264,0.0012042771838760874,-0.005899212871740834
3.67459324155194,0.9225286827266428,1.2548206705945804,1.1487954120606085,1.0708025051201897,0.03054401027837437,0.0012042771838760874,-0.005899212871740834
3.6846057571964956,0.9225286827266428,1.2577563912633127,1.1557536816559864,1.072270365454556,0.032863433476833674,0.0012042771838760874,-0.005899212871740834
3.6946182728410513,0.9225286827266428,1.2608365516946338,1.1625700162851549,1.0738104456702164,0.03513554501988981,0.0012042771838760874,-0.005899212871740834
3.704630788485607,0.9225286827266428,1.2640581045290589,1.1692376722013362,1.075421222087429,0.03735809699195031,0.0012042771838760874,-0.005899212871740834
3.714643304130163,0.9225286827266428,1.2674178625204027,1.175750052753172,1.0771011010831009,0.03952889050922883,0.0012042771838760874,-0.005899212871740834
3.7246558197747186,0.9225286827266428,1.270912501689084,1.1821007149111236,1.0788484206674416,0.0416457778952127,0.0012042771838760874,-0.005899212871740834
3.7346683354192742,0.9225286827266428,1.274538564610708,1.1882833756418911,1.0806614521282536,0.04370666480546855,0.0012042771838760874,-0.005899212871740834
3.74468085106383,0.9225286827266428,1.2782924638366717,1.1942919181245368,1.0825384017412354,0.045709512299683806,0.0012042771838760874,-0.005899212871740834
3.7546933667083855,0.9225286827266428,1.2821704854434106,1.2001203978021688,1.0844774125446048,0.04765233885889449,0.0012042771838760874,-0.005899212871740834
3.764705882352941,0.9225286827266428,1.2861687927067709,1.205763048263192,1.086476566176285,0.049533222345902204,0.0012042771838760874,-0.005899212871740834
3.7747183979974968,0.9225286827266428,1.290283429897876,1.211214286946313,1.0885338847718375,0.0513503019069425,0.0012042771838760874,-0.005899212871740834
3.784730913642053,0.9225286827266428,1.294510326196733,1.2164687206636537,1.090647332921266,0.05310177981272277,0.0012042771838760874,-0.005899212871740834
3.7947434292866085,0.9225286827266428,1.2988452997196975,1.221521150936504,1.0928148196827483,0.05478592323700623,0.0012042771838760874,-0.005899212871740834
3.804755944931164,0.9225286827266428,1.3032840616568278,1.2263665791384435,1.0950342006513134,0.056401065970986035,0.0012042771838760874,-0.005899212871740834
3.8147684605757197,0.9225286827266428,1.3078222205150223,1.2310002114407366,1.0973032800804106,0.05794561007175036,0.0012042771838760874,-0.005899212871740834
3.8247809762202754,0.9225286827266428,1.312455286462745,1.2354174635551098,1.099619813054272,0.05941802744320817,0.0012042771838760874,-0.005899212871740834
3.834793491864831,0.9225286827266428,1.3171786757720467,1.2396139652692235,1.1019815077089228,0.06081686134791272,0.0012042771838760874,-0.005899212871740834
3.844806007509387,0.9225286827266428,1.3219877153534796,1.2435855647703447,1.1043860274996393,0.06214072784828641,0.0012042771838760874,-0.005899212871740834
3.8548185231539427,0.9225286827266428,1.3268776473794213,1.247328332752945,1.1068309935126102,0.06338831717581989,0.0012042771838760874,-0.005899212871740834
3.8648310387984983,0.9225286827266428,1.3318436339912376,1.2508385663061654,1.1093139868185182,0.06455839502689334,0.0012042771838760874,-0.005899212871740834
3.874843554443054,0.9225286827266428,1.3368807620856218,1.254112792577293,1.1118325508657105,0.06564980378393584,0.0012042771838760874,-0.005899212871740834
3.8848560700876096,0.9225286827266428,1.3419840481753773,1.2571477722076303,1.1143841939105883,0.06666146366071499,0.0012042771838760874,-0.005899212871740834
3.894868585732165,0.9225286827266428,1.3471484433198353,1.259940502537359,1.1169663914828172,0.06759237377062452,0.0012042771838760874,-0.005899212871740834
3.904881101376721,0.9225286827266428,1.3523688381200298,1.2624882205762236,1.1195765888829143,0.06844161311691269,0.0012042771838760874,-0.005899212871740834
3.914893617021277,0.9225286827266428,1.3576400677736842,1.2647884057370977,1.1222122037097417,0.06920834150387078,0.0012042771838760874,-0.005899212871740834
3.9249061326658325,0.9225286827266428,1.3629569171850138,1.26683878232973,1.1248706284154064,0.06989180036808154,0.0012042771838760874,-0.005899212871740834
3.934918648310388,0.9225286827266428,1.368314126124287,1.2686373218122005,1.127549232885043,0.07049131352890503,0.0012042771838760874,-0.005899212871740834
3.944931163954944,0.9225286827266428,1.3737063944320362,1.2701822447978595,1.1302453670389176,0.071006287857458,0.0012042771838760874,-0.005899212871740834
3.9549436795994994,0.9225286827266428,1.3791283872627762,1.2714720228157657,1.1329563634542876,0.07143621386342672,0.0012042771838760874,-0.005899212871740834
3.964956195244055,0.9225286827266428,1.384574740363039,1.2725053798228807,1.135679540004419,0.07178066619913179,0.0012042771838760874,-0.005899212871740834
3.9749687108886107,0.9225286827266428,1.3900400653785012,1.2732812934665234,1.1384122025121501,0.072039304080346,0.0012042771838760874,-0.005899212871740834
3.9849812265331668,0.9225286827266428,1.3955189551849583,1.2737989960958345,1.1411516474153787,0.07221187162344964,0.0012042771838760874,-0.005899212871740834
3.9949937421777224,0.9225286827266428,1.4010059892378681,1.274057975521253,1.1438951644418336,0.07229819809858926,0.0012042771838760874,-0.005899212871740834
4.005006257822278,0.9225286827266428,1.4064957389351707,1.274057975521253,1.1466400392904847,0.07229819809858926,0.0012042771838760874,-0.005899212871740834
4.015018773466833,0.9225286827266428,1.41198277298808,1.2737989960958345,1.1493835563169394,0.07221187162344964,0.0012042771838760874,-0.005899212871740834
4.025031289111389,0.9225286827266428,1.4174616627945373,1.2732812934665234,1.1521230012201682,0.072039304080346,0.0012042771838760874,-0.005899212871740834
4.035043804755945,0.9225286827266428,1.4229269878099997,1.2725053798228807,1.1548556637278993,0.07178066619913179,0.0012042771838760874,-0.005899212871740834
4.045056320400501,0.9225286827266428,1.4283733409102621,1.2714720228157657,1.1575788402780305,0.07143621386342675,0.0012042771838760874,-0.005899212871740834
4.055068836045057,0.9225286827266428,1.4337953337410023,1.2701822447978595,1.1602898366934007,0.071006287857458,0.0012042771838760874,-0.005899212871740834
4.065081351689612,0.9225286827266428,1.4391876020487513,1.2686373218122005,1.1629859708472752,0.07049131352890506,0.0012042771838760874,-0.005899212871740834
4.075093867334168,0.9225286827266428,1.4445448109880246,1.2668387823297302,1.165664575316912,0.06989180036808157,0.0012042771838760874,-0.005899212871740834
4.085106382978723,0.9225286827266428,1.4498616603993542,1.264788405737098,1.1683230000225766,0.06920834150387078,0.0012042771838760874,-0.005899212871740834
4.095118898623279,0.9225286827266428,1.4551328900530087,1.2624882205762236,1.1709586148494038,0.06844161311691271,0.0012042771838760874,-0.005899212871740834
4.105131414267835,0.9225286827266428,1.460353284853203,1.2599405025373591,1.173568812249501,0.06759237377062455,0.0012042771838760874,-0.005899212871740834
4.11514392991239,0.9225286827266428,1.465517679997661,1.2571477722076305,1.17615100982173,0.06666146366071501,0.0012042771838760874,-0.005899212871740834
4.1251564455569465,0.9225286827266428,1.4706209660874168,1.2541127925772928,1.178702652866608,0.06564980378393581,0.0012042771838760874,-0.005899212871740834
4.135168961201502,0.9225286827266428,1.475658094181801,1.2508385663061654,1.1812212169137999,0.06455839502689337,0.0012042771838760874,-0.005899212871740834
4.145181476846058,0.9225286827266428,1.4806240807936173,1.247328332752945,1.1837042102197082,0.06338831717581986,0.0012042771838760874,-0.005899212871740834
4.155193992490613,0.9225286827266428,1.4855140128195587,1.2435855647703447,1.186149176232679,0.062140727848286455,0.0012042771838760874,-0.005899212871740834
4.165206508135169,0.9225286827266428,1.4903230524009916,1.2396139652692237,1.1885536960233953,0.06081686134791276,0.0012042771838760874,-0.005899212871740834
4.175219023779725,0.9225286827266428,1.4950464417102935,1.2354174635551098,1.1909153906780463,0.05941802744320814,0.0012042771838760874,-0.005899212871740834
4.18523153942428,0.9225286827266428,1.499679507658016,1.2310002114407368,1.1932319236519076,0.05794561007175043,0.0012042771838760874,-0.005899212871740834
4.195244055068836,0.9225286827266428,1.5042176665162106,1.2263665791384437,1.195501003081005,0.056401065970986104,0.0012042771838760874,-0.005899212871740834
4.2052565707133915,0.9225286827266428,1.508656428453341,1.2215211509365043,1.19772038404957,0.05478592323700628,0.0012042771838760874,-0.005899212871740834
4.215269086357948,0.9225286827266428,1.5129914019763058,1.2164687206636535,1.1998878708110523,0.05310177981272273,0.0012042771838760874,-0.005899212871740834
4.225281602002503,0.9225286827266428,1.517218298275162,1.2112142869463134,1.2020013189604806,0.05135030190694267,0.0012042771838760874,-0.005899212871740834
4.235294117647059,0.9225286827266428,1.5213329354662675,1.2057630482631922,1.2040586375560334,0.049533222345902274,0.0012042771838760874,-0.005899212871740834
4.245306633291615,0.9225286827266428,1.525331242729628,1.2001203978021688,1.2060577911877135,0.047652338858894465,0.0012042771838760874,-0.005899212871740834
4.25531914893617,0.9225286827266428,1.5292092643363668,1.194291918124537,1.207996801991083,0.045709512299683876,0.0012042771838760874,-0.005899212871740834
4.265331664580726,0.9225286827266428,1.5329631635623306,1.188283375641891,1.209873751604065,0.04370666480546851,0.0012042771838760874,-0.005899212871740834
4.275344180225281,0.9225286827266428,1.5365892264839545,1.1821007149111238,1.2116867830648768,0.041645777895212774,0.0012042771838760874,-0.005899212871740834
4.2853566958698375,0.9225286827266428,1.5400838656526359,1.175750052753172,1.2134341026492175,0.03952889050922879,0.0012042771838760874,-0.005899212871740834
4.2953692115143935,0.9225286827266428,1.5434436236439797,1.1692376722013362,1.2151139816448895,0.037358096991950265,0.0012042771838760874,-0.005899212871740834
4.305381727158949,0.9225286827266428,1.5466651764784045,1.162570016285155,1.216724758062102,0.035135545019889886,0.0012042771838760874,-0.005899212871740834
4.315394242803505,0.9225286827266428,1.5497453369097256,1.1557536816559868,1.2182648382777623,0.032863433476833764,0.0012042771838760874,-0.005899212871740834
4.32540675844806,0.9225286827266428,1.5526810575784582,1.1487954120606088,1.2197326986121286,0.030544010278374445,0.0012042771838760874,-0.005899212871740834
4.335419274092616,0.9225286827266428,1.555469434026727,1.1417020916692833,1.221126886836263,0.02817957014793259,0.0012042771838760874,-0.005899212871740834
4.345431789737171,0.9225286827266428,1.558107707571792,1.1344807382649007,1.2224460236087955,0.02577245234647175,0.0012042771838760874,-0.005899212871740834
4.355444305381727,0.9225286827266428,1.5605932680353565,1.1271384962999254,1.2236888038405778,0.02332503835814667,0.0012042771838760874,-0.005899212871740834
4.365456821026283,0.9225286827266428,1.562923656325947,1.1196826298280287,1.224853997985873,0.020839749534181065,0.0012042771838760874,-0.005899212871740834
4.375469336670839,0.9225286827266428,1.5650965668718189,1.1121205153173905,1.225940453258809,0.018319044697301702,0.0012042771838760874,-0.005899212871740834
4.385481852315395,0.9225286827266428,1.567109849901975,1.1044596343527813,1.226947094773887,0.015765417709098634,0.0012042771838760874,-0.005899212871740834
4.39549436795995,0.9225286827266428,1.5689615135730448,1.096707566233653,1.227872926609422,0.013181395002722526,0.0012042771838760874,-0.005899212871740834
4.405506883604506,0.9225286827266428,1.570649725939915,1.0888719804755485,1.228717032792857,0.010569533083354381,0.0012042771838760874,-0.005899212871740834
4.415519399249061,0.9225286827266428,1.5721728167681663,1.0809606292222655,1.2294785782069828,0.007932415998926686,0.0012042771838760874,-0.005899212871740834
4.425531914893617,0.9225286827266428,1.573529279186523,1.0729813395762569,1.230156809416161,0.005272652783590508,0.0012042771838760874,-0.005899212871740834
4.435544430538173,0.9225286827266428,1.5747177711776743,1.0649420058548904,1.2307510554117367,0.0025928748764683165,0.0012042771838760874,-0.005899212871740834
4.4455569461827285,0.9225286827266428,1.5757371169060037,1.0568505817801912,1.2312607282759014,-0.00010426648176474311,0.0012042771838760874,-0.005899212871740834
4.4555694618272845,0.9225286827266428,1.576586307880901,1.0487150726098213,1.23168532376335,-0.0028161028718880696,0.0012042771838760874,-0.005899212871740834
4.46558197747184,0.9225286827266428,1.5772645039545135,1.0405435272170744,1.2320244218001561,-0.005539951336137007,0.0012042771838760874,-0.005899212871740834
4.475594493116396,0.9225286827266428,1.5777710341529476,1.0323440301277105,1.2322776868993732,-0.008273117032591674,0.0012042771838760874,-0.005899212871740834
4.485607008760951,0.9225286827266428,1.5781053973400976,1.0241246935215274,1.2324448684929483,-0.011012895901319375,0.0012042771838760874,-0.005899212871740834
4.495619524405507,0.9225286827266428,1.5782672627134446,1.0158936492065647,1.2325258011796218,-0.013756577339640277,0.0012042771838760874,-0.005899212871740834
4.505632040050063,0.9225286827266428,1.578256470131336,1.0076590405738968,1.2325204048885674,-0.016501446883862885,0.0012042771838760874,-0.005899212871740834
4.515644555694618,0.9225286827266428,1.5780730302714228,0.9994290145409578,1.2324286849586108,-0.01924478889484254,0.0012042771838760874,-0.005899212871740834
4.525657071339174,0.9225286827266428,1.5777171246200947,0.9912117134913812,1.2322507321329468,-0.021983889244701415,0.0012042771838760874,-0.005899212871740834
4.53566958698373,0.9225286827266428,1.5771891052929272,0.9830152672193303,1.231986722469363,-0.024716038002051695,0.0012042771838760874,-0.005899212871740834
4.545682102628286,0.9225286827266428,1.5764894946863148,0.9748477848862709,1.2316369171660568,-0.027438532113071533,0.0012042771838760874,-0.005899212871740834
4.555694618272841,0.9225286827266428,1.5756189849606388,0.9667173469981742,1.231201662303219,-0.030148678075770395,0.0012042771838760874,-0.005899212871740834
4.565707133917397,0.9225286827266428,1.5745784373554763,0.9586319974110536,1.2306813885006376,-0.0328437946048106,0.0012042771838760874,-0.005899212871740834
4.575719649561953,0.9225286827266428,1.5733688813375337,0.9505997353727725,1.2300766104916665,-0.03552121528423764,0.0012042771838760874,-0.005899212871740834
4.585732165206508,0.9225286827266428,1.571991513582142,0.9426285076089816,1.2293879266139707,-0.03817829120550127,0.0012042771838760874,-0.005899212871740834
4.595744680851064,0.9225286827266428,1.5704476967893248,0.9347262004610148,1.228616018217562,-0.04081239358815687,0.0012042771838760874,-0.005899212871740834
4.605757196495619,0.9225286827266428,1.5687389583356106,0.9269006320835352,1.2277616489907048,-0.043420916380650085,0.0012042771838760874,-0.005899212871740834
4.6157697121401755,0.9225286827266428,1.56686698876292,0.9191595447096321,1.2268256642043596,-0.04600127883861776,0.0012042771838760874,-0.005899212871740834
4.625782227784731,0.9225286827266428,1.5648336401060288,0.9115105969910416,1.225808989875914,-0.04855092807814793,0.0012042771838760874,-0.005899212871740834
4.635794743429287,0.9225286827266428,1.5626409240602535,0.9039613564210462,1.2247126318530261,-0.051067341601479715,0.0012042771838760874,-0.005899212871740834
4.645807259073843,0.9225286827266428,1.5602910099911798,0.8965192918475711,1.2235376748184894,-0.05354802979263811,0.0012042771838760874,-0.005899212871740834
4.655819774718398,0.9225286827266428,1.5577862227883996,0.8891917660838778,1.2222852812170992,-0.055990538380535845,0.0012042771838760874,-0.005899212871740834
4.665832290362954,0.9225286827266428,1.5551290405653773,0.8819860286241492,1.2209566901055882,-0.05839245086711207,0.0012042771838760874,-0.005899212871740834
4.675844806007509,0.9225286827266428,1.5523220922077277,0.8749092084712017,1.2195532159267635,-0.060751390918094596,0.0012042771838760874,-0.005899212871740834
4.685857321652065,0.9225286827266428,1.5493681547723253,0.8679683070833987,1.2180762472090623,-0.06306502471402892,0.0012042771838760874,-0.005899212871740834
4.6958698372966206,0.9225286827266428,1.5462701507398204,0.8611701914477516,1.2165272451928097,-0.06533106325924459,0.0012042771838760874,-0.005899212871740834
4.705882352941177,0.9225286827266428,1.54303114512328,0.8545215872860584,1.2149077423845396,-0.06754726464647565,0.0012042771838760874,-0.005899212871740834
4.715894868585733,0.9225286827266428,1.5396543424358156,0.8480290724008107,1.2132193410408072,-0.06971143627489157,0.0012042771838760874,-0.005899212871740834
4.725907384230288,0.9225286827266428,1.5361430835201932,0.84169907016743,1.2114637115829963,-0.07182143701935181,0.0012042771838760874,-0.005899212871740834
4.735919899874844,0.9225286827266428,1.532500842243569,0.8355378431793006,1.209642590944684,-0.07387517934872828,0.0012042771838760874,-0.005899212871740834
4.745932415519399,0.9225286827266428,1.5287312220606166,0.829551487051869,1.2077577808532078,-0.07587063139120546,0.0012042771838760874,-0.005899212871740834
4.755944931163955,0.9225286827266428,1.524837952448443,0.8237459243919361,1.205811146047121,-0.07780581894451646,0.0012042771838760874,-0.005899212871740834
4.76595744680851,0.9225286827266428,1.5208248852168305,0.8181268989381258,1.2038046124313146,-0.07967882742911989,0.0012042771838760874,-0.005899212871740834
4.7759699624530665,0.9225286827266428,1.5166959906974418,0.8126999698783085,1.2017401651716204,-0.08148780378239232,0.0012042771838760874,-0.005899212871740834
4.785982478097623,0.9225286827266428,1.5124553538157726,0.8074705063496148,1.199619846730786,-0.08323095829195687,0.0012042771838760874,-0.005899212871740834
4.795994993742178,0.9225286827266428,1.5081071700497242,0.8024436821264769,1.1974457548477615,-0.0849065663663362,0.0012042771838760874,-0.005899212871740834
4.806007509386734,0.9225286827266428,1.5036557412788034,0.7976244705019457,1.1952200404623012,-0.0865129702411799,0.0012042771838760874,-0.005899212871740834
4.816020025031289,0.9225286827266428,1.4991054715280565,0.7930176393673641,1.1929449055869277,-0.08804858061937376,0.0012042771838760874,-0.005899212871740834
4.826032540675845,0.9225286827266428,1.4944608626109406,0.7886277464952453,1.1906226011283698,-0.08951187824341339,0.0012042771838760874,-0.005899212871740834
4.8360450563204,0.9225286827266428,1.489726509675453,0.7844591350300381,1.188255424660626,-0.09090141539848248,0.0012042771838760874,-0.005899212871740834
4.846057571964956,0.9225286827266428,1.484907096657915,0.7805159291912328,1.185845718151857,-0.09221581734475087,0.0012042771838760874,-0.005899212871740834
4.856070087609512,0.9225286827266428,1.4800073916489163,0.7768020301930623,1.1833958656473575,-0.0934537836774744,0.0012042771838760874,-0.005899212871740834
4.866082603254068,0.9225286827266428,1.4750322421760014,0.7733211123848305,1.1809082909109003,-0.09461408961355167,0.0012042771838760874,-0.005899212871740834
4.876095118898624,0.9225286827266428,1.4699865704077617,0.7700766196156916,1.1783854550267803,-0.09569558720326463,0.0012042771838760874,-0.005899212871740834
4.886107634543179,0.9225286827266428,1.4648753682840854,0.767071761827476,1.175829853964942,-0.09669720646600316,0.0012042771838760874,-0.005899212871740834
4.896120150187735,0.9225286827266428,1.4597036925773756,0.7643095118789299,1.1732440161115874,-0.09761795644885185,0.0012042771838760874,-0.005899212871740834
4.90613266583229,0.9225286827266428,1.454476659889631,0.7617926026045181,1.170630499767715,-0.09845692620698909,0.0012042771838760874,-0.005899212871740834
4.916145181476846,0.9225286827266428,1.4491994415903264,0.7595235241106866,1.1679918906180626,-0.09921328570493293,0.0012042771838760874,-0.005899212871740834
4.926157697121402,0.9225286827266428,1.4438772587001187,0.7575045213122784,1.165330799172959,-0.09988628663773566,0.0012042771838760874,-0.005899212871740834
4.9361702127659575,0.9225286827266428,1.4385153767254226,0.7557375917115223,1.1626498581856108,-0.10047526317132105,0.0012042771838760874,-0.005899212871740834
4.9461827284105135,0.9225286827266428,1.4331191004489763,0.7542244834218026,1.1599517200473877,-0.10097963260122761,0.0012042771838760874,-0.005899212871740834
4.956195244055069,0.9225286827266428,1.4276937686815532,0.7529666934381631,1.1572390541636761,-0.10139889592910745,0.0012042771838760874,-0.005899212871740834
4.966207759699625,0.9225286827266428,1.4222447489800014,0.7519654661562515,1.1545145443129001,-0.1017326383564113,0.0012042771838760874,-0.005899212871740834
4.97622027534418,0.9225286827266428,1.4167774323368485,0.7512217921411769,1.1517808859913237,-0.1019805296947695,0.0012042771838760874,-0.005899212871740834
4.986232790988736,0.9225286827266428,1.4112972278467166,0.7507364071474929,1.149040783746258,-0.10214232469266418,0.0012042771838760874,-0.005899212871740834
4.996245306633292,0.9225286827266428,1.4058095573548328,0.7505097913912782,1.146296948500316,-0.10221786327806909,0.0012042771838760874,-0.005899212871740834
5.006257822277847,0.9225286827266428,1.4003198500929186,0.7505421690750345,1.1435520948693587,-0.10220707071681698,0.0012042771838760874,-0.005899212871740834
5.016270337922403,0.9225286827266428,1.3948335373077745,0.7508335081658712,1.1408089384767868,-0.10210995768653808,0.0012042771838760874,-0.005899212871740834
5.026282853566959,0.9225286827266428,1.3893560468878752,0.7513835204271977,1.1380701932668371,-0.10192662026609592,0.0012042771838760874,-0.005899212871740834
5.036295369211515,0.9225286827266428,1.3838927979932771,0.75219166170389,1.135338568819538,-0.10165723984053182,0.0012042771838760874,-0.005899212871740834
5.04630788485607,0.9225286827266428,1.3784491956941742,0.7532571324606514,1.1326167676699865,-0.10130208292161136,0.0012042771838760874,-0.005899212871740834
5.056320400500626,0.9225286827266428,1.3730306256233806,0.7545788785730336,1.1299074826345898,-0.10086150088415063,0.0012042771838760874,-0.005899212871740834
5.066332916145182,0.9225286827266428,1.3676424486480543,0.7561555923703348,1.1272133941469267,-0.10033592961838353,0.0012042771838760874,-0.005899212871740834
5.076345431789737,0.9225286827266428,1.3622899955659182,0.7579857139293462,1.1245371676058586,-0.09972588909871305,0.0012042771838760874,-0.005899212871740834
5.086357947434293,0.9225286827266428,1.356978561831227,0.7600674326176629,1.121881450738513,-0.09903198286927423,0.0012042771838760874,-0.005899212871740834
5.0963704630788484,0.9225286827266428,1.3517134023157087,0.7623986888850335,1.119248870980754,-0.09825489744681731,0.0012042771838760874,-0.005899212871740834
5.1063829787234045,0.9225286827266428,1.3464997261096512,0.7649771763009796,1.1166420328777251,-0.09739540164150196,0.0012042771838760874,-0.005899212871740834
5.11639549436796,0.9225286827266428,1.3413426913682835,0.7678003438366645,1.1140635155070413,-0.09645434579627366,0.0012042771838760874,-0.005899212871740834
5.126408010012516,0.9225286827266428,1.3362474002085498,0.7708653983887555,1.1115158699271745,-0.09543266094557665,0.0012042771838760874,-0.005899212871740834
5.136420525657072,0.9225286827266428,1.3312188936613285,0.7741693075427841,1.1090016166535637,-0.09433135789423377,0.0012042771838760874,-0.005899212871740834
5.146433041301627,0.9225286827266428,1.3262621466840812,0.777708802573265,1.10652324316494,-0.09315152621740683,0.0012042771838760874,-0.005899212871740834
5.156445556946183,0.9225286827266428,1.3213820632388733,0.7814803816776168,1.104083201442336,-0.09189433318262288,0.0012042771838760874,-0.005899212871740834
5.166458072590738,0.9225286827266428,1.316583471440637,0.785480313440671,1.1016839055432182,-0.09056102259493815,0.0012042771838760874,-0.005899212871740834
5.176470588235294,0.9225286827266428,1.3118711187804701,0.7897046405263516,1.0993277292131345,-0.08915291356637794,0.0012042771838760874,-0.005899212871740834
5.18648310387985,0.9225286827266428,1.3072496674287029,0.7941491835928686,1.097017003537251,-0.08767139921087228,0.0012042771838760874,-0.005899212871740834
5.196495619524406,0.9225286827266428,1.3027236896223728,0.7988095454275552,1.094754014634086,-0.08611794526597674,0.0012042771838760874,-0.005899212871740834
5.206508135168962,0.9225286827266428,1.2982976631416814,0.8036811152972496,1.0925410013937402,-0.08449408864274524,0.0012042771838760874,-0.005899212871740834
5.216520650813517,0.9225286827266428,1.2939759668798962,0.8087590735099346,1.0903801532628477,-0.08280143590518363,0.0012042771838760874,-0.005899212871740834
5.226533166458073,0.9225286827266428,1.289762876511088,0.814038396183099,1.0882736080784434,-0.08104166168079546,0.0012042771838760874,-0.005899212871740834
5.236545682102628,0.9225286827266428,1.2856625602599907,0.819513860214123,1.0862234499528949,-0.07921650700378749,0.0012042771838760874,-0.005899212871740834
5.246558197747184,0.9225286827266428,1.2816790747781635,0.8251800484477593,1.0842317072119814,-0.07732777759257539,0.0012042771838760874,-0.005899212871740834
5.256570713391739,0.9225286827266428,1.2778163611305402,0.8310313550355959,1.0823003503881696,-0.07537734206329652,0.0012042771838760874,-0.005899212871740834
5.2665832290362955,0.9225286827266428,1.2740782408963307,0.8370619909822152,1.0804312902710649,-0.07336713008109008,0.0012042771838760874,-0.005899212871740834
5.276595744680852,0.9225286827266428,1.2704684123881411,0.8432659898725361,1.07862637601697,-0.0712991304509831,0.0012042771838760874,-0.005899212871740834
5.286608260325407,0.9225286827266428,1.2669904469930424,0.849637213774694,1.0768873933194207,-0.0691753891502638,0.0012042771838760874,-0.005899212871740834
5.296620775969963,0.9225286827266428,1.2636477856392159,0.8561693593126102,1.0752160626425076,-0.06699800730429174,0.0012042771838760874,-0.005899212871740834
5.306633291614518,0.9225286827266428,1.2604437353916702,0.8628559639022371,1.0736140375187346,-0.06476913910774947,0.0012042771838760874,-0.005899212871740834
5.316645807259074,0.9225286827266428,1.2573814661803895,0.8696904121453298,1.0720829029130943,-0.0624909896933852,0.0012042771838760874,-0.005899212871740834
5.326658322903629,0.9225286827266428,1.2544640076641644,0.8766659423743914,1.0706241736549817,-0.06016581295036465,0.0012042771838760874,-0.005899212871740834
5.336670838548185,0.9225286827266428,1.2516942462331933,0.8837756533423371,1.0692392929394963,-0.05779590929438277,0.0012042771838760874,-0.005899212871740834
5.346683354192741,0.9225286827266428,1.2490749221534319,0.8910125110502427,1.0679296308996153,-0.05538362339174757,0.0012042771838760874,-0.005899212871740834
5.356695869837297,0.9225286827266428,1.2466086268555066,0.8983693557064479,1.0666964832506527,-0.05293134183967918,0.0012042771838760874,-0.005899212871740834
5.366708385481853,0.9225286827266428,1.2442978003708813,0.9058389088100958,1.06554107000834,-0.050441490805129885,0.0012042771838760874,-0.005899212871740834
5.376720901126408,0.9225286827266428,1.2421447289178114,0.913413780352126,1.0644645342818053,-0.04791653362445317,0.0012042771838760874,-0.005899212871740834
5.386733416770964,0.9225286827266428,1.2401515426394687,0.9210864761265883,1.063467941142634,-0.04535896836629904,0.0012042771838760874,-0.005899212871740834
5.396745932415519,0.9225286827266428,1.2383202134964855,0.9288494051450356,1.0625522765711424,-0.04277132536014998,0.0012042771838760874,-0.005899212871740834
5.406758448060075,0.9225286827266428,1.2366525533159909,0.9366948871466845,1.061718446480895,-0.04015616469293365,0.0012042771838760874,-0.005899212871740834
5.416770963704631,0.9225286827266428,1.2351502119990798,0.9446151601968825,1.0609672758224393,-0.03751607367620095,0.0012042771838760874,-0.005899212871740834
5.4267834793491865,0.9225286827266428,1.2338146758884811,0.9526023883663861,1.0602995077671402,-0.03485366428636645,0.0012042771838760874,-0.005899212871740834
5.4367959949937426,0.9225286827266428,1.2326472662980434,0.9606486694838459,1.0597158029719211,-0.03217157058054651,0.0012042771838760874,-0.005899212871740834
5.446808510638298,0.9225286827266428,1.2316491382054917,0.9687460429538204,1.0592167389256455,-0.029472446090555,0.0012042771838760874,-0.005899212871740834
5.456821026282854,0.9225286827266428,1.2308212791097493,0.9768864976326087,1.0588028093777742,-0.026758961197625563,0.0012042771838760874,-0.005899212871740834
5.466833541927409,0.9225286827266428,1.2301645080539547,0.9850619797540755,1.0584744238498769,-0.02403380049046997,0.0012042771838760874,-0.005899212871740834
5.476846057571965,0.9225286827266428,1.2296794748151412,0.9932644008976537,1.05823190723047,-0.021299660109277262,0.0012042771838760874,-0.005899212871740834
5.486858573216521,0.9225286827266428,1.229366659261378,1.001485645990632,1.0580754994535884,-0.018559245078284423,0.0012042771838760874,-0.005899212871740834
5.496871088861076,0.9225286827266428,1.229226370877014,1.0097175813368033,1.0580053552614064,-0.0158152666295607,0.0012042771838760874,-0.005899212871740834
5.506883604505632,0.9225286827266428,1.2292587484564879,1.0179520626635534,1.0580215440511433,-0.013070439520644005,0.0012042771838760874,-0.005899212871740834
5.516896120150188,0.9225286827266428,1.2294637599670124,1.0261809431793987,1.0581240498064057,-0.010327479348695597,0.0012042771838760874,-0.005899212871740834
5.526908635794744,0.9225286827266428,1.2298412025802659,1.0343960816340225,1.0583127711130325,-0.007589099863820972,0.0012042771838760874,-0.005899212871740834
5.536921151439299,0.9225286827266428,1.2303907028730605,1.0425893503728292,1.0585875212594298,-0.004858010284218761,0.0012042771838760874,-0.005899212871740834
5.546933667083855,0.9225286827266428,1.231111717196789,1.0507526433780474,1.058948028421294,-0.0021369126158126625,0.0012042771838760874,-0.005899212871740834
5.556946182728411,0.9225286827266428,1.2320035322152836,1.0588778842884197,1.0593939359305413,0.0005715010209780824,0.0012042771838760874,-0.005899212871740834
5.566958698372966,0.9225286827266428,1.2330652656105558,1.0669570343895678,1.0599248026281776,0.0032645510546941287,0.0012042771838760874,-0.005899212871740834
5.576971214017522,0.9225286827266428,1.2342958669557198,1.0749821005670972,1.0605401033007593,0.005939573113870594,0.0012042771838760874,-0.005899212871740834
5.5869837296620775,0.9225286827266428,1.2356941187542305,1.082945143214586,1.0612392292000148,0.00859392066303356,0.0012042771838760874,-0.005899212871740834
5.5969962453066335,0.9225286827266428,1.237258637644418,1.0908382840886532,1.0620214886451085,0.011224967621055942,0.0012042771838760874,-0.005899212871740834
5.607008760951189,0.9225286827266428,1.238987875768115,1.0986537141032977,1.0628861077069571,0.013830110959270787,0.0012042771838760874,-0.005899212871740834
5.617021276595745,0.9225286827266428,1.240880122302034,1.1063837010558273,1.0638322309739165,0.016406773276780633,0.0012042771838760874,-0.005899212871740834
5.627033792240301,0.9225286827266428,1.2429335051503698,1.1140205972767212,1.0648589223980844,0.018952405350411934,0.0012042771838760874,-0.005899212871740834
5.637046307884856,0.9225286827266428,1.2451459927969601,1.1215568471958526,1.0659651662213796,0.02146448865678905,0.0012042771838760874,-0.005899212871740834
5.647058823529412,0.9225286827266428,1.247515396315168,1.1289849948176085,1.0671498679804834,0.023940537864041038,0.0012042771838760874,-0.005899212871740834
5.657071339173967,0.9225286827266428,1.2500393715334983,1.1362976910974794,1.0684118555896487,0.026378103290664617,0.0012042771838760874,-0.005899212871740834
5.667083854818523,0.9225286827266428,1.2527154213548062,1.1434877012128437,1.0697498805003027,0.02877477332911943,0.0012042771838760874,-0.005899212871740834
5.677096370463079,0.9225286827266428,1.255540898226801,1.1505479117207476,1.0711626189363,0.031128176831754027,0.0012042771838760874,-0.005899212871740834
5.687108886107635,0.9225286827266428,1.2585130067614065,1.1574713375955958,1.072648673203603,0.033435985456703496,0.0012042771838760874,-0.005899212871740834
5.697121401752191,0.9225286827266428,1.2616288065003791,1.1642511291397888,1.0742065730730892,0.03569591597143449,0.0012042771838760874,-0.005899212871740834
5.707133917396746,0.9225286827266428,1.264885214824453,1.170880578760485,1.075834777235126,0.037905732511666505,0.0012042771838760874,-0.005899212871740834
5.717146433041302,0.9225286827266428,1.268279010003133,1.1773531276057578,1.077531674824466,0.04006324879342411,0.0012042771838760874,-0.005899212871740834
5.727158948685857,0.9225286827266428,1.2718068343821165,1.183662372053604,1.0792955870139578,0.04216633027603947,0.0012042771838760874,-0.005899212871740834
5.737171464330413,0.9225286827266428,1.2754651977051912,1.1898020700473733,1.0811247686754952,0.04421289627396258,0.0012042771838760874,-0.005899212871740834
5.747183979974968,0.9225286827266428,1.2792504805673228,1.195766147271348,1.0830174101065608,0.046200922015287506,0.0012042771838760874,-0.005899212871740834
5.7571964956195245,0.9225286827266428,1.2831589379955182,1.2015487031603804,1.0849716388206587,0.048128440644965,0.0012042771838760874,-0.005899212871740834
5.767209011264081,0.9225286827266428,1.287186703153916,1.207144016737617,1.0869855213998574,0.04999354517071059,0.0012042771838760874,-0.005899212871740834
5.777221526908636,0.9225286827266428,1.2913297911694452,1.2125465522745538,1.0890570654076221,0.05179439034968943,0.0012042771838760874,-0.005899212871740834
5.787234042553192,0.9225286827266428,1.295584103074264,1.2177509647678137,1.0911842213600316,0.05352919451410943,0.0012042771838760874,-0.005899212871740834
5.797246558197747,0.9225286827266428,1.2999454298610735,1.2227521052272283,1.0933648847534363,0.05519624133391427,0.0012042771838760874,-0.005899212871740834
5.807259073842303,0.9225286827266428,1.304409456647308,1.227545025770001,1.0955968981465536,0.0567938815148385,0.0012042771838760874,-0.005899212871740834
5.817271589486858,0.9225286827266428,1.3089717669440628,1.2321249845158952,1.0978780532949308,0.05832053443013665,0.0012042771838760874,-0.005899212871740834
5.827284105131414,0.9225286827266428,1.3136278470255565,1.2364874502786207,1.1002060933356776,0.059774689684378456,0.0012042771838760874,-0.005899212871740834
5.8372966207759704,0.9225286827266428,1.3183730903947843,1.2406281070487615,1.1025787150202917,0.06115490860775868,0.0012042771838760874,-0.005899212871740834
5.847309136420526,0.9225286827266428,1.323202802340965,1.2445428582638303,1.104993570993382,0.062459825679448265,0.0012042771838760874,-0.005899212871740834
5.857321652065082,0.9225286827266428,1.3281122045842548,1.2482278308612025,1.107448272115027,0.06368814987857235,0.0012042771838760874,-0.005899212871740834
5.867334167709637,0.9225286827266428,1.3330964400031413,1.251679379109935,1.1099403898244702,0.06483866596148319,0.0012042771838760874,-0.005899212871740834
5.877346683354193,0.9225286827266428,1.338150577439845,1.2548940882176738,1.112467458542822,0.06591023566406282,0.0012042771838760874,-0.005899212871740834
5.887359198998748,0.9225286827266428,1.3432696165789602,1.2578687777090796,1.1150269781123796,0.06690179882786473,0.0012042771838760874,-0.005899212871740834
5.897371714643304,0.9225286827266428,1.3484484928945253,1.2606005045724376,1.117616416270162,0.06781237444898403,0.0012042771838760874,-0.005899212871740834
5.90738423028786,0.9225286827266428,1.3536820826606146,1.2630865661713258,1.120233211153207,0.06864106164861347,0.0012042771838760874,-0.005899212871740834
5.9173967459324155,0.9225286827266428,1.3589652080204995,1.2653245029184728,1.1228747738331493,0.06938704056432915,0.0012042771838760874,-0.005899212871740834
5.927409261576972,0.9225286827266428,1.3642926421093695,1.2673121007091517,1.1255384908775843,0.07004957316122207,0.0012042771838760874,-0.005899212871740834
5.937421777221527,0.9225286827266428,1.3696591142255308,1.2690473931117048,1.128221726935665,0.07062800396207314,0.0012042771838760874,-0.005899212871740834
5.947434292866083,0.9225286827266428,1.3750593150449846,1.2705286633130388,1.1309218273453918,0.0711217606958511,0.0012042771838760874,-0.005899212871740834
5.957446808510638,0.9225286827266428,1.3804879018742073,1.2717544458171512,1.1336361207600032,0.07153035486388865,0.0012042771838760874,-0.005899212871740834
5.967459324155194,0.9225286827266428,1.3859395039359528,1.2727235278950233,1.136361921790876,0.07185338222317927,0.0012042771838760874,-0.005899212871740834
5.97747183979975,0.9225286827266428,1.3914087276828337,1.273434950784432,1.1390965336643164,0.07209052318631554,0.0012042771838760874,-0.005899212871740834
5.987484355444305,0.9225286827266428,1.3968901621334313,1.2738880106385038,1.141837250889615,0.07224154313767278,0.0012042771838760874,-0.005899212871740834
5.997496871088861,0.9225286827266428,1.402378384225658,1.2740822592220657,1.1445813619357286,0.0723062926655268,0.0012042771838760874,-0.005899212871740834
6.007509386733417,0.9225286827266428,1.407867964182065,1.2740175043551079,1.1473261519139322,0.07228470770987414,0.0012042771838760874,-0.005899212871740834
6.017521902377973,0.9225286827266428,1.4133534708818012,1.2736938101029156,1.1500689052638002,0.07217680962581005,0.0012042771838760874,-0.005899212871740834
6.027534418022529,0.9225286827266428,1.4188294772338952,1.2731114967126875,1.1528069084398471,0.07198270516240066,0.0012042771838760874,-0.005899212871740834
6.037546933667084,0.9225286827266428,1.4242905655465514,1.2722711402966984,1.1555374525961752,0.071702586357071,0.0012042771838760874,-0.005899212871740834
6.04755944931164,0.9225286827266428,1.4297313328871528,1.271173572262322,1.158257836266476,0.07133673034561225,0.0012042771838760874,-0.005899212871740834
6.057571964956195,0.9225286827266428,1.435146396427651,1.2698198784894774,1.1609653680367251,0.07088549908799735,0.0012042771838760874,-0.005899212871740834
6.067584480600751,0.9225286827266428,1.4405303987700786,1.268211398256312,1.1636573692079388,0.07034933901027549,0.0012042771838760874,-0.005899212871740834
6.0775969962453065,0.9225286827266428,1.4458780132468891,1.2663497229141871,1.1663311764463442,0.06972878056290052,0.0012042771838760874,-0.005899212871740834
6.0876095118898625,0.9225286827266428,1.4511839491909062,1.2642366943132715,1.1689841444183526,0.06902443769592867,0.0012042771838760874,-0.005899212871740834
6.097622027534419,0.9225286827266428,1.4564429571696467,1.261874402980306,1.1716136484077229,0.06823700725160686,0.0012042771838760874,-0.005899212871740834
6.107634543178974,0.9225286827266428,1.4616498341788502,1.2592651860503392,1.1742170869123247,0.06736726827495124,0.0012042771838760874,-0.005899212871740834
6.11764705882353,0.9225286827266428,1.4667994287900805,1.2564116249544792,1.1767918842179397,0.06641608124299794,0.0012042771838760874,-0.005899212871740834
6.127659574468085,0.9225286827266428,1.4718866462472904,1.2533165428659563,1.1793354929465447,0.0653843872134903,0.0012042771838760874,-0.005899212871740834
6.137672090112641,0.9225286827266428,1.4769064535073282,1.249983001907009,1.1818453965765636,0.06427320689384125,0.0012042771838760874,-0.005899212871740834
6.147684605757196,0.9225286827266428,1.48185388421938,1.2464143001193744,1.1843191119325895,0.06308363963129635,0.0012042771838760874,-0.005899212871740834
6.157697121401752,0.9225286827266428,1.4867240436384357,1.2426139682013655,1.1867541916421174,0.06181686232529333,0.0012042771838760874,-0.005899212871740834
6.1677096370463085,0.9225286827266428,1.4915121134679068,1.2385857660147717,1.189148226556853,0.060474128263095416,0.0012042771838760874,-0.005899212871740834
6.177722152690864,0.9225286827266428,1.4962133566266138,1.23433367886504,1.1914988481362063,0.05905676587985157,0.0012042771838760874,-0.005899212871740834
6.18773466833542,0.9225286827266428,1.5008231219354236,1.229861913558404,1.1938037307906113,0.05756617744430619,0.0012042771838760874,-0.005899212871740834
6.197747183979975,0.9225286827266428,1.5053368487188938,1.2251748942398788,1.1960605941823463,0.05600383767146443,0.0012042771838760874,-0.005899212871740834
6.207759699624531,0.9225286827266428,1.5097500713173844,1.2202772580162295,1.1982672054815917,0.0543712922635814,0.0012042771838760874,-0.005899212871740834
6.217772215269086,0.9225286827266428,1.5140584235051608,1.2151738503682459,1.2004213815754798,0.05267015638092016,0.0012042771838760874,-0.005899212871740834
6.227784730913642,0.9225286827266428,1.5182576428101235,1.2098697203568585,1.2025209912279613,0.05090211304379106,0.0012042771838760874,-0.005899212871740834
6.237797246558198,0.9225286827266428,1.5223435747308875,1.2043701156278526,1.2045639571883433,0.04906891146745573,0.0012042771838760874,-0.005899212871740834
6.2478097622027535,0.9225286827266428,1.5263121768470433,1.1986804772200965,1.2065482582464213,0.04717236533153701,0.0012042771838760874,-0.005899212871740834
6.25782227784731,0.9225286827266428,1.5301595228185292,1.1928064341824502,1.2084719312321641,0.04521435098565494,0.0012042771838760874,-0.005899212871740834
6.267834793491865,0.9225286827266428,1.5338818062701587,1.18675379800466,1.2103330729579789,0.043196805593058205,0.0012042771838760874,-0.005899212871740834
6.277847309136421,0.9225286827266428,1.537475344557462,1.180528556867754,1.2121298421016307,0.041121725214089466,0.0012042771838760874,-0.005899212871740834
6.287859824780976,0.9225286827266428,1.5409365824101118,1.1741368697196348,1.2138604610279555,0.03899116283138311,0.0012042771838760874,-0.005899212871740834
6.297872340425532,0.9225286827266428,1.5442620954493358,1.1675850601817124,1.2155232175475674,0.03680722631874233,0.0012042771838760874,-0.005899212871740834
6.307884856070088,0.9225286827266428,1.5474485935758266,1.160879610292626,1.2171164666108127,0.03457207635571353,0.0012042771838760874,-0.005899212871740834
6.317897371714643,0.9225286827266428,1.5504929242248053,1.1540271540952385,1.2186386319353022,0.03228792428991771,0.0012042771838760874,-0.005899212871740834
6.3279098873591995,0.9225286827266428,1.5533920754850152,1.1470344710732314,1.2200882075654071,0.029957029949248655,0.0012042771838760874,-0.005899212871740834
6.337922403003755,0.9225286827266428,1.5561431790785576,1.1399084794438221,1.2214637593621782,0.027581699406112256,0.0012042771838760874,-0.005899212871740834
6.347934918648311,0.9225286827266428,1.5587435131986258,1.1326562293132187,1.2227639264222123,0.025164282695911082,0.0012042771838760874,-0.005899212871740834
6.357947434292866,0.9225286827266428,1.5611905052023258,1.1252848957015902,1.2239874224240626,0.022707171492034883,0.0012042771838760874,-0.005899212871740834
6.367959949937422,0.9225286827266428,1.5634817341559257,1.1178017714444526,1.2251330369008624,0.020212796739655724,0.0012042771838760874,-0.005899212871740834
6.377972465581978,0.9225286827266428,1.5656149332300053,1.110214259977503,1.2261996364379022,0.017683626250672477,0.0012042771838760874,-0.005899212871740834
6.387984981226533,0.9225286827266428,1.567587991942148,1.1025298680120121,1.2271861657939735,0.01512216226217556,0.0012042771838760874,-0.005899212871740834
6.397997496871089,0.9225286827266428,1.5693989582449483,1.0947561981080614,1.2280916489453737,0.012530938960858641,0.0012042771838760874,-0.005899212871740834
6.4080100125156445,0.9225286827266428,1.5710460404572704,1.08690094115294,1.2289151900515347,0.009912519975818195,0.0012042771838760874,-0.005899212871740834
6.418022528160201,0.9225286827266428,1.572527609036851,1.078971868752158,1.229655974341325,0.007269495842224194,0.0012042771838760874,-0.005899212871740834
6.428035043804756,0.9225286827266428,1.573842198192487,1.070976825540608,1.230313268919143,0.004604481438374164,0.0012042771838760874,-0.005899212871740834
6.438047559449312,0.9225286827266428,1.5749885073342191,1.0629237214214577,1.2308864234900092,0.0019201133986574588,0.0012042771838760874,-0.005899212871740834
6.448060075093868,0.9225286827266428,1.57596540236007,1.0548205237404884,1.2313748710029346,-0.0007809524949989859,0.0012042771838760874,-0.005899212871740834
6.458072590738423,0.9225286827266428,1.5767719167780698,1.046675249403591,1.2317781282119344,-0.003496043940631471,0.0012042771838760874,-0.005899212871740834
6.468085106382979,0.9225286827266428,1.5774072526624563,1.038495956945232,1.2320957961541277,-0.006222474760084484,0.0012042771838760874,-0.005899212871740834
6.478097622027534,0.9225286827266428,1.5778707814431023,1.0302907385557425,1.2323275605444508,-0.008957547556581014,0.0012042771838760874,-0.005899212871740834
6.48811013767209,0.9225286827266428,1.5781620445273932,1.022067712075291,1.2324731920865961,-0.011698556383398154,0.0012042771838760874,-0.005899212871740834
6.498122653316646,0.9225286827266428,1.5782807537539354,1.0138350129624991,1.2325325466998671,-0.014442789420995467,0.0012042771838760874,-0.005899212871740834
6.508135168961202,0.9225286827266428,1.5782267916776491,1.0056007862456153,1.232505565661724,-0.017187531659956685,0.0012042771838760874,-0.005899212871740834
6.518147684605758,0.9225286827266428,1.5780002116859628,0.9973731784642235,1.232392275665881,-0.01993006758708734,0.0012042771838760874,-0.005899212871740834
6.528160200250313,0.9225286827266428,1.5776012379459945,0.9891603296094624,1.2321927887958968,-0.022667683872007686,0.0012042771838760874,-0.005899212871740834
6.538172715894869,0.9225286827266428,1.577030265182772,0.9809703650707087,1.2319073024142855,-0.02539767205159227,0.0012042771838760874,-0.005899212871740834
6.548185231539424,0.9225286827266428,1.5762878582887097,0.9728113875967218,1.2315360989672544,-0.028117331209587884,0.0012042771838760874,-0.005899212871740834
6.55819774718398,0.9225286827266428,1.5753747517647343,0.9646914692791794,1.2310795457052668,-0.030823970648768677,0.0012042771838760874,-0.005899212871740834
6.5682102628285355,0.9225286827266428,1.5742918489936044,0.9566186435665549,1.2305380943197017,-0.03351491255297686,0.0012042771838760874,-0.005899212871740834
6.578222778473092,0.9225286827266428,1.573040221346147,0.9486008973161978,1.229912280495973,-0.0361874946364292,0.0012042771838760874,-0.005899212871740834
6.588235294117648,0.9225286827266428,1.5716211071212973,0.9406461628925554,1.2292027233835483,-0.03883907277764334,0.0012042771838760874,-0.005899212871740834
6.598247809762203,0.9225286827266428,1.5700359103209867,0.9327623103192602,1.2284101249833927,-0.04146702363540844,0.0012042771838760874,-0.005899212871740834
6.608260325406759,0.9225286827266428,1.5682861992610901,0.9249571394929224,1.2275352694534445,-0.044068747244187675,0.0012042771838760874,-0.005899212871740834
6.618272841051314,0.9225286827266428,1.566373705019814,0.917238372466301,1.2265790223328066,-0.046641669586394804,0.0012042771838760874,-0.005899212871740834
6.62828535669587,0.9225286827266428,1.5643003197250507,0.9096136458084727,1.2255423296854249,-0.04918324513900423,0.0012042771838760874,-0.005899212871740834
6.638297872340425,0.9225286827266428,1.5620680946824004,0.9020905030495929,1.2244262171640998,-0.051690959391964164,0.0012042771838760874,-0.005899212871740834
6.648310387984981,0.9225286827266428,1.5596792383457103,0.8946763872176955,1.2232317889957547,-0.054162331335929986,0.0012042771838760874,-0.005899212871740834
6.6583229036295375,0.9225286827266428,1.5571361141321394,0.8873786334749245,1.2219602268889693,-0.05659491591685362,0.0012042771838760874,-0.005899212871740834
6.668335419274093,0.9225286827266428,1.5544412380839088,0.8802044618604923,1.220612788864854,-0.05898630645499773,0.0012042771838760874,-0.005899212871740834
6.678347934918649,0.9225286827266428,1.5515972763790522,0.873160970147516,1.2191908080124256,-0.06133413702598981,0.0012042771838760874,-0.005899212871740834
6.688360450563204,0.9225286827266428,1.5486070426936336,0.8662551268208374,1.2176956911697163,-0.06363608480154934,0.0012042771838760874,-0.005899212871740834
6.69837296620776,0.9225286827266428,1.5454734954180291,0.8594937641827436,1.216128917531914,-0.06588987234758062,0.0012042771838760874,-0.005899212871740834
6.708385481852315,0.9225286827266428,1.5421997347300467,0.8528835715934228,1.2144920371879229,-0.06809326987735421,0.0012042771838760874,-0.005899212871740834
6.718397997496871,0.9225286827266428,1.5387889995277575,0.8464310888528387,1.2127866695867782,-0.0702440974575489,0.0012042771838760874,-0.005899212871740834
6.728410513141427,0.9225286827266428,1.5352446642250923,0.840142699730579,1.2110145019354457,-0.07234022716496881,0.0012042771838760874,-0.005899212871740834
6.7384230287859825,0.9225286827266428,1.5315702354133611,0.8340246256500586,1.20917728752958,-0.07437958519180896,0.0012042771838760874,-0.005899212871740834
6.748435544430539,0.9225286827266428,1.5277693483920032,0.8280829195333546,1.2072768440189012,-0.07636015389737696,0.0012042771838760874,-0.005899212871740834
6.758448060075094,0.9225286827266428,1.523845763572001,0.8223234598127409,1.2053150516089,-0.07827997380424817,0.0012042771838760874,-0.005899212871740834
6.76846057571965,0.9225286827266428,1.5198033627555134,0.816751944614855,1.2032938512006564,-0.08013714553687681,0.0012042771838760874,-0.005899212871740834
6.778473091364205,0.9225286827266428,1.515646145295414,0.8113738861232558,1.2012152424706064,-0.0819298317007432,0.0012042771838760874,-0.005899212871740834
6.788485607008761,0.9225286827266428,1.511378224138523,0.8061946051249329,1.199081281892161,-0.08365625870018417,0.0012042771838760874,-0.005899212871740834
6.798498122653317,0.9225286827266428,1.5070038217564643,0.8012192257461845,1.1968940807011317,-0.0853147184931003,0.0012042771838760874,-0.005899212871740834
6.808510638297872,0.9225286827266428,1.5025272659681579,0.7964526703830634,1.1946558028069785,-0.08690357028080731,0.0012042771838760874,-0.005899212871740834
6.8185231539424285,0.9225286827266428,1.4979529856580844,0.7918996548313877,1.1923686626519416,-0.08842124213136593,0.0012042771838760874,-0.005899212871740834
6.828535669586984,0.9225286827266428,1.4932855063945716,0.7875646836211786,1.1900349230201854,-0.08986623253476894,0.0012042771838760874,-0.005899212871740834
6.83854818523154,0.9225286827266428,1.488529445952413,0.7834520455600888,1.187656892799106,-0.09123711188846553,0.0012042771838760874,-0.005899212871740834
6.848560700876095,0.9225286827266428,1.483689509744272,0.7795658094902715,1.1852369246950356,-0.09253252391173797,0.0012042771838760874,-0.005899212871740834
6.858573216520651,0.9225286827266428,1.478770486165375,0.7759098202628661,1.182777412905587,-0.09375118698753979,0.0012042771838760874,-0.005899212871740834
6.868585732165207,0.9225286827266428,1.473777241856111,0.7724876949340943,1.180280790750955,-0.09489189543046372,0.0012042771838760874,-0.005899212871740834
6.878598247809762,0.9225286827266428,1.4687147168872141,0.7693028191867175,1.1777495282665065,-0.09595352067958929,0.0012042771838760874,-0.005899212871740834
6.888610763454318,0.9225286827266428,1.4635879198723007,0.7663583439804122,1.1751861297590498,-0.09693501241502442,0.0012042771838760874,-0.005899212871740834
6.8986232790988735,0.9225286827266428,1.4584019230125955,0.7636571824343636,1.1725931313291973,-0.09783539959704057,0.0012042771838760874,-0.005899212871740834
6.90863579474343,0.9225286827266428,1.4531618570787401,0.7612020069451689,1.1699730983622696,-0.09865379142677216,0.0012042771838760874,-0.005899212871740834
6.918648310387985,0.9225286827266428,1.447872906334666,0.7589952465429006,1.1673286229902327,-0.09938937822752827,0.0012042771838760874,-0.005899212871740834
6.928660826032541,0.9225286827266428,1.4425403034085327,0.7570390844879408,1.1646623215271659,-0.10004143224584822,0.0012042771838760874,-0.005899212871740834
6.938673341677097,0.9225286827266428,1.4371693241158277,0.7553354561109724,1.1619768318808132,-0.10060930837150436,0.0012042771838760874,-0.005899212871740834
6.948685857321652,0.9225286827266428,1.4317652822397289,0.7538860468982577,1.159274810942764,-0.10109244477574258,0.0012042771838760874,-0.005899212871740834
6.958698372966208,0.9225286827266428,1.4263335242739117,0.7526922908241006,1.1565589319598555,-0.10149036346712828,0.0012042771838760874,-0.005899212871740834
6.968710888610763,0.9225286827266428,1.4208794241329907,0.7517553689321441,1.153831881889395,-0.10180267076444713,0.0012042771838760874,-0.005899212871740834
6.9787234042553195,0.9225286827266428,1.4154083778358295,0.7510762081669016,1.1510963587408143,-0.10202905768619464,0.0012042771838760874,-0.005899212871740834
6.988735919899875,0.9225286827266428,1.4099257981669886,0.7506554804566851,1.148355068906394,-0.1021693002562668,0.0012042771838760874,-0.005899212871740834
6.998748435544431,0.9225286827266428,1.4044371093215788,0.750493602048832,1.1456107244836888,-0.10222325972555113,0.0012042771838760874,-0.005899212871740834
7.008760951188987,0.9225286827266428,1.3989477415388296,0.7505907330978904,1.1428660405923143,-0.10219088270919835,0.0012042771838760874,-0.005899212871740834
7.018773466833542,0.9225286827266428,1.3934631257296803,0.7509467775071696,1.1401237326877396,-0.10207220123943858,0.0012042771838760874,-0.005899212871740834
7.028785982478098,0.9225286827266428,1.3879886881036978,0.7515613830238143,1.1373865138747485,-0.1018673327338904,0.0012042771838760874,-0.005899212871740834
7.038798498122653,0.9225286827266428,1.382529844800657,0.7524339415873053,1.134657092223228,-0.10157647987939339,0.0012042771838760874,-0.005899212871740834
7.048811013767209,0.9225286827266428,1.3770919965320734,0.7535635899310458,1.1319381680889362,-0.1011999304314799,0.0012042771838760874,-0.005899212871740834
7.0588235294117645,0.9225286827266428,1.3716805232380085,0.7549492104364333,1.1292324314419038,-0.10073805692968407,0.0012042771838760874,-0.005899212871740834
7.068836045056321,0.9225286827266428,1.3663007787644157,0.7565894322385796,1.1265425592051073,-0.10019131632896866,0.0012042771838760874,-0.005899212871740834
7.078848560700877,0.9225286827266428,1.3609580855663144,0.7584826325825729,1.1238712126060568,-0.09956024954763751,0.0012042771838760874,-0.005899212871740834
7.088861076345432,0.9225286827266428,1.3556577294420116,0.7606269384289561,1.1212210345439053,-0.09884548093217646,0.0012042771838760874,-0.005899212871740834
7.098873591989988,0.9225286827266428,1.3504049543035894,0.7630202283068179,1.1185946469746944,-0.09804771763955586,0.0012042771838760874,-0.005899212871740834
7.108886107634543,0.9225286827266428,1.3452049569888425,0.7656601344126706,1.1159946483173209,-0.09716774893760496,0.0012042771838760874,-0.005899212871740834
7.118898623279099,0.9225286827266428,1.3400628821197758,0.768544044953042,1.1134236108827873,-0.09620644542414783,0.0012042771838760874,-0.005899212871740834
7.128911138923654,0.9225286827266428,1.3349838170127712,0.7716691067284531,1.110884078329285,-0.09516475816567743,0.0012042771838760874,-0.005899212871740834
7.13892365456821,0.9225286827266428,1.329972786645446,0.7750322279562346,1.1083785631456227,-0.09404371775641693,0.0012042771838760874,-0.005899212871740834
7.1489361702127665,0.9225286827266428,1.325034748685188,0.7786300813293852,1.1059095441654934,-0.0928444332987001,0.0012042771838760874,-0.005899212871740834
7.158948685857322,0.9225286827266428,1.3201745885842804,0.7824591073084425,1.1034794641150396,-0.09156809130568097,0.0012042771838760874,-0.005899212871740834
7.168961201501878,0.9225286827266428,1.3153971147464762,0.7865155176431219,1.1010907271961377,-0.09021595452745451,0.0012042771838760874,-0.005899212871740834
7.178973717146433,0.9225286827266428,1.310707053769802,0.7907952991202216,1.0987456967078004,-0.08878936070175458,0.0012042771838760874,-0.005899212871740834
7.188986232790989,0.9225286827266428,1.3061090457702877,0.7952942175341001,1.0964466927080434,-0.08728972123046178,0.0012042771838760874,-0.005899212871740834
7.198998748435544,0.9225286827266428,1.3016076397912726,0.8000078218757908,1.0941959897185358,-0.08571851978323156,0.0012042771838760874,-0.005899212871740834
7.2090112640801,0.9225286827266428,1.2972072893027962,0.8049314487366129,1.0919958144742976,-0.08407731082962416,0.0012042771838760874,-0.005899212871740834
7.219023779724656,0.9225286827266428,1.2929123477955606,0.8100602269219151,1.0898483437206798,-0.08236771810119009,0.0012042771838760874,-0.005899212871740834
7.2290362953692116,0.9225286827266428,1.2887270644737976,0.8153890822704022,1.0877557020597983,-0.08059143298502774,0.0012042771838760874,-0.005899212871740834
7.239048811013768,0.9225286827266428,1.284655580051313,0.8209127426742572,1.085719959848556,-0.07875021285040942,0.0012042771838760874,-0.005899212871740834
7.249061326658323,0.9225286827266428,1.2807019226548717,0.826625743295107,1.0837431311503354,-0.07684587931012615,0.0012042771838760874,-0.005899212871740834
7.259073842302879,0.9225286827266428,1.2768700038389624,0.8325224319706663,1.0818271717423809,-0.07488031641827303,0.0012042771838760874,-0.005899212871740834
7.269086357947434,0.9225286827266428,1.273163614715903,0.8385969748067044,1.079973977180851,-0.07285546880626036,0.0012042771838760874,-0.005899212871740834
7.27909887359199,0.9225286827266428,1.2695864222050939,0.844843361948821,1.0781853809254465,-0.07077333975888814,0.0012042771838760874,-0.005899212871740834
7.289111389236546,0.9225286827266428,1.2661419654051542,0.8512554135282981,1.0764631525254766,-0.06863598923239578,0.0012042771838760874,-0.005899212871740834
7.299123904881101,0.9225286827266428,1.2628336520925079,0.8578267857761519,1.0748089958691533,-0.0664455318164445,0.0012042771838760874,-0.005899212871740834
7.3091364205256575,0.9225286827266428,1.2596647553498954,0.8645509772993631,1.0732245474978472,-0.06420413464204078,0.0012042771838760874,-0.005899212871740834
7.319148936170213,0.9225286827266428,1.2566384103281514,0.8714213355130145,1.0717113749869753,-0.0619140152374903,0.0012042771838760874,-0.005899212871740834
7.329161451814769,0.9225286827266428,1.2537576111444362,0.878431063222049,1.0702709753951176,-0.059577439334478816,0.0012042771838760874,-0.005899212871740834
7.339173967459324,0.9225286827266428,1.2510252079200055,0.8855732253460726,1.0689047737829023,-0.05719671862647095,0.0012042771838760874,-0.005899212871740834
7.34918648310388,0.9225286827266428,1.2484439039604391,0.8928407557805857,1.067614121803119,-0.05477420848163323,0.0012042771838760874,-0.005899212871740834
7.359198998748436,0.9225286827266428,1.246016253081124,0.9002264643878337,1.0664002963634616,-0.0523123056125506,0.0012042771838760874,-0.005899212871740834
7.369211514392991,0.9225286827266428,1.2437446570806343,0.9077230441103852,1.0652644983632167,-0.049813445705033405,0.0012042771838760874,-0.005899212871740834
7.379224030037547,0.9225286827266428,1.2416313633645093,0.9153230782003704,1.064207851505154,-0.04728010100837167,0.0012042771838760874,-0.005899212871740834
7.3892365456821025,0.9225286827266428,1.2396784627217825,0.923019047557248,1.063231401183791,-0.04471477788941248,0.0012042771838760874,-0.005899212871740834
7.399249061326659,0.9225286827266428,1.2378878872564556,0.9308033381668361,1.0623361134511273,-0.04212001435288308,0.0012042771838760874,-0.005899212871740834
7.409261576971214,0.9225286827266428,1.2362614084759707,0.9386682486342374,1.0615228740608849,-0.03949837753041601,0.0012042771838760874,-0.005899212871740834
7.41927409261577,0.9225286827266428,1.2348006355385674,0.9466059978032306,1.0607924875921833,-0.03685246114075161,0.0012042771838760874,-0.005899212871740834
7.429286608260326,0.9225286827266428,1.2335070136612611,0.9546087324545585,1.0601456766535302,-0.03418488292364233,0.0012042771838760874,-0.005899212871740834
7.439299123904881,0.9225286827266428,1.2323818226900163,0.9626685350755182,1.0595830811679077,-0.03149828204998908,0.0012042771838760874,-0.005899212871740834
7.449311639549437,0.9225286827266428,1.231426175833529,0.9707774316931621,1.059105257739664,-0.028795316510774424,0.0012042771838760874,-0.005899212871740834
7.459324155193992,0.9225286827266428,1.2306410185618737,0.9789273997633474,1.0587126791038364,-0.026078660487379342,0.0012042771838760874,-0.005899212871740834
7.4693366708385485,0.9225286827266428,1.2300271276711008,0.9871103761078582,1.05840573365845,-0.023351001705875746,0.0012042771838760874,-0.005899212871740834
7.479349186483104,0.9225286827266428,1.2295851105147138,0.995318264891711,1.0581847250802565,-0.020615038777924782,0.0012042771838760874,-0.005899212871740834
7.48936170212766,0.9225286827266428,1.2293154044027825,1.0035429456327785,1.0580498720242908,-0.017873478530902324,0.0012042771838760874,-0.005899212871740834
7.499374217772216,0.9225286827266428,1.2292182761692907,1.0117762812357967,1.0580013079075448,-0.015129033329896258,0.0012042771838760874,-0.005899212871740834
7.509386733416771,0.9225286827266428,1.229293821908143,1.020010126042801,1.058039080776971,-0.012384418394228153,0.0012042771838760874,-0.005899212871740834
7.519399249061327,0.9225286827266428,1.2295419668780954,1.0282363338920508,1.0581631532619473,-0.009642349111144852,0.0012042771838760874,-0.005899212871740834
7.529411764705882,0.9225286827266428,1.229962465576699,1.036446766177435,1.058373402611249,-0.006905538349350152,0.0012042771838760874,-0.005899212871740834
7.539424280350438,0.9225286827266428,1.2305549019831896,1.0446332999004102,1.0586696208144943,-0.004176693775025097,0.0012042771838760874,-0.005899212871740834
7.5494367959949935,0.9225286827266428,1.231318689970077,1.0527878357064975,1.059051514807938,-0.0014585151729960139,0.0012042771838760874,-0.005899212871740834
7.55944931163955,0.9225286827266428,1.2322530738830315,1.0609023058983873,1.0595187067644154,0.0012463082243006247,0.0012042771838760874,-0.005899212871740834
7.569461827284106,0.9225286827266428,1.2333571292884915,1.0689686824177163,1.0600707344671454,0.0039351003974103065,0.0012042771838760874,-0.005899212871740834
7.579474342928661,0.9225286827266428,1.2346297638882513,1.0769789847876445,1.0607070517670252,0.006605201187386358,0.0012042771838760874,-0.005899212871740834
7.589486858573217,0.9225286827266428,1.2360697186001286,1.0849252880083418,1.061427029122964,0.009253968927618778,0.0012042771838760874,-0.005899212871740834
7.599499374217772,0.9225286827266428,1.237675568803638,1.0927997303975883,1.0622299542247187,0.011878783057367632,0.0012042771838760874,-0.005899212871740834
7.609511889862328,0.9225286827266428,1.2394457257494413,1.1005945213687478,1.0631150326976202,0.014477046714420815,0.0012042771838760874,-0.005899212871740834
7.619524405506883,0.9225286827266428,1.2413784381311763,1.108301949138384,1.0640813888884877,0.017046189304299582,0.0012042771838760874,-0.005899212871740834
7.629536921151439,0.9225286827266428,1.2434717938181161,1.1159143883559228,1.0651280667319576,0.019583669043479107,0.0012042771838760874,-0.005899212871740834
7.6395494367959955,0.9225286827266428,1.2457237217469346,1.1234243076478,1.0662540306963668,0.022086975474104854,0.0012042771838760874,-0.005899212871740834
7.649561952440551,0.9225286827266428,1.2481319939707158,1.1308242770686276,1.0674581668082574,0.024553631947714046,0.0012042771838760874,-0.005899212871740834
7.659574468085107,0.9225286827266428,1.250694227863176,1.1381069754520259,1.0687392837544876,0.02698119807551346,0.0012042771838760874,-0.005899212871740834
7.669586983729662,0.9225286827266428,1.2534078884759168,1.1452651976538193,1.0700961140608578,0.029367272142777956,0.0012042771838760874,-0.005899212871740834
7.679599499374218,0.9225286827266428,1.2562702910463777,1.1522918616804545,1.0715273153460885,0.031709493484989706,0.0012042771838760874,-0.005899212871740834
7.689612015018774,0.9225286827266428,1.2592786036540091,1.159180015695578,1.073031471649904,0.03400554482336423,0.0012042771838760874,-0.005899212871740834
7.699624530663329,0.9225286827266428,1.262429850022035,1.165922844897836,1.074607094833917,0.0362531545574502,0.0012042771838760874,-0.005899212871740834
7.709637046307885,0.9225286827266428,1.2657209124620363,1.172513678263113,1.0762526260539178,0.03845009901254249,0.0012042771838760874,-0.005899212871740834
7.719649561952441,0.9225286827266428,1.2691485349584368,1.1789459951445094,1.0779664373021178,0.040594204639674634,0.0012042771838760874,-0.005899212871740834
7.729662077596997,0.9225286827266428,1.2727093263898464,1.1852134317235514,1.0797468330178226,0.042683350166022,0.0012042771838760874,-0.005899212871740834
7.739674593241552,0.9225286827266428,1.2763997638840698,1.1913097873062402,1.0815920517649344,0.04471546869358493,0.0012042771838760874,-0.005899212871740834
7.749687108886108,0.9225286827266428,1.2802161963034637,1.1972290304577151,1.0835002679746315,0.046688549744076595,0.0012042771838760874,-0.005899212871740834
7.759699624530664,0.9225286827266428,1.284154847857192,1.2029653049694546,1.0854695937514955,0.04860064124798972,0.0012042771838760874,-0.005899212871740834
7.769712140175219,0.9225286827266428,1.2882118218368075,1.2085129356531281,1.0874980807413033,0.05044985147588094,0.0012042771838760874,-0.005899212871740834
7.779724655819775,0.9225286827266428,1.2923831044714669,1.213866433955345,1.089583722058633,0.05223435090995326,0.0012042771838760874,-0.005899212871740834
7.78973717146433,0.9225286827266428,1.2966645688989553,1.2190205033877601,1.0917244542723772,0.05395237405409158,0.0012042771838760874,-0.005899212871740834
7.7997496871088865,0.9225286827266428,1.3010519792486033,1.22397004476716,1.0939181594472012,0.05560222118055821,0.0012042771838760874,-0.005899212871740834
7.809762202753442,0.9225286827266428,1.3055409948320462,1.228710161260341,1.0961626672389226,0.057182260011618545,0.0012042771838760874,-0.005899212871740834
7.819774718397998,0.9225286827266428,1.310127174437693,1.2332361632288018,1.0984557570417461,0.05869092733443879,0.0012042771838760874,-0.005899212871740834
7.829787234042554,0.9225286827266428,1.3148059807246384,1.2375435728684376,1.1007951601852186,0.06012673054765073,0.0012042771838760874,-0.005899212871740834
7.839799749687109,0.9225286827266428,1.3195727847116865,1.2416281286396575,1.1031785621787427,0.061488249138057345,0.0012042771838760874,-0.005899212871740834
7.849812265331665,0.9225286827266428,1.324422870357039,1.2454857894835478,1.105603605001419,0.06277413608602081,0.0012042771838760874,-0.005899212871740834
7.85982478097622,0.9225286827266428,1.3293514392241148,1.2491127388198942,1.108067889434957,0.0639831191981362,0.0012042771838760874,-0.005899212871740834
7.869837296620776,0.9225286827266428,1.3343536152288862,1.252505388323118,1.1105689774373426,0.06511400236587758,0.0012042771838760874,-0.005899212871740834
7.8798498122653315,0.9225286827266428,1.339424449464037,1.2556603814723923,1.113104394554918,0.06616566674896895,0.0012042771838760874,-0.005899212871740834
7.889862327909888,0.9225286827266428,1.344558925095171,1.258574596872416,1.1156716323704852,0.06713707188231019,0.0012042771838760874,-0.005899212871740834
7.899874843554444,0.9225286827266428,1.349751962324218,1.261245151341569,1.1182681509850085,0.06802725670536122,0.0012042771838760874,-0.005899212871740834
7.909887359198999,0.9225286827266428,1.3549984234151395,1.2636694027643935,1.1208913815304693,0.06883534051296938,0.0012042771838760874,-0.005899212871740834
7.919899874843555,0.9225286827266428,1.3602931177769522,1.2658449527055708,1.1235387287113756,0.06956052382669514,0.0012042771838760874,-0.005899212871740834
7.92991239048811,0.9225286827266428,1.3656308070990404,1.2677696487828158,1.1262075733724197,0.07020208918577683,0.0012042771838760874,-0.005899212871740834
7.939924906132666,0.9225286827266428,1.3710062105336887,1.2694415867963393,1.1288952750897439,0.07075940185695132,0.0012042771838760874,-0.005899212871740834
7.949937421777221,0.9225286827266428,1.376414009920688,1.2708591126127677,1.1315991747832437,0.07123191046242741,0.0012042771838760874,-0.005899212871740834
7.9599499374217775,0.9225286827266428,1.381848855048868,1.2720208238016637,1.1343165973473335,0.07161914752539278,0.0012042771838760874,-0.005899212871740834
7.9699624530663336,0.9225286827266428,1.387305368949326,1.2729255710230214,1.1370448542975626,0.071920729932512,0.0012042771838760874,-0.005899212871740834
7.979974968710889,0.9225286827266428,1.3927781532151435,1.2735724591643658,1.1397812464304713,0.07213635931296014,0.0012042771838760874,-0.005899212871740834
7.989987484355445,0.9225286827266428,1.3982617933423005,1.2739608482263345,1.1425230664940498,0.07226582233361639,0.0012042771838760874,-0.005899212871740834
8.0,0.9225286827266428,1.403750864086519,1.2740903539558606,1.1452676018661592,0.07230899091012508,0.0012042771838760874,-0.005899212871740834
