time,perturb,p_null,a_BIClong,a_BICshort,a_TRIlong,a_TRIlat,a_TRImed,a_BRA,a_BRD,a_DELT1,a_DELT2,a_DELT3,a_ECRL,a_ECRB,a_FCR,a_FCU,K_e_xx,K_e_yy,K_e_zz,K_e_xy,K_e_xz,K_e_yz,K_min,K_max,D_e_xx,D_e_yy,D_e_zz,D_e_xy,D_e_xz,D_e_yz,D_min,D_max,K_elv_angle,D_elv_angle,K_shoulder_elv,D_shoulder_elv,K_shoulder_rot,D_shoulder_rot,K_elbow_flexion,D_elbow_flexion,K_pro_sup,D_pro_sup,K_deviation,D_deviation,K_flexion,D_flexion,K_cross
0.0,False,0.02,0.02000000000000003,0.02,0.15384833320751556,0.02,0.02,0.046807238292111475,0.04049819404692302,0.048591442547822154,0.1614092618825957,0.15188511876924232,0.02,0.08878720434139865,0.020000000000000028,0.06398609143084684,5.878427451464615,4.6972687543464575,40.71547525629823,2.3950164121434128,-6.105914731304317,-8.240990692267225,2.821091612819665,7.7546045929914085,0.2369457326587705,0.254720046285974,1.6720542617684415,0.08665430874392709,-0.26430518176899265,-0.45487498338310667,0.1587240450298164,0.3329417339149281,1.7313673392854527,0.05653700931788755,0.8278809550539793,0.044104633024735336,0.032059706315379,0.001718096781571298,0.8907538996890195,0.03632498299754558,0.022791484837502936,0.0007515527253371325,0.2762665419686383,0.011966275566790186,0.17550329310272395,0.0071234758929862195,0.47774664595253363
0.01,False,0.020000000000000007,0.02000000000000004,0.020000000000000028,0.26006844182629657,0.020000000000000018,0.020000000000000007,0.06830628090765103,0.05663623662733119,0.07178247355842472,0.2737025166405568,0.25657123460783504,0.020000000000000018,0.14363271862616495,0.02000000000000004,0.09905208232863376,7.962385422234156,7.410218097303589,58.68168529632619,3.187121048930231,-7.3701506084177915,-12.493157719945282,4.487245216158808,10.885358303378936,0.3351841166074783,0.4135114446800015,2.4899115367307085,0.11849404382904019,-0.34636367387966616,-0.7200943279921478,0.24954941926145385,0.499146142026026,2.571400032859291,0.08457082116923452,1.330678839040939,0.07241143528614685,0.052349090039794224,0.0028482878743410845,1.1863944881541668,0.050694980608393156,0.024103596664193913,0.0007998600454778321,0.4101682270651621,0.017931282262705166,0.25922236114770114,0.010565649312920812,0.7097256310125749
0.02,False,0.020000000000000007,0.020000000000000056,0.020000000000000025,0.3441960704042597,0.020000000000000014,0.020000000000000007,0.0855529961533229,0.0692948881627173,0.09064994704779547,0.36271077493934767,0.3395103948581351,0.02000000000000002,0.1873255014592602,0.02000000000000003,0.1269824695220324,9.62290985673441,9.56560903400558,72.9966226896081,3.8215035001417905,-8.34682794166938,-15.843948209193696,5.772648548422569,13.415870342317422,0.41330506539505224,0.539513453426939,3.1404243402558505,0.14391374586650452,-0.4105990218251485,-0.9296901275520624,0.3192682222764181,0.6335502965455732,3.2506192217115193,0.10720018266711309,1.7317045588976503,0.09492349803394493,0.06847618166206314,0.003745190228233169,1.4208038273250347,0.06208658064550303,0.025146570855228312,0.0008382702188702089,0.5168266527580866,0.022682644622979517,0.32591046585116024,0.013307550735595131,0.8993813805220346
0.03,False,0.020000000000000014,0.020000000000000046,0.02000000000000009,0.4106711601572388,0.020000000000000014,0.02000000000000002,0.09939361582534541,0.07917936567463264,0.10605250715445225,0.43310683446538245,0.405071682468427,0.020000000000000025,0.22209914294169533,0.02000000000000004,0.14920661142406705,10.944647164343221,11.275018467310296,84.39211367813112,4.329302412260151,-9.092938112832806,-18.474271305635668,6.777380199091336,15.442285432562182,0.4753316269177512,0.6392899539334314,3.657155015971836,0.16417555885795604,-0.4605485935519687,-1.094819528385798,0.3738054843013068,0.7408160965498758,3.801030853124613,0.12550186571626618,2.051342419301695,0.11280256601730128,0.08127487562207573,0.004455610178634296,1.6062915305020418,0.071098472470693,0.025974558680934928,0.000868771713921194,0.6016967791755048,0.02646346171119153,0.3789778773989635,0.015489443817468519,1.0550926979378712
0.04,False,0.02000000000000001,0.020000000000000042,0.020000000000000094,0.4630535644588458,0.02000000000000001,0.02000000000000003,0.11050594330594884,0.08685425159360866,0.11867506108299876,0.4886344319926554,0.456757629141364,0.020000000000000042,0.249742365547429,0.020000000000000042,0.16686936378915845,11.995322033964765,12.627755073286352,93.45399562174649,4.7353319075580975,-9.653978230573241,-20.529086106892724,7.565660219529307,17.05741688772181,0.5244835849647734,0.7180958925461073,4.06698199425599,0.18028446606423176,-0.49903823624436283,-1.2244212773054426,0.41665855805267604,0.8259209194582047,4.2481908870032825,0.14033601414446997,2.305910622414196,0.12697903364605279,0.09141300496978697,0.005017052775944135,1.7527208020656337,0.07821048021762111,0.026630947560571605,0.000892957450572971,0.6691471601785102,0.029468439001127823,0.42115566041064245,0.017223667239179365,1.1835353551494845
0.05,False,0.020000000000000028,0.020000000000000046,0.020000000000000153,0.5041967998228527,0.02000000000000003,0.020000000000000028,0.11943258458688719,0.09277163026183391,0.1290643165161798,0.532291924825196,0.49737534458667,0.020000000000000066,0.2716874050058628,0.02000000000000004,0.1808875681891171,12.829121251670049,13.695290952916785,100.65121272993295,5.059375646811044,-10.066244153664714,-22.12449569144344,8.184328157385316,18.34008404720152,0.56333768334411,0.7801373510518163,4.391428064383659,0.19304107250954078,-0.5283245614805269,-1.3256542640084767,0.4503433446116534,0.8931316897842729,4.612514240773901,0.15238999094698788,2.5084710366603162,0.13819786334031206,0.0994253368833667,0.005459564464443219,1.8679933184170592,0.08380708711137505,0.02715050054039167,0.0009121034091413739,0.7226757764471812,0.03185349821084544,0.45463061019531503,0.018600180435872447,1.290033508583569
0.06,False,0.020000000000000025,0.020000000000000046,0.020000000000000143,0.5363874243433886,0.020000000000000028,0.020000000000000025,0.1266078684828793,0.09729331155781931,0.137657100266867,0.5664795681156429,0.5291737920891314,0.020000000000000077,0.2890807036990798,0.020000000000000042,0.19199524670572335,13.48939711865712,14.534806715103953,106.35908966852654,5.317211506139725,-10.358644343319536,-23.35342752454583,8.669260116198949,19.354943717562122,0.5939557071765843,0.8287796705345744,4.647723787545297,0.20308330484273762,-0.5502078939714091,-1.4042487660399712,0.47678635509767564,0.945949022613483,4.9103190925737845,0.16221338092440998,2.6694776710756862,0.14705537848326616,0.10573999393902483,0.0058072098347679655,1.9584373264278,0.08819628066177229,0.027561064650210163,0.0009272314186603361,0.765082666987819,0.033743465289539594,0.48115318237599786,0.019691000157580574,1.3788391724260256
0.07,False,0.02000000000000002,0.020000000000000066,0.020000000000000115,0.5614570288094123,0.02000000000000003,0.02000000000000002,0.13237909065117895,0.10070901184915945,0.14480281453565785,0.5931178156950634,0.5539540618357286,0.020000000000000063,0.30283987532030276,0.020000000000000042,0.20078002245476928,14.01083300850371,15.192032944600436,110.87799651763754,5.521426016188104,-10.554160874608428,-24.290204886993273,9.0485100008124,20.154355952291745,0.6179871250752214,0.8667143317875812,4.849660853357998,0.21091949189628156,-0.5661228720899528,-1.4647887454389712,0.49749702128870993,0.9872044355740925,5.154657376494736,0.17024585486423763,2.7972961140439256,0.15402877297927292,0.11069963088371122,0.0060792565889068555,2.0291198474155054,0.09162470746537177,0.027884950988144346,0.0009391598606741191,0.7986090339808011,0.03523826614092497,0.5021244576004457,0.020553775640763158,1.4533530850023568
0.08,False,0.020000000000000018,0.020000000000000063,0.020000000000000094,0.5808723362838629,0.020000000000000025,0.020000000000000018,0.13702397272938266,0.10325052579447047,0.15078122569919086,0.6137424461967096,0.5731581013967447,0.020000000000000052,0.3136990305042225,0.02000000000000005,0.20771210912787502,14.421174479216594,15.703528482396976,114.4482744973895,5.682059240227588,-10.671014680145069,-24.994221549137894,9.344230709362385,20.780472252251187,0.6367512726499216,0.8960928888916148,5.008275682417275,0.21695456104821131,-0.5772108261836949,-1.5109387360262745,0.5136696326355712,1.0191745289059653,5.355975070639187,0.17683934734317555,2.898619868289063,0.15949979927319383,0.11457843081269505,0.006291127659499882,2.0840966833238332,0.09428982774882841,0.02814002966479966,0.0009485439194758251,0.825047916016444,0.03641785721208678,0.5186653394827979,0.02123463390888003,1.5162990286033378
0.09,False,0.020000000000000014,0.020000000000000115,0.020000000000000077,0.5958076960961314,0.020000000000000025,0.020000000000000014,0.14076433166497943,0.10510345585944539,0.15581657715495012,0.6295810256535292,0.5879400693128138,0.02000000000000006,0.32224557509109897,0.020000000000000056,0.21316784788533255,14.742619000671022,16.09850910188484,117.26222978381843,5.807119849997256,-10.723612502604853,-25.51290522791283,9.574005196372374,21.267122906183488,0.6513033549153654,0.9186345058383503,5.132398993368984,0.22151094806667554,-0.5843782194431405,-1.54562650900876,0.5262536695651899,1.0436841911885257,5.522637687602843,0.18227572518697988,2.978804093494501,0.163773781872127,0.11759574706021074,0.006455166233417133,2.1266140120314763,0.09634971045791743,0.028340621311148482,0.0009559083400931704,0.8458340616320652,0.0373462294071842,0.531672736182636,0.021770489909365778,1.5698616775747483
0.1,False,0.02000000000000001,0.020000000000000136,0.020000000000000087,0.6072031760526245,0.02000000000000002,0.02000000000000001,0.14377729882630413,0.10641632866412941,0.16008880219337962,0.6416142137051561,0.5992235413880758,0.02000000000000005,0.3289492738769793,0.020000000000000066,0.2174483014509836,14.992924489593523,16.40031013368094,119.4737069884604,5.902992402076799,-10.723295494522059,-25.884089703055263,9.75182943596225,21.641405187312213,0.6624871464435624,0.9357120210587296,5.229095004600155,0.2248451108300954,-0.5883430162831245,-1.5711893335614318,0.5360059086251249,1.0621932588771672,5.661348602366346,0.1867808627086638,3.0421326803775184,0.1670948453769132,0.11992701922303385,0.006581248345576366,2.1592692893806307,0.09793086065620375,0.028498199794716923,0.0009616732567634176,0.8621148895760703,0.03807457020966382,0.5418639308710927,0.022190871300148983,1.6157958179385663
0.11,False,0.020000000000000018,0.02000000000000012,0.020000000000000184,0.6158111228258095,0.020000000000000018,0.020000000000000018,0.1462041442552101,0.10730807933488783,0.16374248219816676,0.6506249168631305,0.6077473452540865,0.02000000000000004,0.33418586943525946,0.020000000000000052,0.22079435869646413,15.186306394717523,16.62756640494891,121.20578398863648,5.974777861862686,-10.67898945385497,-26.13793532809451,9.888857129594458,21.92501567007198,0.6709776744703729,0.9484213907247407,5.304014275436562,0.2271615685307973,-0.5896740610611073,-1.5894920938348835,0.5435301652022259,1.0758688999928878,5.777484259495304,0.19053591247126178,3.0920320567083204,0.16965811485714413,0.12171255805028383,0.006677274789039536,2.184140389220436,0.0991344982414744,0.028621958565456577,0.000966175088857337,0.8748082327265293,0.03864383339578574,0.549812669290199,0.022519401061857222,1.65551379964389
0.12,False,0.020000000000000014,0.020000000000000122,0.02000000000000015,0.6222332137752502,0.020000000000000014,0.020000000000000014,0.1481575577152801,0.10787382538123438,0.16689396728712402,0.6572376395087919,0.6141020785354998,0.02000000000000003,0.33825567310479765,0.020000000000000056,0.2233986117477749,15.334193060600981,16.794678645266234,122.5568454101502,6.02662325746843,-10.597801940581139,-26.298237706330923,9.993732234471157,22.13513947139606,0.6773168570800224,0.9576086155530694,5.361656934694434,0.22862881880151847,-0.5888295949708814,-1.601998414253796,0.5492985995391689,1.085626873093923,5.875362353650965,0.1936863020349577,3.1312417325698014,0.1716194617967067,0.12306462712795592,0.006749564982146513,2.2028877020434687,0.10004152766839247,0.028719243050997708,0.0009696826789781648,0.8846479005656982,0.03908675946823329,0.5559776272447436,0.022774963690316345,1.6901554033779251
0.13,False,0.020000000000000025,0.020000000000000098,0.02000000000000025,0.6269504056696767,0.02000000000000003,0.020000000000000025,0.14972728628588708,0.10818969260363556,0.1696370806406401,0.6619500452566192,0.6187595855897141,0.020000000000000052,0.3413987231099921,0.020000000000000046,0.2254150528970234,15.445665935495235,16.91450954828577,123.60582424241622,6.061766969752777,-10.485337948386796,-26.384638021317777,10.07399290269134,22.286182581089665,0.6819360124899511,0.9640306942365088,5.405674042413651,0.22937303338450374,-0.586163690743072,-1.6099430943929554,0.5537133386727122,1.0922533680537476,5.958453291841484,0.19634888444261556,3.161951800466379,0.17310334195054014,0.12407294216093959,0.006803169363236729,2.2168380292529983,0.10071661018392922,0.028795934218528968,0.0009724111450660071,0.8922204802614746,0.03942952496777387,0.5607254474232912,0.022972656880965107,1.7206424370801572
0.14,False,0.020000000000000028,0.02000000000000008,0.02000000000000027,0.6303469892293994,0.020000000000000028,0.020000000000000052,0.1509847017113651,0.10831661802997218,0.17204763978815513,0.6651582707941796,0.6220966397262735,0.020000000000000084,0.34380678313687973,0.02000000000000004,0.22696675754619783,15.528071376950995,16.99603444307254,124.41559309832493,6.082872959577956,-10.345887004703375,-26.412052183866702,10.135057534361566,22.389048285661968,0.6851823676075073,0.9682138986347147,5.438933224919745,0.22950246638774582,-0.5819608356187257,-1.614243405486483,0.5570722924326493,1.0963239738095727,6.02954915012766,0.19861764473698582,3.1859128283853813,0.17420907165678987,0.12480912919654732,0.006842121326324815,2.2270513277617923,0.1012114109539729,0.028856744650816342,0.0009745326819813315,0.8979945832611678,0.03969304928570563,0.5643490276947053,0.023124545313399587,1.7477222291373282
0.15,False,0.02000000000000003,0.020000000000000066,0.020000000000000226,0.6327299411205363,0.02000000000000004,0.02000000000000006,0.15198654759825844,0.10830330688340126,0.17418704488034453,0.6671772742591401,0.6244139978987624,0.020000000000000087,0.34563303915669036,0.02000000000000003,0.22815209734956238,15.587277522865703,17.046783049729115,125.03646457180639,6.092042742471949,-10.182723623617079,-26.392479914431924,10.181435460052658,22.45262511254216,0.6873330154019012,0.9705998328218616,5.463739726002597,0.22910058784570192,-0.5764396716133807,-1.6156462715507423,0.5596207320838587,1.098312116139904,6.0908988288530574,0.2005682607834473,3.204523842386267,0.17501586345558684,0.1253303392942316,0.00686964063931479,2.234373953859371,0.10156719631165076,0.028905452027775974,0.0009761851550337755,0.9023445321377978,0.03989405079678808,0.5670823317794293,0.023240270055244764,1.772002281043453
0.16,False,0.020000000000000025,0.020000000000000052,0.020000000000000292,0.634344455762941,0.020000000000000046,0.020000000000000056,0.1527778864185597,0.10818870214662202,0.1761051171152207,0.6682571989566968,0.6259516923618691,0.020000000000000104,0.3469997492836179,0.020000000000000025,0.2290496349128971,15.627998508766417,17.072746614928583,125.50865692769095,6.090958472271422,-9.998327929589479,-26.33540356572229,10.216727692481504,22.484017431213495,0.6886099850586661,0.9715394466840127,5.481935113768035,0.22823387591359393,-0.5697696706603002,-1.6147436750835131,0.5615547498009485,1.0985946819417303,6.1443157169444405,0.20226173480890924,3.2189027885500052,0.17558686618948663,0.12568216861731632,0.006888297061345631,2.2394813898681516,0.10181691510763978,0.028945080787843597,0.0009774788318812067,0.905569099223607,0.040045879388998215,0.5691120963138846,0.023327528908641818,1.7939776950161304
0.17,False,0.020000000000000025,0.02000000000000007,0.020000000000000236,0.6353863206879492,0.02000000000000004,0.020000000000000046,0.1533944782684545,0.10800395399565253,0.17784234786779266,0.6685965186485431,0.6269012215667775,0.020000000000000084,0.34800456626770865,0.020000000000000025,0.2297221590607883,15.654041713910365,17.078691447917087,125.86435699319216,6.080996481306034,-9.794642310657677,-26.248316234197578,10.243791557134292,22.48894160469316,0.6891921599688112,0.9713115599172231,5.494991626084802,0.22695693268819442,-0.5620854190822917,-1.6120047401542534,0.5630304381743898,1.0974732817116444,6.1912641122740455,0.2037472962682773,3.2299427774192795,0.17597239800726036,0.12590104215021122,0.006900142045076155,2.2429119993203575,0.10198684634333992,0.028978042297725375,0.0009785017096256299,0.9079071015596081,0.04015920327820814,0.5705875588384967,0.023392472784164894,1.814053144734879
0.18,False,0.02000000000000003,0.020000000000000066,0.020000000000000222,0.6360119394536295,0.02000000000000003,0.02000000000000004,0.15386478211681812,0.10777388118224328,0.17943169890981078,0.6683525657127749,0.6274154239673828,0.020000000000000077,0.3487254094374823,0.02000000000000004,0.2302198081614974,15.668480705052522,17.068429365903075,126.1293192413659,6.063259318320717,-9.573111612686581,-26.13714588891522,10.264925103999023,22.471984966956573,0.6892234665141334,0.9701387807045853,5.5040876525288205,0.22531317104571025,-0.5534901560752261,-1.607802097936293,0.5641733488016268,1.0951888984170917,6.232926436358379,0.20506469226807433,3.2383574896920715,0.17621254830444952,0.12601600638574612,0.006906812236849823,2.2450950554595552,0.1020979618437732,0.029006264321065428,0.000979324107945286,0.9095491362578959,0.04024254000400087,0.5716278161825921,0.02344001199650645,1.8325596665958215
0.19,False,0.020000000000000025,0.020000000000000115,0.020000000000000195,0.6363463638618228,0.020000000000000025,0.02000000000000004,0.1542113845329085,0.10751829925250413,0.18090003943466268,0.6676499385214778,0.6276163819199154,0.020000000000000063,0.3492245196429493,0.02000000000000004,0.2305826699922897,15.67385736489148,17.044794358256176,126.32365972096788,6.038600393153811,-9.33476780274854,-26.006269840128983,10.281944701226772,22.436707021920885,0.6888221371278732,0.9681874913677061,5.510148127565476,0.22333649332957567,-0.5440631825032335,-1.602416570732128,0.5650841629310441,1.0919254655645352,6.27025743645403,0.20624602705790523,3.2447173690810316,0.17633925430399974,0.12605019899684972,0.006909613148354882,2.2463731312828252,0.10216701462182261,0.029031293895050835,0.0009800023925584914,0.9106474313411677,0.04030269827271646,0.5723279914291294,0.02347407120148884,1.8497682915344575
0.2,False,0.020000000000000028,0.020000000000000136,0.020000000000000157,0.6364897177799298,0.020000000000000028,0.02000000000000003,0.15445213349847997,0.10725311083186162,0.1822693062990272,0.6665872282222604,0.6276017443778374,0.020000000000000052,0.3495515901057229,0.020000000000000035,0.23084279063219662,15.672070730651505,17.010503399326574,126.46466401241716,6.0077887643684535,-9.08033978362318,-25.859849812252364,10.296340717880902,22.386233412097177,0.6880767943576994,0.9656132899987128,5.51395486323951,0.22105552620085472,-0.5338587901173335,-1.5961030122755142,0.5658427964654339,1.0878472878909784,6.304028144639374,0.20731724821478467,3.249478586371551,0.1763779628566546,0.12602204576436737,0.006909586569501392,2.2470198957097978,0.102207403740534,0.02905437435861293,0.00098058180261402,0.9113235097922228,0.04034511955411748,0.5727640211630481,0.023497786348928473,1.8659012009302538
0.21,False,0.020000000000000025,0.020000000000000136,0.02000000000000013,0.636522242120038,0.020000000000000025,0.020000000000000028,0.15460134321233007,0.10699083238943254,0.18355745578321225,0.6652423314906195,0.6274497115826821,0.020000000000000052,0.3497462739222045,0.020000000000000042,0.23102578260812037,15.664794159549514,16.96728855551425,126.5648014191043,5.971341636142467,-8.810388747123573,-25.70051324766361,10.309291500212327,22.32279121485144,0.687064921648282,0.9625176474010805,5.516094429694167,0.21849018767874806,-0.5229224599696288,-1.5890345316979182,0.566515243934277,1.0830673251150855,6.334861916548708,0.20829935597808982,3.2530060400850047,0.17634894609559298,0.12594623126159657,0.006907564197881806,2.2472532806470147,0.10222982819009019,0.029076498073156508,0.0009810984746630397,0.9116743912770882,0.040374151431663334,0.5729965222031908,0.02351366236375606,1.881141096240951
0.22,False,0.02000000000000003,0.020000000000000115,0.020000000000000167,0.6365082161208773,0.020000000000000035,0.02000000000000003,0.15467037908250117,0.1067414695483186,0.1847792233398003,0.6636766976684627,0.6272228923049216,0.02000000000000006,0.3498403013097418,0.020000000000000056,0.23115216063276406,15.653769820820848,16.916376969230843,126.63531016162648,5.930011136326541,-8.524633666115314,-25.52951990141366,10.32155293478084,22.248593855270855,0.6858613524568656,0.9589725358600607,5.516996431031776,0.2156745733087621,-0.5112796557418003,-1.5812976475913656,0.5671465949267319,1.0776872933901944,6.363263844885091,0.20920937678471896,3.255591584514346,0.17626834573864214,0.12583451041657587,0.006904210530364947,2.247246331643727,0.10224281038971113,0.029098446222352917,0.000981581072610033,0.9117779195294109,0.040393275464856555,0.5730741021377163,0.023523704905570486,1.8956389364937556
0.23,False,0.020000000000000077,0.020000000000000108,0.020000000000000188,0.6364996278017981,0.020000000000000077,0.020000000000000077,0.15466858265014194,0.10651287935186418,0.1859467646305754,0.6619387876074774,0.6269714719745942,0.020000000000000077,0.34985889401197023,0.020000000000000077,0.23123824793805187,15.639650767825021,16.859351879102856,126.68391061183866,5.883855738123384,-8.224222244381336,-25.34995346225807,10.334125084604693,22.164877562323184,0.6845025996756079,0.9550679075332773,5.5171350749403185,0.21260441675961278,-0.49896690739361954,-1.5730851110725368,0.5677891534764367,1.0717813537324485,6.389639582650389,0.21006103206644744,3.25746937611227,0.1761490488645659,0.12569579879596107,0.006900044202101499,2.2471376606684053,0.10225320184562477,0.0291208358413362,0.0009820523377043785,0.9116960159853759,0.040405261292217616,0.5730354204519484,0.02352950926483706,1.909519407162341
0.24,False,0.020000000000000216,0.020000000000000216,0.020000000000000216,0.6365371144168831,0.020000000000000216,0.020000000000000216,0.15460310208477607,0.10631120915125533,0.1870701246799961,0.6600663362974124,0.6267356101527382,0.020000000000000216,0.3498222551509534,0.020000000000000216,0.2312971399376903,15.623510117851556,16.79702676518735,126.71766452480445,5.833324441344376,-7.9090060337590975,-25.16270786504482,10.347508053410518,22.073028829628388,0.6830347443453342,0.9508505012260579,5.516797954607801,0.20929933710577686,-0.4859982123846076,-1.5644580640319456,0.5684722373847065,1.0654130081866855,6.41432744677819,0.21086574810006448,3.2588257962568394,0.1760012314863166,0.12553840306365266,0.0068955100371874065,2.2470349419921622,0.1022663457932045,0.02914416010689587,0.0009825305143713466,0.9114782765471956,0.04041233015860514,0.5729114421534317,0.023532354562195736,1.9228869609047576
0.25,False,0.0200000000000006,0.0200000000000006,0.0200000000000006,0.6366537549612643,0.0200000000000006,0.0200000000000006,0.15447983672022336,0.10614130833674956,0.18815768670439384,0.6580889106184296,0.6265476034209753,0.0200000000000006,0.3497463771244457,0.0200000000000006,0.23133921809084534,15.607056510242224,16.730652395294552,126.7390740800293,5.779601976150607,-7.578742471234914,-24.969226062044463,10.362012287619534,21.97569661791724,0.6815212790701312,0.9463887798727911,5.516193488439317,0.2058132198710237,-0.4723979968732211,-1.5555220804214986,0.5692148004141193,1.058695258528803,6.437592257809019,0.211632552036381,3.2598107232878712,0.1758330225945782,0.12536768543528426,0.006890927231305284,2.2470248052899358,0.10228656165481924,0.02916880972637241,0.0009830301269796466,0.9111639388509789,0.04041624242429427,0.5727266686038314,0.023533254286187903,1.935827792593727
0.26,False,0.02000000000000165,0.02000000000000165,0.02000000000000165,0.6368760931199394,0.02000000000000165,0.02000000000000165,0.15430370166851567,0.10600677170693405,0.18921649587209532,0.656029461783561,0.6264334629079459,0.02000000000000165,0.3496440419170891,0.02000000000000165,0.2313727987909113,15.589838624385482,16.659265217241988,126.75996229707279,5.721365889011651,-7.232954465924387,-24.767967976463332,10.378253464822848,21.870850376804622,0.6799608323982462,0.9416354824604148,5.515557842831519,0.20208338843117274,-0.4581284248993475,-1.5461679644644142,0.5700574224028007,1.0515388924558604,6.4596525946218595,0.21236892063078186,3.2605445194123996,0.17565088862360148,0.12518826523761883,0.006886560289611513,2.2471752332517636,0.10231727195595845,0.02919508918681436,0.0009835626601887892,0.9107844176797634,0.040418407610743216,0.5725007095004935,0.023533019657108738,1.9484148969352875
0.27,False,0.02000000000000444,0.02000000000000444,0.02000000000000444,0.6372252983930486,0.02000000000000444,0.02000000000000444,0.1540787222208626,0.10591037584153785,0.19025249776848985,0.653905701164122,0.6264140638165168,0.02000000000000444,0.3495253118953495,0.02000000000000444,0.23140442284073087,15.572682152451,16.584667852289687,126.77852416173877,5.659429365685878,-6.872471797700382,-24.561827016323672,10.396670997676475,21.760679007064212,0.6783863951566087,0.9366850926785364,5.51507592758556,0.19814053323955746,-0.44321423788885894,-1.5365895490939028,0.5710209976588303,1.0440504901763148,6.480686621291401,0.21308097684122987,3.2611237597610843,0.17545996335880717,0.12500381957720025,0.006882617963441302,2.2475387940983005,0.10236115331434993,0.029223218485507595,0.0009841367694136541,0.9103646484552116,0.040419934486603824,0.5722491048919408,0.023532288907510277,1.9607101733233903
0.28,False,0.02000000000001179,0.02000000000001179,0.02000000000001179,0.6377182781217099,0.02000000000001179,0.02000000000001179,0.15380842650386364,0.10585401615373857,0.19127075475491911,0.6517312091390955,0.6265062397473875,0.02000000000001179,0.3493981858840232,0.02000000000001179,0.23143928518378656,15.55657895486302,16.506668626366483,126.79785198799199,5.594295471138713,-6.496555021902158,-24.349790199116597,10.41719510958429,21.646052471645213,0.6768345847022966,0.9315291419483952,5.514787661397776,0.1940124016069986,-0.42765733749649876,-1.526731905834789,0.5721082944942275,1.0362554321564643,6.500839207122337,0.21377374219171955,3.261626256359726,0.17526433230258343,0.12481723132846208,0.006879263928046268,2.2481559766218444,0.10242029986957382,0.029253359159785018,0.0009847590858505803,0.9099245116946225,0.04042170390729251,0.5719842380149055,0.02353156910981309,1.9727662278354912
0.29,False,0.020000000000030823,0.020000000000030823,0.020000000000030823,0.6383685510473613,0.020000000000030823,0.020000000000030823,0.15349578457320584,0.10583908968715042,0.19227558839241682,0.6495163486754267,0.6267236399473081,0.020000000000030823,0.3492688919309106,0.020000000000030823,0.23148142086023654,15.54193398025364,16.42561941025085,126.82029449426595,5.52609356624398,-6.105200786544716,-24.1323780230635,10.440047346909155,21.527506043595334,0.6753231037072899,0.9261866264867988,5.514827237728352,0.18970309639967303,-0.4114565392220161,-1.5166315004164532,0.5733336885347902,1.0281760416592987,6.520227177303383,0.21445132110686171,3.262114897667665,0.17506725683390706,0.12463072916355852,0.006876625493157116,2.2490582491349347,0.10249636054290942,0.029285629336697486,0.0009854346944912816,0.9094794741220962,0.04042440034282765,0.5717157477776883,0.023531254459598343,1.9846275853307986
0.3,False,0.020000000000079326,0.0200004394911935,0.020000000000079326,0.6391869861775488,0.020000000000079326,0.020000000000079326,0.15313995076205802,0.10587011692000786,0.19327059462168344,0.6472692834997322,0.6270773517715862,0.020000000000079326,0.34914236735368653,0.020000000000079326,0.23153402476272486,15.529213614836076,16.341761415284353,126.84743973340221,5.455017563847234,-5.698409836733443,-23.909793543992265,10.465361821450866,21.40561320866956,0.6738709083287563,0.9206699170492736,5.515275625478265,0.18522025451205823,-0.39461168564149174,-1.5063040581705989,0.5747081060019456,1.0198327193760843,6.538942486514437,0.2151170149862406,3.2626411697441773,0.1748713951083382,0.12444603247534763,0.006874801615006713,2.250278844377737,0.10259089747865284,0.02932047495833618,0.0009861783875109668,0.9090417964069258,0.04042856590371491,0.5714512771994845,0.023531657215000112,1.9963300206373735
0.31,False,0.02000000000020099,0.020012223413553784,0.02000000000020099,0.6401826133016557,0.02000000000020099,0.02000000000020099,0.15265601903226678,0.10603938185229803,0.194256177921737,0.6450031669015109,0.6275720529132911,0.02000000000020099,0.34902247147438864,0.02000000000020099,0.2315995836866673,15.519830945604106,16.255192343434995,126.88680479581457,5.381508272521561,-5.278407982683817,-23.683915312406217,10.49345747501282,21.28156581402628,0.6725248937949349,0.9149798062321209,5.516383595966109,0.18057665182098578,-0.3771861680680526,-1.4958066882998695,0.5762574688689169,1.0112472311581389,6.5570171600338885,0.21577229209239726,3.263254894174664,0.17467981335991464,0.12426454948340543,0.00687387351294489,2.2520664193031488,0.10271174411420927,0.029366956998161702,0.0009872641751860842,0.9086211117963306,0.04043462292332697,0.5711968275692455,0.023533020798322927,2.007858106772839
0.32,False,0.02000000000050135,0.020037377838387604,0.02000000000050135,0.6413610678590337,0.02000000000050135,0.02000000000050135,0.15203000030961084,0.10636355048175082,0.1952345981280016,0.6427234727770863,0.6282170665026617,0.02000000000050135,0.3489122486325996,0.02000000000050135,0.23168003237898824,15.514463884296518,16.166874464261994,126.94063751243941,5.306433635797031,-4.8451512200167075,-23.45387568512703,10.524218495270674,21.15711985328784,0.671309321237983,0.9091625970223101,5.518182810013382,0.1758096364087691,-0.35918798187505796,-1.4851156270733643,0.5779800441253642,1.002491874134929,6.574505526767262,0.21641921094487568,3.263990365162912,0.17449429872181824,0.12408734273418592,0.006873893598679536,2.2544733136814186,0.10286075846724235,0.029426801243609246,0.0009887453359652036,0.9082252422667243,0.04044290093706949,0.5709572456876717,0.02353553554617759,2.0192306355346927
0.33,False,0.0200000000012312,0.020071977973833442,0.0200000000012312,0.6427294002985424,0.0200000000012312,0.0200000000012312,0.15129652448147302,0.10680883965279303,0.19620902960868664,0.6404318802387527,0.6290196112882411,0.0200000000012312,0.34881401124959416,0.0200000000012312,0.23177680819494598,15.513895841881613,16.07631694782047,127.00904208314712,5.229688883207782,-4.396792478384912,-23.219199649086537,10.55786234953022,21.032350440171864,0.6702596235117398,0.9031964423511819,5.520690210918292,0.17091735681037104,-0.34055897263780055,-1.4742108894371915,0.5799004882189553,0.9935555776439664,6.5914614987485,0.21705982925103232,3.2648753282332064,0.17431610344322626,0.12391528812291104,0.006874914232113476,2.257428822199711,0.10303622342924254,0.029496790760833627,0.0009905263332552377,0.9078602038027228,0.040453645923945014,0.5707362538535284,0.023539344019473944,2.0304841786688335
0.34,False,0.020000000002976654,0.020114751602949545,0.020000000002976654,0.6442929507016878,0.020000000002976654,0.020000000002976654,0.15046856178018106,0.1073636940536927,0.19718161516232752,0.6381309665761972,0.6299865324266362,0.020000000002976654,0.34872959111087776,0.020000000002976654,0.2318910168155272,15.51726355016102,15.984203075008223,127.09365957388754,5.150840970907404,-3.935005618105412,-22.98211975897553,10.594603869141174,20.90686275602807,0.6693506320748397,0.8971163672258242,5.524159472563157,0.16587494636758965,-0.3213319295130459,-1.4632197668017146,0.582027621605808,0.9844393776948559,6.607917217694893,0.21769552868735573,3.265934409321858,0.1741464512226483,0.12374907068504644,0.006876973881325421,2.260913846597069,0.10323786029632274,0.02957587902714667,0.0009925769356902297,0.9075307646958776,0.04046704831541476,0.5705368061139002,0.0235445570903474,2.0416393242997777
0.35,False,0.020000000007085055,0.020164794889345625,0.020000000007085055,0.6460566203524092,0.020000000007085055,0.020000000007085055,0.1495563174266937,0.1080193320064787,0.19815402092615853,0.6358233549096942,0.631124269549542,0.020000000007085055,0.34866051220081956,0.020000000007085055,0.2320235557576093,15.525512649659449,15.890402277827818,127.19374517162122,5.070558749396631,-3.4587257860625176,-22.741180676972863,10.634117483879377,20.78179744360789,0.6686164379734293,0.8909154348591712,5.528489921372014,0.16071857292355757,-0.3014918026357367,-1.4520708402108458,0.5843569532894064,0.9751749195431941,6.623890460720244,0.2183272564931816,3.2671897791570546,0.17398649770055466,0.12358926010454302,0.006880105246876594,2.2649152716835643,0.10346554437004951,0.0296633070016147,0.0009948756126280565,0.9072409007465333,0.040483263539723785,0.5703613675222898,0.02355126560249061,2.0527098836382027
0.36,False,0.02000000001660245,0.02022148659630623,0.02000000001660245,0.6480250463276833,0.02000000001660245,0.02000000001660245,0.14856782368828644,0.10876921226655425,0.19912746895973743,0.6335118715441242,0.6324390529571337,0.02000000001660245,0.3486079433250828,0.02000000001660245,0.23217507568929607,15.539399219447748,15.794373977521946,127.30719087198634,4.988626718972833,-2.9655261465877634,-22.494542454992665,10.676631136781168,20.657142060188527,0.6680873656168117,0.8845665292290866,5.5335787679399004,0.15543662025282473,-0.28094039088916267,-1.4406865777721953,0.5869164144919942,0.9657374803539042,6.639385918846128,0.21895556367763921,3.268661802150869,0.17383736849140838,0.12343636049605929,0.006884337338947068,2.2694248094444904,0.10371927633453916,0.02975853561293526,0.0009974073796105449,0.9069937250756455,0.040502405742184604,0.5702118644588291,0.02355953687310706,2.0637033478299904
0.37,False,0.020000000038301453,0.020284433641489012,0.020000000038301453,0.6502026811002171,0.020000000038301453,0.020000000038301453,0.14750943064957397,0.10960859672611445,0.2001027833095658,0.6311996638030407,0.6339369886238903,0.020000000038301453,0.3485728658644785,0.020000000038301453,0.23234607786131262,15.557886492707345,15.696347320757111,127.43034784787136,4.9052626388366285,-2.459068874683171,-22.24324331482321,10.72136575056944,20.532868062895016,0.6677260612622613,0.878081802866744,5.539303299600195,0.15004857673394878,-0.25981790195239207,-1.429087505044402,0.5896637621061208,0.9561441020228845,6.654397298123559,0.21958066027486112,3.270369586970569,0.1737001867611158,0.12329088440212777,0.006889697417294375,2.2744376226936316,0.10399914392017041,0.02986118735769783,0.0010001623145511267,0.9067920616312419,0.040524564711260674,0.5700900212962694,0.023569424607560382,2.0746216942719924
0.38,False,0.02000000008699062,0.020353445846557263,0.02000000008699062,0.6525938460079118,0.02000000008699062,0.02000000008699062,0.14638612562246225,0.11053422561304198,0.20108044907758724,0.628890220826027,0.6356241180908961,0.02000000008699062,0.3485560486240337,0.02000000008699062,0.23253689829256213,15.583947683205638,15.596704455267934,127.57433147928552,4.8209292382776825,-1.9345618668891267,-21.986930175576006,10.76939261146235,20.41125952701122,0.6676521707307629,0.871482174478838,5.546092821039832,0.1445639064550534,-0.23794574632072202,-1.4173013667014602,0.5926904057400408,0.9464439394695601,6.668908190435952,0.2202024522894633,3.272331413519159,0.17357609139567398,0.12315331597618566,0.0068962108152683076,2.279952445242108,0.10430533201265305,0.02997103999841635,0.0010031351850458218,0.9066381985634542,0.040549803179007506,0.5699972313570135,0.023580967337574036,2.0854617925813326
0.39,False,0.02000000019451082,0.020428480337105287,0.02000000019451082,0.6552026809738862,0.02000000019451082,0.02000000019451082,0.14520181325404063,0.11154399362632335,0.2020606926931879,0.626587260938512,0.6375063733981742,0.02000000019451082,0.3485581165055328,0.02000000019451082,0.23274775655077234,15.614807403917954,15.495530980302313,127.73180052345438,4.735833710788345,-1.3975394823272613,-21.72633544150927,10.818959985102179,20.291378399118088,0.6677519697251458,0.8647674824498128,5.553749014371999,0.1390059937960767,-0.21553597579781822,-1.4053320346791927,0.595888236762605,0.9366312154123536,6.68289367244747,0.22082059207051077,3.274564840933083,0.1734662292105909,0.12302408868339486,0.006903900253575429,2.2859707900641326,0.10463809925160607,0.030087987669091897,0.0010063242952168836,0.9065340068047073,0.040578164965183114,0.5699346372036047,0.023594193038025443,2.0962162884647344
0.4,False,0.020000000428182833,0.02050961971499812,0.020000000428182833,0.6580330796698912,0.020000000428182833,0.020000000428182833,0.1439595727447786,0.11263664480124867,0.20304359922619386,0.6242945791085124,0.6395895068066114,0.020000000428182833,0.34857952805935366,0.020000000428182833,0.232978744898884,15.65276074191882,15.392840367166011,127.90683970057354,4.650073634054408,-0.8447322333833938,-21.461147079460325,10.87091121230405,20.174689896780784,0.6681208114531836,0.8579427598982674,5.562408076311293,0.13337313091967223,-0.19245718388886068,-1.3931818558429683,0.5993354659883603,0.9267281053630907,6.696323280276687,0.22143456742889422,3.277086840866202,0.1733717435747242,0.12290358362601728,0.00691278544267628,2.2924961011134557,0.10499774968230571,0.03021202126874611,0.0010097308960831377,0.9064808970847712,0.04060967295322844,0.5699031023644706,0.023609117927862692,2.1068750700536603
0.41,False,0.02000000092795922,0.020597034177661247,0.02000000092795922,0.6610884001595267,0.02000000092795922,0.02000000092795922,0.14266174865235873,0.11381162419334337,0.2040292366101159,0.6220157505727267,0.6418788001125715,0.02000000092795922,0.34862050356881524,0.02000000092795922,0.23322977614159554,15.698361560195146,15.28866585996927,128.09984657655684,4.563434339544032,-0.2756601214819087,-21.191873920718393,10.925483980206803,20.061543439957614,0.6687863090526225,0.8510110591575213,5.572150227169987,0.12765167902533617,-0.16866522949675525,-1.380882996693071,0.6030662383367116,0.9167311298734322,6.709164149350112,0.22204378763183644,3.279913353076895,0.17329372698938048,0.12279212384530483,0.006922881332773914,2.299532578819548,0.10538458197055493,0.03034319474729729,0.0010133581787105709,0.9064796852340763,0.04064432044891533,0.5699031220011463,0.02362574159607551,2.1174271433059406
0.42,False,0.020000001979897368,0.020690971790493375,0.020000001979897368,0.6643710340096819,0.020000001979897368,0.020000001979897368,0.14131008067962506,0.11506887486308297,0.2050177910088421,0.619753781376397,0.6443786303466403,0.020000001979897368,0.3486809471793895,0.020000001979897368,0.23350051721055257,15.751318281711193,15.18325236523137,128.3070497586835,4.476751300913203,0.30728098737001724,-20.917565940166433,10.981532662925387,19.953037984017175,0.6697338850939565,0.8439814042806073,5.582781537457242,0.12188898891551497,-0.1442765895074116,-1.3683724921980673,0.6070328299718213,0.9066824594027425,6.721385010572425,0.2226476837319822,3.2830586996795024,0.17323315998455877,0.12268997709422899,0.006934195646202551,2.3070835396400566,0.10579881460160392,0.030481604017412848,0.0010172106687975945,0.9065305329539527,0.04068206058418363,0.5699347671439648,0.023644041053345763,2.1278627405791575
0.43,False,0.02000000415882469,0.020791740313949543,0.02000000415882469,0.667882135990154,0.02000000415882469,0.02000000415882469,0.13990577410540406,0.11640868134481652,0.20600973212212065,0.6175107622294482,0.6470921769659617,0.02000000415882469,0.34876055847484905,0.02000000415882469,0.233790466312179,15.813687114661622,15.076328920660671,128.53596975974827,4.390123597606703,0.9086674217860025,-20.63756503240051,11.039430929602386,19.850585105719908,0.6710409689767275,0.8368431306087855,5.594549567137295,0.11608361090262512,-0.1191121097732974,-1.3556341698040129,0.611295655093634,0.8965884444918789,6.7329589590365195,0.22324580256984664,3.2865354536916307,0.1731908715333033,0.12259727042549619,0.006946725491412248,2.3151510860961704,0.10624056860690764,0.030627384350346565,0.0010212941124028221,0.9066330719242939,0.04072281913467144,0.569997783730771,0.023663978119444415,2.1381751838581904
0.44,False,0.02000000860028213,0.02089967519153382,0.02000000860028213,0.6716213179580667,0.02000000860028213,0.02000000860028213,0.1384495650328276,0.11783154210387492,0.20700593916371962,0.6152875186664266,0.6500211063384065,0.02000000860028213,0.34885859181556295,0.02000000860028213,0.23409878874540746,15.8842896441095,14.968114275491777,128.78120940998255,4.303787208341916,1.5244122293707307,-20.352410256826538,11.09810437989293,19.75429953970835,0.6726675772112966,0.8296030652781989,5.607337275961802,0.11025179380838086,-0.09330994406332349,-1.3426848030693264,0.6158110998663672,0.8864595426231283,6.743865677402383,0.2238378752951457,3.2903540259962134,0.17316748913726623,0.1225139345314401,0.00696045437959998,2.323735260795223,0.10670982689734816,0.030780684004068914,0.001025614626134576,0.9067857509256664,0.04076646701145812,0.5700911934410835,0.023685483686561225,2.1483625248405156
0.45,False,0.020000017509305953,0.021015139243218444,0.020000017509305953,0.6755864580119019,0.020000017509305953,0.020000017509305953,0.13694177202067484,0.11933803981466812,0.20800779778668638,0.6130833765136338,0.6531653653112393,0.020000017509305953,0.3489739169102335,0.020000017509305953,0.23442436374810044,15.964050656052947,14.859382586106515,129.04853962738378,4.218655226746325,2.154405028335241,-20.064506226851254,11.15705743280814,19.666375809351322,0.67464275739647,0.8223034972272023,5.621535222709119,0.10443830322331427,-0.06688003047306751,-1.3296669819359048,0.6205736249593846,0.8763726296642876,6.754093527565094,0.22442388002240973,3.2945224531423407,0.17316340818095619,0.12243968484850677,0.006975350753006478,2.3328334105608493,0.10720640648148362,0.03094166360214201,0.0010301786906979616,0.9069860098917355,0.04081282797428805,0.5702133986160838,0.02370846205640015,2.1584289084016524
0.46,False,0.020000035094520544,0.021138502407527807,0.020000035094520544,0.6797737217433837,0.020000035094520544,0.020000035094520544,0.1353824044254211,0.1209287590818645,0.2090172302327356,0.6108961500665117,0.6565231800454713,0.020000035094520544,0.34910499429696223,0.020000035094520544,0.2347657638005864,16.053083377423444,14.749466620996712,129.32825000962399,4.133588208407218,2.801275199655205,-19.76815280542086,11.216611854034314,19.585938144385842,0.6769866580910702,0.8149016535693276,5.636409725156811,0.09857838257174123,-0.039688343504126034,-1.316257932549011,0.6256410635802384,0.8662472480801594,6.7636406162712275,0.22500407151558383,3.2990465154323716,0.17317879642708836,0.12237404794850587,0.006991368827202084,2.3424399450710336,0.10772995061467903,0.031110477450886964,0.0010349925976512139,0.9072302553112853,0.04086167535245613,0.5703621626626845,0.023732789138888457,2.1683851794101927
0.47,False,0.020000069250648414,0.021270063816895786,0.020000069250648414,0.684175867422869,0.020000069250648414,0.020000069250648414,0.13377123161061746,0.1226036502268042,0.21003623209194167,0.6087223371466716,0.6600909474815528,0.020000069250648414,0.3492500388251144,0.020000069250648414,0.23512135711601212,16.152253464649327,14.637265681925655,129.62755564016203,4.049965346285356,3.4633334407703287,-19.464957359568693,11.274563424854414,19.51495572172057,0.6797218329685194,0.8073405824626236,5.652386731134148,0.09275298214494825,-0.011828341398244758,-1.3025333186547683,0.6309490066250313,0.8561134088061118,6.7724760716934815,0.22557776748915992,3.303926295267231,0.17321347427679154,0.1223183561537705,0.007008500474358172,2.3525406915717677,0.1082796751827327,0.03128720391735664,0.0010400604048065494,0.9075143758154873,0.04091274966544946,0.5705349172894678,0.02375832267799349,2.1782389925984242
0.48,False,0.020000134531047445,0.021410118952197608,0.020000134531047445,0.688784868323561,0.020000134531047445,0.020000134531047445,0.13210807819353435,0.124362573376381,0.21106703612465064,0.6065578699785271,0.6638641686106616,0.020000134531047445,0.3494070268189773,0.020000134531047445,0.2354893147936092,16.261645742041633,14.524520367968751,129.94415794263773,3.9677890040492723,4.141043723681626,-19.155169627250867,11.331340729110273,19.45482538090011,0.6828585188829286,0.7997084659708258,5.6694095423677755,0.08695043530261762,0.01675030689010725,-1.2885285056158404,0.6365273196592269,0.8460396651945274,6.780596285802889,0.2261451033400693,3.3091617980367776,0.17326720989365568,0.12227201411906062,0.007026675740395474,2.363120458257906,0.10885472537707748,0.03147191027827188,0.0010453858509866334,0.9078336591675954,0.04096575994625788,0.570728725810576,0.02378490302562475,2.18800423777852
0.49,False,0.02000025729737276,0.021559019999905907,0.02000025729737276,0.6935951797833483,0.02000025729737276,0.02000025729737276,0.13039314514938793,0.1262059315138983,0.2121121383991241,0.6043993284939958,0.667838880418252,0.02000025729737276,0.349574045972855,0.02000025729737276,0.23586785369572463,16.381761670540428,14.411071772323153,130.27774251510803,3.8873097144915465,4.83447674136736,-18.83824876389509,11.386169661073259,19.40666378179032,0.6864190703419197,0.7919950127749701,5.6874722175650545,0.08118316668776121,0.04606089638776298,-1.2742145089528594,0.6423707030350915,0.8360433800817983,6.788034889496568,0.2267073911740397,3.3147584108149264,0.17334006580901362,0.12223229554704401,0.007045772210249594,2.3741717032592633,0.10945459748638024,0.03166471724474549,0.0010509743578549354,0.9081836543969927,0.0410204247150314,0.5709408230175751,0.023812376582778336,2.197702365766472
0.5,False,0.02000048446491237,0.02171711788720819,0.02000048446491237,0.6986030281180892,0.02000048446491237,0.02000048446491237,0.12862718003037896,0.12813408014695304,0.213173274248795,0.6022454813161844,0.6720129394210037,0.02000048446491237,0.34974950809701366,0.02000048446491237,0.2362553925121475,16.513235590733498,14.29669378495569,130.62837995780592,3.8088712624189927,5.544024222346624,-18.513775898484354,11.438131607430012,19.371797768259174,0.6904303562965326,0.7841881341765168,5.70657937497239,0.07546921076594941,0.07612846965399803,-1.2595687277188925,0.6484653821851951,0.8261531082878543,6.794778945593304,0.22726456756754657,3.320724275363759,0.17343244915363146,0.12219887932557368,0.0070657482311811,2.3856910656285457,0.11007900257750786,0.03186575583523426,0.0010568317763960647,0.9085607506589068,0.04107649840377562,0.5711689726043833,0.023840610886149218,2.2073393789764113
0.51,False,0.020000898056072976,0.021884631229364026,0.020000898056072976,0.7038085848772921,0.020000898056072976,0.020000898056072976,0.12681272869892765,0.1301465275213621,0.2142507626159456,0.6000993555742481,0.6763881973448742,0.020000898056072976,0.349932769732448,0.020000898056072976,0.2366509769914131,16.6572037924017,14.179980403451397,130.99739188592196,3.7337096684677378,6.26992819394418,-18.179703970466576,11.484796625599591,19.352387570253505,0.6949227918124726,0.7762151142453169,5.726639562757913,0.06988259961275922,0.10691152453271499,-1.244455724220607,0.6547253500026281,0.8164125560551614,6.800784072696644,0.22781565938636505,3.32707444591644,0.17354547101221562,0.1221719189158562,0.007086595479998939,2.3976813100204826,0.11072803853129184,0.03207506173362807,0.0010629617580823908,0.9089637787989291,0.04113384366329241,0.571412463356321,0.02386953613666919,2.216900015720965
0.52,False,0.020001638923673015,0.02206206773303009,0.020001638923673015,0.7092181247339403,0.020001638923673015,0.020001638923673015,0.12495150253295847,0.1322452057080367,0.2153425021622287,0.5979707059530288,0.6809723556753972,0.020001638923673015,0.3501244231683663,0.020001638923673015,0.23705449568718842,16.81210098208209,14.06369368132056,131.38712320783384,3.6614416915106456,7.009247917586812,-17.839034546784795,11.527067377196508,19.34872728620614,0.699852179428901,0.7682173593952931,5.74794681894882,0.0643924724254544,0.13835105793643368,-1.2290541772277697,0.66113182047982,0.8069377183443741,6.8059521530839735,0.22835807669545952,3.3338319955363516,0.17368124356433093,0.12215237119390553,0.007108359349568756,2.4101648006453478,0.11140268214686322,0.032293000369322755,0.001069376954007402,0.9093948719563169,0.04119246845871926,0.5716726395938339,0.023899166612483345,2.226337688867056
0.53,False,0.02000294461249982,0.022249765745695545,0.02000294461249982,0.7148456457833436,0.02000294461249982,0.02000294461249982,0.12304786369940933,0.13443109592759744,0.21644333410708286,0.5958780389208125,0.685781555356762,0.02000294461249982,0.35032697664265433,0.02000294461249982,0.23746715192552126,16.979987420073126,13.94736074204413,131.7972890244999,3.5919483910711105,7.764158175221085,-17.49179790199379,11.564789703933341,19.362558458183916,0.7053144203563316,0.7601782850001032,5.770487847000564,0.05899331687788447,0.1705563026261057,-1.213367453149049,0.6676869771265953,0.7978057282298395,6.810133010535685,0.22888769700941294,3.341033249404299,0.17384324997906447,0.12214276118286137,0.007131169736480326,2.4231769281088114,0.1121047067808616,0.03251982706444753,0.001076088492985397,0.9098611983734656,0.04125260779071263,0.5719539917030231,0.023929647781044686,2.2355605595043477
0.54,False,0.020005208488661084,0.022448108424244467,0.020005208488661084,0.7207158003698011,0.020005208488661084,0.020005208488661084,0.12110787313804412,0.1367059517273192,0.2175442519232791,0.5938509431364574,0.6908423676939869,0.020005208488661084,0.3505452812598127,0.020005208488661084,0.23789178046298154,17.16167269600959,13.832052994423789,132.23418102223772,3.525250148042051,8.535087472223983,-17.139542780274436,11.598275864582861,19.395449825850516,0.7113480724363209,0.7521621015774278,5.794556990611489,0.05368582469468693,0.20354700067158174,-1.1974818920840784,0.6743215252434643,0.7891886487702844,6.813085595029576,0.22939769334913845,3.3487300064658023,0.17403667192095243,0.1221463063087863,0.007155228212796385,2.436777472197375,0.11283715751918863,0.03275595910298837,0.0010831125836660886,0.9103761637570089,0.04131477979475776,0.5722649182129199,0.02396128905895687,2.2444207817640067
0.55,False,0.02000907004503548,0.022657506550975166,0.02000907004503548,0.7268645548907715,0.02000907004503548,0.02000907004503548,0.11913926133237346,0.13907237373473547,0.21863205788704607,0.5919309855422823,0.6961928121385954,0.02000907004503548,0.3507870240505215,0.02000907004503548,0.238333208655537,17.354165734212902,13.716764882655719,132.68742887100996,3.4611589593272454,9.315273157267994,-16.782862391421627,11.62556856037836,19.44536205649026,0.7178507290979763,0.7441220392312412,5.819835575528701,0.04848480359865539,0.23708592346758098,-1.1813871184727414,0.6807537093997734,0.7812190589294441,6.81448891067623,0.22987883169499607,3.356990819863329,0.17426850596358795,0.12216791295354075,0.0071808410863738684,2.451052351101976,0.11360445049631121,0.0330019937567327,0.00109047171029414,0.9109608588485882,0.04137985165649351,0.5726186441315119,0.023994602600401566,2.252709948031197
0.56,False,0.020015549674865532,0.02287834534488502,0.020015549674865532,0.7333384848653922,0.020015549674865532,0.020015549674865532,0.11715121960175148,0.1415338150098468,0.21968956673090462,0.59017103906224,0.7018816718629602,0.020015549674865532,0.3510629144476386,0.020015549674865532,0.23879840735226282,17.561040886389183,13.60312036556437,133.1738773611336,3.3994366385845303,10.109081939587213,-16.42455118998319,11.648576695377185,19.515584556576368,0.7249797329249421,0.736159371214387,5.847044904483733,0.043366760733763714,0.27134773144468527,-1.165258054361854,0.6868440216027827,0.7742950825365464,6.813945906179708,0.23031953237186437,3.365899390598646,0.1745474178025099,0.12221386632872416,0.007208406553217398,2.4661132041389258,0.11441233733188871,0.03325872381410222,0.0010981953156163314,0.9116448132656124,0.04144907304965617,0.5730337249522498,0.02403032438175787,2.260160857135833
0.5700000000000001,False,0.02002624504552812,0.023110942926001847,0.02002624504552812,0.7401920208277502,0.02002624504552812,0.02002624504552812,0.11515382446990766,0.144094460925857,0.22069662026009318,0.588631938269609,0.7079655550912702,0.02002624504552812,0.35138683401689796,0.02002624504552812,0.2392966287757009,17.781604008488195,13.49162919198985,133.69960916274252,3.339579431194148,10.912496651374594,-16.06818177633434,11.667515724876626,19.60571747560142,0.7327297420946225,0.7283141057371475,5.876592416473605,0.038321196900286604,0.3061949901343715,-1.1492629629045483,0.6921371796418782,0.7689066681898918,6.811010662840261,0.23070657053561916,3.3755562378985573,0.17488317628310196,0.1222915459852037,0.007238392329072134,2.4820936466842896,0.11526767339980547,0.03352718254254674,0.001106321443966071,0.9124668133056878,0.04152411152489126,0.5735345979089833,0.02406943705577452,2.266459179792104
0.58,False,0.020043610141627328,0.02335536147547124,0.020043610141627328,0.7474816659136104,0.020043610141627328,0.020043610141627328,0.11315757225048018,0.14675833632491067,0.22163212614427136,0.587378238705334,0.7145035358304962,0.020043610141627328,0.3517755725217923,0.020043610141627328,0.23983926015821927,18.015366065685235,13.382722203665903,134.2579968399622,3.280448248481085,11.725988678828665,-15.714438852442596,11.683239358663796,19.714848910687344,0.7411052492495002,0.7206250879166989,5.908254728086479,0.03329525959750608,0.34169735813646424,-1.133439975983291,0.6960307952756936,0.7656995418905055,6.805227870921488,0.2310263622326206,3.3860453109952195,0.17528604743677723,0.12240860183806615,0.007271285581106468,2.4991382986851334,0.11617782734234532,0.03380859138654067,0.0011148954280527463,0.9134748421538852,0.04160704510853181,0.5741516189535992,0.024113170097566323,2.271280344035335
0.59,False,0.020071341430346168,0.023611221622063652,0.020071341430346168,0.7552578455456653,0.020071341430346168,0.020071341430346168,0.11117206207825571,0.1495288252310984,0.2224771584972112,0.5864678985898928,0.7215483027489458,0.020071341430346168,0.3522486954720503,0.020071341430346168,0.24043977072925132,18.262396443789843,13.276175441933734,134.85116014308903,3.221064937071067,12.549110091195145,-15.364873326977385,11.696098088285673,19.842473797437904,0.7501302944421945,0.7130944068563193,5.942161449330842,0.02825189361583897,0.37786598253906845,-1.117850406634883,0.6978324196961144,0.7653922816023994,6.7962025383996805,0.23126681661345158,3.397463001484911,0.17576519354517647,0.12257200165774086,0.007307520852627031,2.5173898154278205,0.11714992227349053,0.03410435969020274,0.0011239702854764929,0.9147265891718956,0.04170037848126049,0.5749214701136843,0.024163014747863136,2.27431766647307
0.6,False,0.020114897419901558,0.0238774092872435,0.020114897419901558,0.7635537194308571,0.020114897419901558,0.020114897419901558,0.10920495710674677,0.15240722271309187,0.22321911382547888,0.585941320202448,0.7291349266882122,0.020114897419901558,0.35282816315104576,0.020114897419901558,0.24111351386098345,18.522959001213284,13.17332282638146,135.4964838811067,3.16123698548373,13.37966574423838,-15.023749698351411,11.707117962984666,19.989163864610077,0.7598350563503142,0.7057990693027989,5.979205374722296,0.023184572987956082,0.4146339067650531,-1.1027216099012618,0.6972151471662487,0.7684189784868645,6.783680542236493,0.23141986759385014,3.4098755600310153,0.1763270877170106,0.12278654418681974,0.0073473847178373635,2.5369694232027054,0.11818973879879667,0.03441603663953189,0.001133605721353981,0.9162896365268526,0.04180704209296158,0.5758874057839806,0.024220731493765923,2.2753509303738895
0.61,False,0.0201821767244551,0.02415164273547699,0.0201821767244551,0.7723722037787866,0.0201821767244551,0.0201821767244551,0.10726084334996126,0.15539105261057276,0.22385660614801983,0.5858078586156914,0.7372675623075089,0.0201821767244551,0.3535386437277801,0.0201821767244551,0.24187801956736765,18.796398341340247,13.073343202999412,136.18679884672437,3.100144606881432,14.215936968632239,-14.68769946370284,11.715956621265784,20.153784923073875,0.7702202521278273,0.6986946731792433,6.018898582771141,0.018061191197240967,0.45194736063654506,-1.0878504468425099,0.6943927183208202,0.7745222069862504,6.767647544216914,0.23148443134489927,3.4233100373140126,0.17697357402046482,0.1230532702466217,0.007390906688469857,2.557954971516489,0.1193004812424882,0.03474519110950725,0.0011438665070264869,0.9182437065055679,0.04193048436950854,0.5771008131757347,0.024288412812196666,2.2743135510934467
0.62,False,0.020284373845363773,0.024429930177977642,0.020284373845363773,0.7816724741829958,0.020284373845363773,0.020284373845363773,0.10534030902206566,0.15847207433299923,0.2244045147435565,0.5860320148767255,0.745905608870098,0.020284373845363773,0.3544082433829174,0.020284373845363773,0.24275362489128177,19.083491857513252,12.976617207245829,136.92759251223598,3.039005498535145,15.059938881953189,-14.359028951615214,11.722034811133296,20.338074253625784,0.7812922960163069,0.6917919828263017,6.061763484314397,0.01293741476162658,0.48992292706343055,-1.073384667922064,0.6899593827833421,0.7831248960592665,6.748431733678527,0.23146948882224938,3.437737527571435,0.1776999092982353,0.12336788172537178,0.007437749860743163,2.580361589756605,0.12048154144680616,0.03509351697995373,0.0011548209612299014,0.9206843215682023,0.04207483012878836,0.5786237007331837,0.024368586247964504,2.2713664550308086
0.63,False,0.020437019243431193,0.02470601898465842,0.020437019243431193,0.7913586020399532,0.020437019243431193,0.020437019243431193,0.10343938880423219,0.16163446885743177,0.22489852213294437,0.5865214002734803,0.7549519284627149,0.020437019243431193,0.355470885194082,0.020437019243431193,0.24376527191574837,19.38565960161093,12.882120887576447,137.7229290534849,2.979447576189436,15.91537132612894,-14.031378526470087,11.72354878270013,20.544231706487246,0.7930953298094117,0.6850081342146888,6.1075780739841115,0.007885022948225944,0.5286764946226903,-1.0589785712216013,0.6844359462923792,0.7936675177317212,6.7267739104053,0.23139649717589977,3.4530633557044514,0.17849327447776528,0.12371910029369683,0.007487107458134029,2.604124103378977,0.12172757829227561,0.035462569114194945,0.0011665424955365161,0.9237312652358134,0.04224524657648081,0.580534168536086,0.024464438262977527,2.26696087921403
0.64,False,0.02066118900003165,0.024970756711040806,0.02066118900003165,0.8012729131966507,0.02066118900003165,0.02066118900003165,0.10154961252721394,0.1648534948452491,0.22539814811890027,0.5871193202407162,0.7642458028651488,0.02066118900003165,0.35677045613957936,0.02066118900003165,0.2449455870017204,19.705867745498278,12.788689637044987,138.567269006269,2.9241603860130874,16.788477478381918,-13.695675338267312,11.718200174713925,20.77635720782934,0.8057056263654546,0.678242709673517,6.155796979929763,0.003019641885300267,0.5684197027038492,-1.0441840791355836,0.6781712133855551,0.8057771226534165,6.703870132020253,0.2313009413499134,3.4691242903827235,0.17933204338808692,0.12408774824163313,0.007537644152820025,2.6290958532710476,0.1230282050680524,0.03585402860634827,0.001179113111506731,0.9275418200706043,0.0424485325345644,0.5829348944758455,0.024580167741872168,2.261880803971577
0.65,False,0.02098483806775379,0.02521146783643922,0.02098483806775379,0.8111965495689831,0.02098483806775379,0.02098483806775379,0.09965882033264697,0.16809494913971407,0.2259871766054426,0.587604817855499,0.7735632385311073,0.02098483806775379,0.3583671338642094,0.02098483806775379,0.2463395376703722,20.040011111827006,12.69479997058297,139.44875787744866,2.8761847623423917,17.67236350268147,-13.341910726807491,11.70259359810434,21.032217484305637,0.8189290146010637,0.6713515446446118,6.205628669321604,-0.0015065792262400008,0.608870331872539,-1.02844858528153,0.6713361659796824,0.8189443932659931,6.681360655356479,0.23123232587777415,3.485696010115909,0.1801861953556644,0.12444676823235083,0.0075875012525292145,2.655062291397599,0.12436855845079453,0.036269854834287595,0.001192631013679817,0.9323298126607761,0.042693978301367425,0.5859652373544232,0.024721494646395926,2.2572487769447878
0.66,False,0.0214441695499715,0.025411378431980155,0.0214441695499715,0.8208615317934052,0.0214441695499715,0.0214441695499715,0.09775340809464515,0.17131566499744016,0.22677020979164506,0.5877045091750113,0.782629740362137,0.0214441695499715,0.3603467587540501,0.0214441695499715,0.2480112770590408,20.39151575993024,12.600791875354888,140.36554627349403,2.841990967811885,18.57481963891851,-12.959188707456262,11.674249907095659,21.31805772818947,0.8328098214546701,0.6642803400491845,6.256611630141221,-0.005409189784023144,0.6502449929704502,-1.011259821098753,0.6641069030132997,0.8329832584905549,6.661209521210668,0.2312499979187848,3.5025054103386015,0.18101876344675052,0.12476303184717683,0.007634420417106775,2.681779384353319,0.12573118716240145,0.03671262849149288,0.0012072227655979234,0.9383924569274845,0.042994590965260704,0.5898181808076479,0.024896376776943816,2.2545146924101593
0.67,False,0.022084902205795575,0.025549326718410627,0.022084902205795575,0.829972290536213,0.022084902205795575,0.022084902205795575,0.09581952951193833,0.17446680190117125,0.22786534343355525,0.5871134801697107,0.7911407187162374,0.022084902205795575,0.36283277019794064,0.022084902205795575,0.2500528421449639,20.762954173722115,12.50490634607005,141.31355579958438,2.8275168553281076,19.49988822665591,-12.532170341061443,11.629563162239096,21.638297357553068,0.8473715680454059,0.6568577177487127,6.307995999481326,-0.008417192085077843,0.6926135411057533,-0.991830758705871,0.6564865564824771,0.8477427293116415,6.645611890310753,0.23142325271113254,3.519301138403889,0.18179150702226568,0.12499876319675646,0.00767585811032013,2.709034303639822,0.12709909481984238,0.037186178617066065,0.0012230641690986269,0.9461435033712167,0.04336862080792993,0.5947611478496584,0.02511589528077525,2.2552352613432602
0.68,False,0.02296324351486961,0.025599604830515578,0.02296324351486961,0.838244595335035,0.02296324351486961,0.02296324351486961,0.09384694061181076,0.17749831171105387,0.22939051892136567,0.585535245883255,0.7988017681750815,0.02296324351486961,0.3660006870576695,0.02296324351486961,0.2525946653697562,21.156870727896933,12.40708388911785,142.2969756550543,2.839613610530708,20.45111199004172,-12.050781180614452,11.566318396334436,21.99763622068035,0.8626246712200826,0.6490077116264534,6.359635183968331,-0.010214539787056416,0.7360259770356539,-0.9696608816411134,0.6485203938374916,0.8631119890090444,6.6366659069724765,0.23181936349005947,3.5358810125333924,0.18246922239029298,0.1251175614845349,0.007709377929631149,2.736738445126347,0.12846058360112,0.03769626988927306,0.0012404028164320182,0.9561523966543396,0.04384136997410335,0.60116043199106,0.025395295329460308,2.2609699071690583
0.6900000000000001,False,0.024146323137080428,0.025532000548562826,0.024146323137080428,0.8454602925615379,0.024146323137080428,0.024146323137080428,0.09183478526710916,0.1803645997830105,0.23144344292315008,0.5827444857899214,0.8053871868046223,0.024146323137080428,0.3700946910392738,0.024146323137080428,0.2558175655852221,21.570885269484865,12.307502980201871,143.30906667047626,2.88391574598664,21.42331832002232,-11.503045479662331,11.483047784311424,22.395340465375313,0.8784040943621916,0.6406731092900366,6.410823806651324,-0.01052218838477437,0.7801979126973912,-0.9441322532496919,0.640208296520844,0.8788689071313842,6.635942030797597,0.23248875057172225,3.5520160754610846,0.18301902470949793,0.1250912133070531,0.007733103760609828,2.7650457572288722,0.1298156268019821,0.03825130629823793,0.001259580744593022,0.969187587605262,0.04444721116288527,0.60950807312156,0.025755137490966352,2.273086968373302
0.7000000000000001,False,0.02571180137104297,0.02571180137104297,0.02571180137104297,0.851474811267994,0.02571180137104297,0.02571180137104297,0.08793478118729953,0.18497507276578296,0.23400872742632978,0.5787584060718353,0.8107331076545307,0.02571180137104297,0.375444819017487,0.02571180137104297,0.25996513088416634,22.026023318802615,12.210961252884905,144.5635280674734,2.9649896924545387,22.402587688246783,-10.909207552114573,11.384817659932741,22.85216691175478,0.8954830396050654,0.6320677420831907,6.468257676471594,-0.009222126023871926,0.8248368663342224,-0.9159163552755096,0.6317452717404378,0.8958055099478183,6.644045044794419,0.23345638915840977,3.568127040963555,0.1834659047314925,0.12491797432878676,0.007746393148191243,2.8007089913099357,0.13137070130055573,0.03918628159451006,0.001291004711452818,0.9862596750113151,0.045231618260746724,0.6204484050568413,0.026222442146178193,2.2908937983748
0.71,False,0.027746351439058174,0.027746351439058174,0.027746351439058174,0.8563324160863378,0.027746351439058174,0.027746351439058174,0.07976780791837644,0.193835963649273,0.236972542240198,0.5738560670892819,0.8148963513622332,0.027746351439058174,0.38248299893906573,0.027746351439058174,0.26535520900097315,22.545245589102286,12.125467171338107,146.41382503277777,3.089467377808264,23.287031916051493,-10.327509159070415,11.278314672639878,23.392398087800515,0.9145701772555916,0.6235607196802424,6.543330524846563,-0.006144813328827966,0.8668384139856936,-0.8870232028952957,0.6234310266081764,0.9146998703276576,6.663557686308128,0.23480035737758126,3.584353155629698,0.1838351687367076,0.12467585747136636,0.007751933814667441,2.860550082174712,0.13365250647238197,0.04175559775300409,0.0013734144919797936,1.008659047084669,0.04625297478269196,0.6348009381619889,0.02683168980607737,2.312506743486255
0.72,False,0.030342736133369592,0.030342736133369592,0.030342736133369592,0.8604804954750248,0.030851840585849492,0.030594846609336087,0.0698827935613751,0.20748477592292724,0.24017651344001714,0.5685185550848761,0.8182757409897368,0.030342736133369592,0.3917552143290932,0.030342736133369592,0.2723885586986239,23.09861805134323,12.054896643286755,149.3803007799023,3.2402809288802668,24.10491975682288,-9.807477972957843,11.174385432722994,23.97912926190699,0.9348840526164535,0.6154772639922952,6.654640971743755,-0.0018923759151126603,0.9069993899269054,-0.859546459400559,0.6154660527061275,0.9348952639026211,6.687273882948163,0.23630115004040078,3.601502055985423,0.18420328240926015,0.12436040497429264,0.007751720353051626,2.952886797780982,0.1369734208188112,0.04507257737350986,0.0014798391355701314,1.0379803469213102,0.04758381838955502,0.6535747705999844,0.02762547842605831,2.335749870403944
0.73,False,0.033595270167570176,0.033595270167570176,0.033595270167570176,0.8647465047107724,0.041139857316386086,0.04026234324098117,0.06262528888261412,0.2265879038565706,0.24331299276025656,0.5636363922961317,0.8216760465886956,0.033595270167570176,0.40392621019110403,0.033595270167570176,0.2815519513339022,23.686431548788452,12.01559800077174,155.3029595534173,3.404353048354632,24.786168983554273,-9.53078213120348,11.09515001856868,24.606879530991513,0.9566900917400056,0.608676132979101,6.866984886169001,0.0029201761355325184,0.9431112701805984,-0.8403284611406664,0.6086516315815869,0.9567145931375197,6.710021359759904,0.2377975759759551,3.6208670542095693,0.18470197419122317,0.1240816342149654,0.007753013601648112,3.1283626000008335,0.143117110575403,0.04926712106132107,0.0016144977858555177,1.076125668512846,0.049311060841394146,0.6779692859813783,0.028654574997064163,2.3560574893889
0.74,False,0.03759358682075964,0.03759358682075964,0.03759358682075964,0.8704671483808742,0.0586658081012692,0.05691308068779166,0.05761894847024322,0.25190466026070923,0.24589860966059404,0.5605908980563759,0.8262852653138206,0.03759358682075964,0.4197717121270632,0.03759358682075964,0.29341213262227306,24.30031223388904,12.007600441599822,164.40589322953434,3.5468280448100113,25.367998953493714,-9.530401796827727,11.057641802612661,25.2502708728762,0.9800988536839734,0.6035873842993069,7.190979724541863,0.006811517887739373,0.9767959423671398,-0.8315231987935245,0.6034641965494382,0.9802220414338422,6.723662761233995,0.2390318236774736,3.6443294589410224,0.18552948698883615,0.12400793319828433,0.007767187504989823,3.3930666818143007,0.1523471490478798,0.054467558423688466,0.0017815799087310227,1.1252719259662713,0.05153458151224541,0.7093523129421923,0.029977017962271937,2.3663229770694487
0.75,False,0.04241481110618786,0.04241481110618786,0.04241481110618786,0.8794508725155123,0.0835818218691815,0.08068504245213637,0.054578120997432165,0.28423835898631367,0.24727227140215707,0.5612496932802229,0.8337400025816086,0.04241481110618786,0.44015281648345606,0.04241481110618786,0.30859684110036784,24.92931183447102,12.029792659112443,176.92821690933354,3.621407882061993,25.889256083156955,-9.853711473111087,11.082661427865066,25.876443065718394,1.0052565811903487,0.6006791714686286,7.638347362415394,0.0077791521474593105,1.0099222473617322,-0.8360121710576544,0.6005296503878017,1.0054061022711756,6.7172432592941975,0.2396500156490779,3.6741926058833134,0.18693977164316222,0.12436569407047672,0.007809529981160978,3.7541415438462367,0.16498333659194547,0.06079053302703626,0.001984921550472773,1.1877892461220894,0.054363567144711314,0.7492076172760694,0.031655916488648426,2.356953257206925
0.76,False,0.04811447168788534,0.04811447168788534,0.04811447168788534,0.8940364936902211,0.11598218280729189,0.11166302298050274,0.053285391135522844,0.3243725841494955,0.24667606796462918,0.5679075931978078,0.8462776143264819,0.04811447168788534,0.465968186136837,0.04811447168788534,0.32775971576926355,25.56048577840544,12.072704835677966,193.12280025967885,3.575163989818209,26.394928236307543,-10.552737057509097,11.183649856965209,26.449540757118196,1.0324252785519679,0.5999793765560718,8.222565711612578,0.003553936328783314,1.0448746201190418,-0.8569706334634847,0.5999501714914962,1.0324544836165435,6.679895162472864,0.2393236770417638,3.7115291167227,0.18913032617097683,0.12552784448674223,0.007904372959774648,4.2188115421991315,0.18137153724876542,0.0683287193183394,0.0022276095361553673,1.2661006091826184,0.057910095635738866,0.7990456791372597,0.03375566741897763,2.316229585987393
0.77,False,0.054716738579424634,0.054716738579424634,0.054716738579424634,0.9152291949521769,0.1562430503976967,0.1502025420901114,0.054716738579424634,0.37298897098749906,0.24333076983373328,0.5826132780219597,0.8681087832129678,0.054716738579424634,0.49808322873065813,0.054716738579424634,0.35152846067507965,26.195418310790856,12.128931665070745,213.42547066953392,3.354604276630872,26.958901462159957,-11.673580862102348,11.36987869663478,26.954471279226823,1.062193068696219,0.6015700546729951,8.960577982541668,-0.008249920783278103,1.0849721190880837,-0.8968184874359619,0.6014223430473605,1.0623407803218536,6.600782990346372,0.237673101068577,3.7580635302096996,0.19232425622954144,0.12774831986642793,0.008063740734920735,4.798315040900987,0.20193211312041112,0.07713684170296171,0.0025115289260148692,1.3624825106238974,0.062279898900637155,0.8602777062130367,0.036336563849612445,2.233370708460319
0.78,False,0.06220482075658547,0.06871310032068444,0.06220482075658547,0.9321833559575703,0.28713173164372613,0.2756959097824593,0.06220482075658547,0.4983911767890651,0.23545311281775744,0.6050291814831326,0.894487026570373,0.1058856819559851,0.5984665829845213,0.06220482075658547,0.46540731505378813,26.810926235863874,12.297228252300117,271.8441518709628,2.9411164068024642,26.96967373046856,-15.554394907939933,11.723877820830484,27.384276667333506,1.093378738137162,0.607906728754778,11.02178111618174,-0.028605970903842447,1.1109422547377403,-1.0334345867620676,0.6062269615637245,1.0950585053282156,6.459138702768036,0.23383578098551222,3.7971000545739426,0.19568328359020284,0.13013600679945178,0.008213374537113977,6.424055418784127,0.2587393138756997,0.09480902829860031,0.0030917108538255893,1.8109174997425592,0.08282394159912473,1.0941998101682957,0.04667173342442713,2.085590873826526
0.79,False,0.07051255657660735,0.0799101897151132,0.07051255657660735,0.9457466847660557,0.39184216380065107,0.3760911612433556,0.07051255657660735,0.5987129414312512,0.22915098720321336,0.6229619042553409,0.9155896212562983,0.14682083665380777,0.6787732663876158,0.07051255657660735,0.5565103985562836,27.396616404424293,12.41399308640536,319.317578510605,2.4996982655629543,27.959108761473797,-18.083072422825182,12.00794811225778,27.802661378571873,1.122864862781702,0.6129127616440964,12.697133628797193,-0.04985903159818048,1.1692739085737514,-1.1217250273009562,0.6080836748588179,1.1276939495669804,6.33100594947251,0.23026146492677438,3.8532351668438345,0.19973163581681694,0.13133884649319372,0.008294618271236015,7.7440593606514465,0.30483913657360423,0.1098178579162941,0.003585080158564094,2.1703086024706573,0.09928444991674479,1.2839653556021138,0.055039873856441844,1.96089856594976
0.8,False,0.07951833703030987,0.08886786123065621,0.07951833703030987,0.956597347812844,0.4756105095259421,0.45640736241234314,0.07951833703030987,0.6789703531450001,0.22410928671157812,0.6373080824731077,0.9324716970050385,0.17956896041206588,0.7430186131100914,0.07951833703030987,0.6293928653582799,27.983038725645766,12.389589137562963,358.06341988515027,2.1208855567708085,29.709352463842656,-19.44984178679143,12.106272282024891,28.266355581183838,1.1519529493345273,0.6106876989510385,14.06534186154434,-0.06712672402772633,1.2530647542164892,-1.166311958095349,0.6024870139073131,1.1601536343782528,6.221542034306766,0.22739262002060834,3.892134291912712,0.20249618587705792,0.13242527367807136,0.008370193950748419,8.819488800826266,0.34236987671631347,0.12271230213589888,0.004009345692075347,2.4585637854573297,0.11247859232867638,1.4384926275627448,0.061836217422659136,1.8517306983073676
0.81,False,0.08904247883459492,0.09603399844309062,0.08904247883459492,0.9652778782502747,0.5426251861118534,0.5206603233413625,0.08904247883459492,0.7431762825159993,0.22007592631826992,0.648785025047321,0.9459773576040307,0.2057674594186724,0.7944148904880719,0.08904247883459492,0.687698838799877,28.577964123126947,12.303227297705009,389.8012303154415,1.7812611583976512,32.02408417929142,-19.93143093181693,12.110550332472208,28.770641088359746,1.181030844175453,0.6054916045300959,15.186767406248107,-0.08211924441896404,1.3556371241964391,-1.1782519385478893,0.5940039363933488,1.1925185123122,6.123247310041297,0.22488199865547276,3.9286712571902784,0.20491317910323525,0.13312051419555687,0.008423355554336064,9.698624083846909,0.3730209925614002,0.13390002389157302,0.004377657927137033,2.6899714568699777,0.1230592049791817,1.5648169526798807,0.06737339404084558,1.7559061459123122
0.8200000000000001,False,0.0988489857626424,0.10176690821303833,0.0988489857626424,0.9722223026002191,0.5962369276967274,0.5720626917410144,0.0988489857626424,0.7945410260127981,0.21684923800362332,0.6579665791066917,0.9567818860832243,0.22672625862395754,0.8355319123904558,0.0988489857626424,0.7343436175531544,29.182791487348076,12.182769500899022,415.8818939035383,1.4883665776817336,34.69195574061285,-19.76211244509369,12.053445528177575,29.312115460069524,1.2101140476290662,0.5986271383373931,16.108709817169157,-0.09468848738483236,1.4693880461876727,-1.1663391962885221,0.5843003355365275,1.2244408504299318,6.035220049716769,0.2226829572890566,3.9629489398364277,0.20703801189676407,0.1335349856005499,0.00845985612618665,10.41951250539666,0.3981247069181936,0.14367434356037612,0.004699460942060423,2.875895683852805,0.13154755044584024,1.6684437927891904,0.0718975264760029,1.671473444737806
0.8300000000000001,False,0.10865229765474531,0.10865229765474531,0.10865229765474531,0.9777778420801747,0.6391263214286014,0.6131845859565117,0.10865229765474531,0.835632820810237,0.21426788735190602,0.6653118223541882,0.9654255088665792,0.24349329798818564,0.8684255299123627,0.10865229765474531,0.7716594405557762,29.810404873755374,12.054357759542084,437.59769604615775,1.2565599441922974,37.4087682343251,-19.191537874682002,11.965874462031982,29.898888171265476,1.239380489806973,0.591287334131068,16.875191789314766,-0.10446445399371491,1.5835607961343945,-1.1397599733133714,0.5748651075879243,1.2558027163501166,5.964272074096996,0.22098428749505813,3.994529276356699,0.2088892353384409,0.1338287669045927,0.008486613560340028,11.027407831651452,0.4192096576484285,0.1538814658282549,0.005032697649885135,3.0253720731252995,0.13835958366826367,1.7536549809800124,0.0756013370276748,1.5977430590235095
0.84,True,0.11812914825857092,0.11812914825857092,0.11812914825857092,0.9822222736641391,0.6734378434919723,0.646082093636827,0.11812914825857092,0.8685062566481875,0.2122028068305321,0.6711880169521853,0.972340407093263,0.25690692947956795,0.8947404239298875,0.11812914825857092,0.8015120989578731,30.45267319367652,11.937812212912608,455.94854840992707,1.0862089944417808,39.939067330684324,-18.437278925976003,11.874305558143346,30.51617984844578,1.2684008958508124,0.5844511300855147,17.52092432121762,-0.11162217726494802,1.689717599417614,-1.106729237853394,0.5666950982833553,1.2861569276529718,5.914428480025583,0.21989770925895516,4.023502180442378,0.21051106336343284,0.13410325831703773,0.008508436698470637,11.553450975314078,0.4373422045897532,0.16550225161216986,0.005408426846065676,3.145582985698215,0.1438270342639884,1.8237593766423992,0.07863491152018279,1.534152143896987
0.85,True,0.12693508311182636,0.12693508311182636,0.12693508311182636,0.9857778189312292,0.7008908262096069,0.6723960078727491,0.12693508311182636,0.8948050053180518,0.21055074241336014,0.6758889726304877,0.9778723256745501,0.26763783467258173,0.9157923391435039,0.12693508311182636,0.8253942256792229,31.039641901245137,11.83765270047941,471.14103714648,0.9577674432313688,42.222446541065956,-17.624628214702486,11.789998908890741,31.087295692833806,1.2946122853485005,0.5784911621545485,18.05450642813205,-0.11689632099824797,1.784712842090294,-1.0722785517403353,0.5598925732798186,1.3132108742232305,5.876017113690085,0.21909923402560988,4.049112008024569,0.211895085618582,0.13432037222625004,0.008525408134550506,11.992177237901538,0.4524233676420928,0.17613011042824386,0.0057515082381375355,3.242233783178877,0.14821434975944625,1.8812986891182772,0.08111461402038737,1.480421394524646
0.86,True,0.13472459733599737,0.13472459733599737,0.13472459733599737,0.9886222551449816,0.7228542075080566,0.6934460577251373,0.13472459733599737,0.9158440042537443,0.20922909087860453,0.6796497371731017,0.9822978605391387,0.2762225588280649,0.9326338713142626,0.13472459733599737,0.8444999270574515,31.542696973645462,11.761231610962254,483.60955979667847,0.8606040488626268,44.141472245279914,-16.896735352045194,11.723861134969239,31.580067449638477,1.3168706058715327,0.5738497917809011,18.491762721478498,-0.12082406486632181,1.8641644690194012,-1.0419362381340196,0.554696101174798,1.3360242964776359,5.847961626238075,0.21854258609672345,4.070836671292978,0.213041769209963,0.13451471085747826,0.00853958677024189,12.353973003601741,0.46483433978685906,0.18544031390348736,0.006051758682072298,3.3198622921242857,0.15173232517779187,1.9282232478650974,0.083130517369621,1.4363792554927366
0.87,True,0.14117332400673857,0.14117332400673857,0.14117332400673857,0.99089780411589,0.7404258415044483,0.7102850879568691,0.14117332400673857,0.9326752034023853,0.2081717696504059,0.6826583488075161,0.9858382884310841,0.28309033815193396,0.9461070970507437,0.14117332400673857,0.8597844881596086,31.955665674117395,11.702772475814408,493.69864106654455,0.7874373100157203,45.7243155958968,-16.273648288657466,11.67220286730572,31.986235282626083,1.3350819972984174,0.5702552213818999,18.845311257872442,-0.1237403987158173,1.929344179394728,-1.0162709188362524,0.5507336823133286,1.3546035363669886,5.826541844432261,0.21812370022986866,4.088578416358034,0.21396902096510426,0.1346806856256468,0.008551262067055688,12.646272091025756,0.4748534798546412,0.19311773467873694,0.006299316013111468,3.382104926694414,0.15454907356514772,1.9660477549128605,0.0847526099371876,1.4010021605243899
0.88,True,0.1460003204819247,0.1460003204819247,0.1460003204819247,0.9927182432923957,0.7544840098219372,0.7237553762009503,0.1460003204819247,0.9461401627211303,0.20732591266770561,0.6850652381148874,0.9886706307448673,0.2885845616110423,0.9568856776398238,0.1460003204819247,0.872012137041366,32.28269340450091,11.655502643454792,501.6745861520695,0.7332959459793054,47.05494990141445,-15.73605234008409,11.629466859495423,32.308729188460276,1.3496159662591993,0.5673681750233927,19.125123606477352,-0.12587476292718133,1.9836801390537862,-0.9943703143689705,0.5476120910057598,1.3693720502768323,5.807705481420666,0.21773318946748288,4.102378839002996,0.21469781623721126,0.1348020429347438,0.008560196018279523,12.87464950210827,0.4826922065388795,0.19888554848257928,0.006485534159895889,3.431870761432351,0.1567988513094319,1.9959621479130738,0.08603595675688752,1.3731338050822453
0.89,True,0.14898833197383166,0.14898833197383166,0.14898833197383166,0.9941745946339162,0.7657313359275951,0.734530746559942,0.14898833197383166,0.9569121301759242,0.206649227081212,0.6869907495604831,0.9909365045949786,0.2929799403790208,0.9655085421108671,0.14898833197383166,0.8817942561476115,32.53241965534064,11.613222589925547,507.7701907785239,0.6953297095516922,48.229512693365315,-15.250333317246314,11.590136119715039,32.55550612555115,1.361010620217371,0.5648689346292575,19.339935828944327,-0.12735837485460472,2.0310264681196912,-0.9748066563205734,0.5449917525106743,1.3808878023359543,5.787856557402013,0.21727504062775904,4.112345034192142,0.21524844191984896,0.13486190073957105,0.008566047447408028,13.043674565853689,0.48852354515704294,0.20253014214454768,0.006603765821572927,3.471489582755204,0.15858914550694947,2.018926845948481,0.08702493350103095,1.351691986216476
0.9,True,0.15,0.15,0.15,0.9953396757067364,0.7747299169977183,0.7431502600502014,0.15,0.9655297041397147,0.20610787861297347,0.6885311587100861,0.9927492036759828,0.2964962433718148,0.9724068336879276,0.15,0.8896199514177584,32.717494935759944,11.57036435303878,512.1733166103285,0.6723480104284398,49.34936824780276,-14.772021068917345,11.549009407899595,32.73884988089913,1.369948401000221,0.5624583524964786,19.496753288178944,-0.1282458698516646,2.0754186461123827,-0.9557493230021652,0.5425796666681015,1.389827086828598,5.76387783246568,0.21666770115930173,4.1186793907163395,0.21564204350859165,0.13484361082984553,0.008568414303775132,13.15755170867401,0.4925039248285514,0.2039202995634827,0.006649973597286202,3.5028359491363967,0.1600063430342072,2.035751626658123,0.08775661354291332,1.3356201742575524
0.91,True,0.14979766639476633,0.15019421789198317,0.14979766639476633,0.9962717405653891,0.7819687446678898,0.7500828298640981,0.14979766639476633,0.9724237633115589,0.2057204786349704,0.6896553103658345,0.9941993629404129,0.29965403432025667,0.9779254669502216,0.14979766639476633,0.8962737465164625,32.87834812291094,11.525932577675258,515.4468020939906,0.666806817869348,50.46992077745031,-14.258607876351473,11.505129378228862,32.89915132235734,1.3779759182338984,0.5599691003670575,19.61478079424142,-0.1284209330912019,2.11944432916147,-0.9353527586182522,0.5402817996097107,1.3976632189912452,5.738551675116114,0.21601805870857035,4.122838299656828,0.2159310522989653,0.13476448902673346,0.00856785427597015,13.236538466432059,0.49530673246001916,0.20419714810616293,0.006660520668870669,3.5292375219391543,0.16120121601869053,2.0486671549955915,0.08832695610618736,1.3235542638290436
0.92,True,0.14903819721219833,0.15089057042589477,0.14903819721219877,0.9970173924517269,0.7869089180453406,0.7548112407857477,0.14903819721232575,0.9779390106485772,0.20637959638626696,0.6892519608571344,0.9953594903517256,0.29996035085696854,0.9823403735590865,0.14903819721219833,0.8998840464189248,33.09279906833963,11.494198932079398,517.7806646107434,0.7298909283912405,51.67495173186707,-13.59384271610166,11.46956151291484,33.117436487504186,1.3876792931560484,0.5576459871710121,19.698750225515518,-0.12574223726773545,2.1663145333837983,-0.9087728965720474,0.5390153958575071,1.4063098844695534,5.730157399729474,0.21598505593587647,4.128595400757052,0.2161838835802483,0.13463600800444706,0.008564245975395986,13.2891084742739,0.4971577079917738,0.20453584840215353,0.00667224965745809,3.5422846191393216,0.1617960450097817,2.05557272817979,0.08862411537975035,1.3255544371978898
0.93,True,0.14746522257110636,0.14894712114222358,0.14746522257110672,0.997613913961381,0.7685396827905175,0.7371825597494,0.1474652225712569,0.9667503992103735,0.21809245620740064,0.6736274767927234,0.9873905345713957,0.2682029454869235,0.9858722988458993,0.14746522257110636,0.8744249687072158,33.70519696299815,11.631186300627597,509.9487338515124,1.409617264510629,53.11381123615868,-11.777348101111585,11.541534114255382,33.794849149370364,1.4080625980457417,0.5593129193317123,19.420983299200095,-0.0971024985374536,2.217270523265932,-0.8360366097240649,0.5483454801290768,1.4190300372483773,5.89470991531752,0.22221884765748648,4.159629300634003,0.21640642915209604,0.13390875237791502,0.008535377909235487,13.04675899940643,0.48863985138456484,0.20203186351359192,0.006588061071572785,3.4279511901419855,0.15665915406469402,2.0154777100868975,0.08666964194596377,1.4700829873201164
0.94,True,0.14491709752408458,0.14610261638097835,0.14491709752499804,0.9980911311691048,0.7431004415020964,0.7127725946670744,0.1449170975245589,0.9453328365436762,0.23058844473855458,0.6555097412274492,0.973363547496866,0.24150727585681808,0.9886978390763288,0.14491709752408458,0.8531697731675523,34.3174497545638,11.7666691387739,498.8002829771649,2.1699341820406257,54.61377583376673,-9.660839620492233,11.559766951275792,34.52435194206191,1.4286690458394113,0.5604417462819054,19.035731812690482,-0.06479570352486032,2.2714878731104617,-0.751263360863407,0.555632687466638,1.4334781046546787,6.054229066326807,0.22839722490045541,4.1878524410784435,0.21640908690880717,0.13278855955534888,0.008492006753877646,12.710625659816115,0.4770832251904439,0.19836217980430415,0.006467878042651997,3.3319470133962112,0.15234397178252426,1.9805409495835757,0.08497963920994583,1.6247738050165987
0.95,True,0.1413206946420124,0.14226910972800974,0.14132069464236371,0.9947629077524001,0.7173131766725933,0.6880281692155498,0.1413206946420124,0.9212612050265137,0.245744828807551,0.6302931737469047,0.949160352031615,0.21859283730781975,0.9909582712610631,0.14132069464283895,0.8346926874606253,34.98571153601813,11.92192258704911,486.9213156940164,3.1382723261301804,56.43853780232198,-7.097044252151878,11.502526613904088,35.40510750916315,1.4504747328923566,0.5610455665549381,18.621686489393912,-0.02300212560336972,2.3367912712596146,-0.6464054429188142,0.5604510904567243,1.4510692089905703,6.232210513413552,0.235378751913771,4.210240033914141,0.21573145104176897,0.1307543868982815,0.008400762783404285,12.345840428495652,0.46448953433179174,0.19354267930287872,0.006311903325054528,3.2486799101656705,0.148589630765511,1.9486792410497689,0.08344990394277312,1.815136194821371
0.96,True,0.13668238536532415,0.13744111743412202,0.13668238536709662,0.9801959377578547,0.7060821178515337,0.6772431390294726,0.13668238536532415,0.9108194651981558,0.2658638225884973,0.5913558553868574,0.9126140867339577,0.19850009949916234,0.9927666170088505,0.13668238536598537,0.8174322930005294,35.788746956499715,12.123107977212166,480.1576097669732,4.481476988017257,59.076401079898105,-3.9396713578320646,11.30289411241394,36.60896082129794,1.474480742866655,0.5610979144816671,18.359861641477163,0.036083116133270275,2.4272006384682605,-0.5120560552139226,0.5596746715554141,1.4759039857929082,6.458673763471579,0.24422901010080234,4.218930805490698,0.21354223280127332,0.12707259781439206,0.008205661699557899,12.10168952278414,0.45551623765006866,0.18782455167239467,0.006127720468717015,3.172720383663879,0.14513527887219185,1.9178188435008368,0.08197434136920695,2.0740852030849064
0.97,False,0.1310763678232084,0.1316833534783758,0.13107636782503415,0.9596645112788071,0.7212291358369995,0.6917538049865758,0.1310763678232084,0.9286555721551845,0.2893576305026425,0.5421463989866172,0.8626691975074287,0.18387599443429953,0.9942132935921479,0.13107636782373736,0.8031187358382924,36.70504354058649,12.37361459268991,484.06591025779846,6.103653421724325,62.850011671630554,-0.42965489395599166,10.928333741014068,38.15032439226233,1.500845311958884,0.561788246040357,18.446677882267007,0.10828350924174743,2.554553283805571,-0.3594474549979808,0.549463729163277,1.513169828835964,6.705160728139361,0.2539856883331752,4.216343249754066,0.21029624414107417,0.12215367941512979,0.007942608773301335,12.124925566486056,0.45531905044923815,0.18155360929048248,0.00592652937223988,3.1128851881266555,0.1423646465162127,1.8910598614646243,0.08069768287682237,2.37964464898354
0.98,False,0.12463089141109526,0.12511647993575065,0.12463089141255604,0.9463287657255253,0.7354141116176014,0.7053383716610453,0.12463089141109526,0.9429244577192399,0.3082653455668228,0.50132817324243,0.8253347131366705,0.18051266514961034,0.9953706348661963,0.12463089141151837,0.7985358154644318,37.50698512414796,12.580894969358422,486.40873887188326,7.595369023192958,66.17432277541023,3.034042835080561,10.44883390806228,39.6390461854441,1.5231054748726935,0.5621761585502171,18.438564312672334,0.17839929397028148,2.6418187495303833,-0.20584963421074656,0.5301248698072731,1.5551567636156376,6.878818620105651,0.26202596121302685,4.197198798246282,0.20652586607529158,0.1164941207952436,0.007599478795610194,12.139501550884367,0.4553860080833578,0.17442566160393147,0.005700122133634851,3.096043892304139,0.14151673369719656,1.8786273438385708,0.08011966396970117,2.6416664512328243
0.99,False,0.11751320889579797,0.1179016797155221,0.11751320889696587,0.9537101308361788,0.736782570148664,0.706629167424119,0.11751320889579797,0.9543395661753733,0.31675032205680065,0.48479393685401495,0.8204228025350722,0.1703862412415717,0.9734577283637401,0.11751320889613415,0.7727151650181552,38.23864861855836,12.711158281950391,486.34926462921277,8.383849946873015,69.66746428579637,5.575220813284584,10.203946353428847,40.7458605470799,1.5526403591295919,0.5642180376487462,18.439686542874085,0.21342523852787634,2.771444749372565,-0.10312072750130226,0.5201030854789026,1.5967553112994355,6.885069556499294,0.2635224964998183,4.207787351876452,0.20652658340974464,0.11564852274759803,0.007580781360488912,12.065634696696641,0.45295254429509196,0.16599068166723283,0.005427822037472416,2.996966510583511,0.1369017203184804,1.8210907368050544,0.077579187218104,2.7402952048722358
1.0,False,0.10991423452310295,0.11424503858015686,0.10991423452385814,0.9629681046688873,0.74826374828937,0.717613549073965,0.10991423466422306,0.9634716525431981,0.31646171327114525,0.48596905171233074,0.8563382416821533,0.18647527405246384,0.9787661824697558,0.10991423452310295,0.7895498818737898,38.958047895427036,12.729571647499323,490.36170688336415,8.681971705238496,73.2600066616604,7.432465267311561,10.116131167721658,41.5714883752047,1.5860631360071522,0.5642516574263718,18.61007337357627,0.22645421425553425,2.911567316849098,-0.03038552221828379,0.5163137821035577,1.6340010113299663,6.7874358734175475,0.2611387008165131,4.2153875699049035,0.20752772083798446,0.11687820444194293,0.007640543038361622,12.114125712353843,0.45540303633052737,0.1606797490415257,0.005263106038294433,3.069680914929987,0.14010380478113968,1.8426094059855442,0.07861490814188088,2.723113941737012
1.01,False,0.10203389893393398,0.11296320127735665,0.1020338989350277,0.9703744837351098,0.7593353405452341,0.7282017504985016,0.10203389904676347,0.9707773220345584,0.3153961780606397,0.4872248601467133,0.8850705933457227,0.20753474777302164,0.9830129459758046,0.10203389893393398,0.810995966633254,39.61764472704002,12.739791096977685,494.40405320330063,8.966880835938518,76.62619723700736,9.200911674640661,10.022923104396158,42.33451271962155,1.6173187848911061,0.5640276927544166,18.780529380123642,0.23897960517796238,3.0439594424904755,0.039532190215604224,0.5123422065543556,1.669004271091167,6.680311001479859,0.25832924833350196,4.21643222541953,0.20824858792932704,0.11772621683607964,0.007681381614610031,12.172846661673391,0.45816658920224024,0.15693791514417071,0.005149127270177459,3.1616675595393335,0.14417662145373833,1.8702926847735628,0.07996132651153608,2.6976991303599114
1.02,False,0.09406808329857382,0.11345716998362769,0.0940680832998518,0.9762995869880878,0.7699284083203454,0.7383278087506611,0.09406808338885417,0.9766218576276466,0.3137786745723307,0.48849874314266967,0.9080564746765781,0.2319319447678499,0.9864103567806437,0.09406808329857382,0.8355080618983254,40.229500406254054,12.745806570322168,498.44250206683824,9.242859386622156,79.79843508590983,10.899565582155144,9.926590528511664,43.04871644806456,1.6467632683022737,0.5636945364306428,18.949639675237552,0.2511708139337982,3.1695191660095343,0.107202303908139,0.5082814614123383,1.702176343320578,6.567787490143229,0.2552436095120243,4.212641571937894,0.20875152325646154,0.1182737394590061,0.00770734966603313,12.23785689196824,0.461106915535352,0.1544055250449425,0.005074300998461053,3.2665368333358287,0.148828043382066,1.9021289966267922,0.08151582530712956,2.6666478254964825
1.03,False,0.08619781435474398,0.1152242464763773,0.08619781435576637,0.9810396695903315,0.7799639820370773,0.7479161427747096,0.086197814427043,0.9812974861018351,0.3118014258223131,0.4897371123591863,0.9264451797408715,0.2582539812509155,0.9891282854242053,0.08619781435474398,0.861745420762655,40.80763018411566,12.75202083170888,502.36807064285284,9.515785788646186,82.81263024808378,12.551213678331697,9.829029561729845,43.730621454094695,1.674895048199709,0.5634090348895006,19.113429907947072,0.26327518386331994,3.2894342553154927,0.17339637104023356,0.5042015460701154,1.7341025370190941,6.452531401355589,0.2519891787678692,4.205594071499801,0.2090971597073162,0.11858253080327796,0.007721489200720528,12.305697247314558,0.4641030124346752,0.15278748723973568,0.005029072003609326,3.3787387280454966,0.15380461992537206,1.936375519679001,0.08318956860708493,2.631888503530767
1.04,False,0.07858114582137225,0.10180229151867892,0.07858114582244842,0.9848317356719697,0.674916837825994,0.6471736099035134,0.07858114587921147,0.8886054234173149,0.313549991225633,0.48603790336829256,0.9411561437926972,0.2162260793385894,0.8957505647964245,0.07858114582137225,0.763413833313325,40.80686780733363,12.830665129200458,455.5624907204536,9.899283358848152,80.56196955095548,13.824745215478627,9.682174330657991,43.9553586058761,1.6820807298641145,0.5656576716373566,17.50723232002635,0.2811324538402656,3.2230136707794377,0.2284353338557977,0.4988607465380378,1.7488776549634333,6.355848439808159,0.2496063991525037,4.207451247324213,0.2095078180427489,0.11856644901769318,0.007719830101126167,11.02827758496279,0.42010226647789845,0.13641149255628113,0.004489672463286616,2.98922324939007,0.1360202738613073,1.7286996520317448,0.07408849751989799,2.6374356889683277
1.05,False,0.07134787887833537,0.08992479543635504,0.0713478788791963,0.9878653885373312,0.5773588992059988,0.5536157008082472,0.07134787892460676,0.8003088415798706,0.31495813317258453,0.48259321956929624,0.9529249150341578,0.18146382569221878,0.8123046514204368,0.07134787887833537,0.6783456688464717,40.730512778703364,12.906920489146554,411.8948132575972,10.238934651155358,78.0483643069714,14.752754361445401,9.545215113836418,44.092218154013494,1.6866795257386986,0.5679926405346731,16.012402401738186,0.29748080801668386,3.1480418914772725,0.2715247480028496,0.49380635382626886,1.7608658124471028,6.257918584282345,0.24712648510950097,4.207822947963244,0.20986756509768517,0.11844070446447713,0.007712052741706788,9.843720291380352,0.37938482829564596,0.12165434808819671,0.004004103148417123,2.652614331046675,0.12065632599512939,1.5468539806325825,0.06614540184473723,2.638069274462046
1.06,False,0.06459702046689415,0.07945855371323611,0.0645970204678443,0.9902923108298646,0.48787433240561745,0.46780282596391304,0.06459702050385639,0.7176936061581263,0.3160840597655555,0.47945009281820694,0.962339932027326,0.15268977791792826,0.7381481930389888,0.06459702046689415,0.6048766027839,40.60062764355453,12.980157087635364,371.66658972780147,10.53646526267292,75.39465924550493,15.394843810015013,9.419736112473348,44.16104861871655,1.6895624869360204,0.5703859548365977,14.638373655875828,0.3123700468681506,3.0688049992331217,0.3047299216919715,0.4891044418508695,1.7708439999217487,6.159660555707356,0.24458756682786315,4.207516379179937,0.210211676289562,0.11823405710049423,0.007699643524028595,8.758635506207249,0.34214920748129257,0.10844948602783995,0.003569995051846772,2.362178226208156,0.10740397547652504,1.3880886420622867,0.05923076589561911,2.634257349290519
1.07,False,0.05839667040707927,0.07028589700410293,0.0583966704077908,0.992233848663785,0.4067988117522266,0.39005678672220156,0.05839667043659915,0.6416551417576353,0.3169786976611447,0.4766313397122998,0.9698719456218609,0.12887087636785666,0.6726828163858238,0.05839667040707927,0.5416118782842319,40.42760801940197,13.049457043892398,335.0547640023646,10.79370063891221,72.69125356463834,15.798789991967901,9.305954948515573,44.1711101147788,1.6910251547549524,0.5728040577305055,13.390342821330705,0.3258650956573175,2.9882412019728424,0.3296524458640862,0.48477268515787747,1.7790565273275805,6.062184482391754,0.24202988711699827,4.207101326367094,0.2105627787087222,0.11797173836944898,0.007683909454316267,7.776701929190522,0.3084992449325213,0.096727143936345,0.0031849054209747174,2.1122851230429354,0.09600500218253356,1.2500516691724772,0.05323448377598102,2.6265841222014896
1.08,False,0.05278588355233958,0.06229726483022555,0.052785883552906955,0.9937870789307994,0.33421807128702263,0.32045958618580533,0.05278588357595893,0.5727224071619689,0.317686014314779,0.4741409361947215,0.975897556497238,0.10916524832095925,0.6153124446389591,0.05278588355233958,0.4873485130409013,40.23189757648257,13.114655157964881,302.16540403086134,11.015901437518881,70.03214790583698,16.019291813848238,9.203694415233736,44.142858319213715,1.6917742869959267,0.575234641928016,12.27122024075239,0.33814517320209203,2.9094721235792185,0.34817480151532726,0.4808120767999373,1.7861968521240055,5.966457974533311,0.23948775728828456,4.206977575372279,0.21093532361932069,0.11767386573191525,0.007665905419343188,6.898624069461038,0.2784418752739765,0.0864083941102561,0.0028461254275085083,1.8980965927729223,0.08623740114461478,1.1306512940766604,0.048059497543218706,2.6156420936053997
1.09,False,0.047777977129683305,0.05538708215209441,0.047777977130137206,0.995029663144398,0.2729237273174367,0.2619169392364612,0.051428939506453324,0.5110994996025039,0.3182432570508531,0.47196914089547876,0.9807180451977904,0.09288146894468229,0.5654237113388283,0.047777977129683305,0.4410231836345892,40.04553857136411,13.177486340924446,274.0672898945381,11.21183776960672,67.63812827282389,16.136753162971626,9.113559323380766,44.109465588907796,1.6928617667618644,0.5777354875461767,11.317011471258658,0.34949909510455374,2.8399263603973464,0.36300827043999806,0.4772513096089539,1.793345944699087,5.873215071088247,0.23698748738159578,4.20741224382652,0.21133791225443224,0.11735583685983596,0.0076464519520374336,6.150288445217415,0.2528496278532026,0.07740336921960832,0.0025506177488373106,1.715352971903182,0.07790568697064251,1.027969631849814,0.04361775396449182,2.601987965445385
1.1,False,0.043364741977955236,0.04945202599588415,0.043364741978356935,0.996023730515345,0.22348134212815796,0.2146759116633917,0.05523463733918537,0.45671830683471176,0.3186813034494377,0.4700969815427106,0.9845744361582323,0.07944753543016411,0.5223821478246455,0.043364741977955236,0.4016792248940163,39.88879695034893,13.23949843377683,250.90159497139877,11.388484829848329,65.61242799637597,16.20749458179909,9.035774562304702,44.09252082182106,1.694961785114477,0.5803540150367213,10.532233599691503,0.3601422598923008,2.78306904664308,0.3759898292000192,0.4741143313178573,1.8012014688333409,5.782989466943757,0.23454850176266287,4.208562150653327,0.21177442653722842,0.11702936788952141,0.007626185704602173,5.534249352649478,0.23179961811759095,0.06961224685307879,0.0022950427237101952,1.560236360298574,0.07083467794053315,0.9402145953840413,0.039827869339472195,2.586136601307467
1.11,False,0.039521058209780274,0.04439088542412341,0.03952105821016734,0.9968189844122526,0.18361433832994248,0.17656999395812947,0.06204987114636328,0.4092961083344093,0.3190252185852909,0.46849987642062335,0.9876595489265858,0.06838729297167047,0.4855385875485778,0.039521058209780274,0.36844713516774663,39.76147523060448,13.301488261016813,231.8487736238102,11.549656809910422,63.91469426515619,16.2575798847238,8.969383350846636,44.09358014077466,1.6980370432318956,0.5831071434660635,9.888648545953673,0.3701997358526742,2.7374419292587806,0.3880123825455882,0.4713822736615071,1.8097619130364522,5.696121848386272,0.23218377188732875,4.210504812121042,0.21224543107100824,0.11670295194207575,0.007605582590967193,5.02801085285291,0.2145162532973513,0.0629278345746298,0.002075838112924562,1.4292882582541113,0.0648657547322885,0.8656984839277391,0.036613977422525694,2.56854413829899
1.12,False,0.03620949527079814,0.04010535704257928,0.03620949527110779,0.9974551875297255,0.1514841193669611,0.14584864386949847,0.0703573219969817,0.3683929697171089,0.3192950046781738,0.4671503633752862,0.9901276391408725,0.05930248308050357,0.4542411962898291,0.03620949527079814,0.3405340031242129,39.66198067946922,13.363556389456509,216.2029372300409,11.698834708084595,62.50459429073661,16.303768122469968,8.91264030875191,44.11289676017381,1.7020036827504417,0.5859797957812736,9.361859261239589,0.3797963916634879,2.7015844621431784,0.3996524886100176,0.4689934961629233,1.8189899823687918,5.612679555957321,0.22989798587768728,4.213252359652853,0.21275017339388336,0.11638268637463683,0.007584985448746791,4.612831919415461,0.20035396824432494,0.0572389164460358,0.0018893249570921425,1.3193635234129073,0.05985475774062025,0.8028333559399874,0.033905328813873765,2.549576926281976
1.13,False,0.03338457665779763,0.03650126607555232,0.033384576658045347,0.9979641500237804,0.12560427593473839,0.12109589553676911,0.0791274451922174,0.3334649958329841,0.31950645726555527,0.4660200354980543,0.9921021113120114,0.0518589669057945,0.42784958019780267,0.03338457665779763,0.3172182891737817,39.588752951704905,13.426531112919573,203.3834821453766,11.838608849777142,61.347178419709984,16.35787243882095,8.86484966875834,44.15043439586614,1.7067979612687685,0.5889931808813791,8.931898622950543,0.38901745111178804,2.674271279516022,0.4113107754871824,0.46693561701482406,1.8288555251353236,5.532623286127914,0.22769204352890016,4.216786172024986,0.21328639430202073,0.1160724098629701,0.007564626511518895,4.27305743504473,0.18877399959585056,0.05243385779821943,0.0017318208910232856,1.2276058067255688,0.05567088430834734,0.7501351038055234,0.03163630756103354,2.529540310816191
1.14,False,0.030996495236232408,0.033489846770436156,0.03099649523671029,0.9983713200190243,0.10477225465779114,0.10116555033942497,0.0876963512175564,0.3039107960769163,0.3196720061057778,0.4650808844358102,0.9936816890494189,0.04577600743480952,0.4057484465733296,0.030996495236232408,0.2978473459369704,39.53820503661293,13.490650589749253,192.88113123488324,11.970582489626278,60.40360768941364,16.424441758881986,8.825063259683724,44.20379236667846,1.7122740040532303,0.5921451832787639,8.581090081814851,0.3979148921840035,2.6540962786656075,0.4231355450972348,0.4651809150766632,1.8392382722553309,5.455851372991743,0.22556456581547182,4.22104865371186,0.21385058279053,0.1157749779099678,0.007544682763425253,3.9955934156664985,0.1793261635532426,0.0484038550993673,0.0015997436811597788,1.1514349562230737,0.05219610586066745,0.7062311409058636,0.02974662097231939,2.5087004377660196
1.15,False,0.02899416380255981,0.030988845029899688,0.028994163802951424,0.9986970560152194,0.08801477133978368,0.08512940788509074,0.09566705547989923,0.2791097329304869,0.3198014485062786,0.4643062296529334,0.9949453512393257,0.04081777356139838,0.38735920162851545,0.02899416380255981,0.281835886151224,39.50900505882179,13.556291978726106,184.31064338570897,12.096773047974288,59.65052864720503,16.51022616450139,8.792362522526888,44.27293451502101,1.7183817237686732,0.5954390592428253,8.296317091049687,0.4065566724452137,2.640272419876055,0.43536877115927525,0.4637016315619444,1.850119151449554,5.382232456687733,0.22351297364068595,4.225961453468995,0.21443852025510735,0.1154922865652546,0.007525281478772887,3.7694892670287294,0.17163434520151727,0.045045604795016625,0.0014896966538254365,1.0885391162014297,0.04932478560423714,0.6698678541140847,0.028181499496709884,2.4872885584737037
1.16,False,0.027327568842054187,0.028923313823926083,0.02732756884361981,0.9989576448121755,0.0745440548719226,0.07223576410813183,0.10283137928611497,0.25845155023713673,0.31990253403951974,0.46367135409657567,0.9959562809914606,0.03678645664929225,0.37214863150998506,0.027327568842054187,0.2686642879923393,39.4977198290907,13.624607320580768,177.320716704458,12.218502052565642,59.05769648295162,16.614895325864094,8.766605976287405,44.355721173384055,1.7249945696115385,0.5989170304634305,8.065438753345822,0.4149799634926749,2.6317311066576905,0.4479749092197727,0.46251243124781155,1.8613991688271574,5.3116264558181605,0.22153420208573252,4.231434638920147,0.21504560663010563,0.11522558298012621,0.007506515083189072,3.5855994156246855,0.1653847369630849,0.04226329085535627,0.001398532244414205,1.0368667665647098,0.04696328956491899,0.6399155328088849,0.026891808856165607,2.4655065548233983
1.17,False,0.02594945892232959,0.02722605490795143,0.025949458923582087,0.9991661158497405,0.06372264774622433,0.06187601513522718,0.10910966661664956,0.24135775866144815,0.3199814064352478,0.4631539095961727,0.9967650247924646,0.03351656916838121,0.3596344080324228,0.02594945892232959,0.2578761608911154,39.50394939790308,13.693600495893627,171.63781325036783,12.336360789080851,58.604148609688885,16.74013784291043,8.745782897125949,44.451766996670756,1.7320821102829709,0.6024804842695514,7.879094210654736,0.4232093423331186,2.6277134302854126,0.4610504717952357,0.4615149720587207,1.8730476224938015,5.2439149729424495,0.2196256605901466,4.237371858373126,0.21566694082116664,0.11497570299802506,0.00748845391029946,3.436303832755313,0.16031612278270388,0.03996987297828869,0.0013233929582748757,0.9946163109480205,0.04502948356777224,0.615369772990401,0.025834028767709665,2.4435375270333446
1.18,False,0.024816441906936427,0.025837718695433904,0.024816441908269617,0.9993328926797608,0.05503499296611716,0.05355768687736838,0.11450547654352972,0.2272956824583599,0.320042932910944,0.4627341258432128,0.9974120198339718,0.030870130103876677,0.3493875823152871,0.024816441906936427,0.24907498083891694,39.52234668940594,13.763647414298802,167.01058693813238,12.450340094348082,58.26207822356387,16.881240654082564,8.729632891224064,44.55636121248068,1.7394357886598528,0.606139209764734,7.7285661431672255,0.4312316616977275,2.627217776170842,0.47440032791004066,0.4607123416731273,1.8848626567514595,5.178990972584747,0.2177850307504192,4.243677815622147,0.2162977163543484,0.11474308325620113,0.007471147316042873,3.315273447802081,0.156211738944563,0.03808773438068015,0.001261731942720235,0.9602222517653738,0.043452080663540116,0.5953491425996548,0.024970089888609815,2.421542129326844
1.19,False,0.023889588870440164,0.02470661030123816,0.023889588871771714,0.9994663141438086,0.048064429717811545,0.04688258484683314,0.11907252753318838,0.2157863625397715,0.3200909550000208,0.46239485090991084,0.9979296158671774,0.028732539428129273,0.34103249508948386,0.023889588870440164,0.2419198600934803,39.55177367928174,13.833907871781408,163.256573638454,12.561461619982904,58.01615772037853,17.03859763887882,8.716676739412742,44.6690048116504,1.7470027977049887,0.609844953334202,7.607659941129896,0.4390872350856573,2.6297031333582406,0.48806649833427185,0.4600370780569257,1.896810672982265,5.116757399111212,0.21601027294131553,4.250262360210362,0.21693341168193164,0.11452782284579865,0.00745462706309729,3.217270471897785,0.1528923510582206,0.03654879256517236,0.00121131605635529,0.9323382446542263,0.042169846097860814,0.5790896081610784,0.024267084603815277,2.399659057739109
1.2,False,0.02313465058035848,0.02378826772497084,0.023134650581537047,0.9995730513150469,0.04247452325822955,0.04152904736144683,0.12289138471003122,0.20640761362254134,0.3201284872833503,0.4621214569766691,0.998343692693722,0.02700901102648373,0.33424466322580093,0.02313465058035848,0.23612066084941738,39.58961572429865,13.905672725341985,160.21561574068008,12.669326598443591,57.85040305607861,17.208254399318616,8.708019271638944,44.787269178001694,1.7546981493201865,0.6136542404044907,7.510976493129518,0.4467366290621585,2.6346528010676553,0.5018626466711231,0.4595598023730276,1.9087925873516496,5.057129491222202,0.21429971556566843,4.257042397849767,0.21756985523319358,0.11432975898211681,0.007438911341236804,3.137977109649541,0.15021032318909777,0.03529419415232509,0.0011702154404593552,0.9098177513912562,0.04113069500589825,0.5659364307691521,0.023696880561202453,2.3780077309777665
1.21,False,0.02252198875036358,0.023044882466045906,0.022521988751378536,0.9996584410520375,0.03799388689265287,0.0372375061752267,0.12605367011288182,0.1987934923683032,0.32015788078085283,0.46190165048555953,0.998674954154877,0.025621477107256218,0.3287472304105044,0.02252198875036358,0.23143272213453686,39.63818719172847,13.978210423833104,157.75704374123202,12.775043141327314,57.753922886650614,17.388894446881316,8.7026656978443,44.91373191771727,1.7625719782640201,0.6175238843756465,7.433968977675511,0.4542135470798776,2.64164355443659,0.5157541964718676,0.45923076493672654,1.92086509770294,5.000464161350143,0.2126652352030456,4.263974542702399,0.21820426258723857,0.11415886981194051,0.0074243087659881185,3.073847896584569,0.14804451587341477,0.03427371246295108,0.0011367834887378889,0.8916933142077645,0.04029072846493219,0.5553343780543397,0.02323567055294759,2.356805369803945
1.22,False,0.02202631302861633,0.02244462800145218,0.022026313029428295,0.99972675284163,0.03440383154252516,0.033798726968564514,0.12865190409632563,0.1926313002349702,0.32018096336166496,0.46172522303358166,0.9989399633231343,0.024505903714393207,0.32430652597452964,0.02202631302861633,0.22765146825882052,39.72331900118742,14.05340378326436,155.80616785669312,12.888444623048668,57.74286552706342,17.587465971723297,8.699129917937821,45.07759286651395,1.7713444265633687,0.6214913389778436,7.374030422696241,0.4618152607028665,2.6510712283168263,0.5299439520017791,0.45898051880296187,1.9338552467382506,4.950038228989315,0.21120416786402368,4.271402594005014,0.21884586096868305,0.11400375789641568,0.007409984266920131,3.0219822072355624,0.14629589254141587,0.03344495548761645,0.0011096306997130342,0.877155520969672,0.03961325442315384,0.5468170750961168,0.02286349116220358,2.337363935659724
1.23,False,0.021626299432023287,0.02196095141057477,0.021626299432648263,0.9997814022728561,0.03152831424312575,0.03104423058395724,0.13077342273136128,0.1876570615850775,0.3201991422196224,0.46158378340122636,0.9991519706585075,0.023609971980620193,0.3207271918344562,0.021626299432023287,0.22460713059410703,39.81072520475369,14.128486194319766,154.22819220315753,12.998803895567438,57.77239921698589,17.791393951094275,8.697680435277277,45.24153096379618,1.7800041116760141,0.6254715787900003,7.326498063887216,0.46921302366722495,2.661535743055842,0.5440529924421377,0.4588311279948925,1.9466445624711217,4.901776840771005,0.20979687822686616,4.278830386998726,0.21947853560586902,0.1138642045546148,0.0073964711180141305,2.9800162316411147,0.14488379406318375,0.03277250234948335,0.0010875962491369228,0.86553210556712,0.03906783295118135,0.5399959710775283,0.022563737839499873,2.31835832153971
1.24,False,0.021304149480591738,0.021571871063937004,0.021304149481091716,0.9998251218182849,0.02922576132948019,0.0288384944021389,0.13249714028181087,0.18365021495880496,0.3202134858519285,0.46147053839885604,0.9993215765263057,0.022891087519469264,0.31784724493549843,0.021304149480591738,0.2221597655575594,39.78148133854543,14.181486850552842,152.8561999477319,13.156307821816355,57.72548799591772,18.044696287649355,8.625875552506765,45.33709263659151,1.7821220922742713,0.6282709435359991,7.283761927059032,0.47912847816966514,2.6668666878541503,0.560514472970781,0.4552583758198452,1.9551346599904251,4.847966924941476,0.20802749187108918,4.262145207773175,0.21879540684411466,0.112866161123828,0.007336516222676094,2.9460303955456246,0.14374275406661935,0.03222701059204982,0.001069718657391089,0.8562683399729686,0.03862937763574669,0.5345496848149681,0.022322698355283964,2.31342379450656
1.25,False,0.02104513359348875,0.021259310860425755,0.02104513359388047,0.9998600974543126,0.02738242307260332,0.02707260953071822,0.13389220630278426,0.18042807064022648,0.32022483745823577,0.4613798999660561,0.9994572612210062,0.022314684024582507,0.31553330452490536,0.02104513359348875,0.22019467272247553,39.90108791944824,14.26182117786045,151.85900239594133,13.245658276612316,57.84120962517652,18.23878810882084,8.64804838098254,45.51486071632615,1.7921259013272992,0.6325708584787482,7.25616195106877,0.48530132306006096,2.6801820693606824,0.573475834358238,0.45626680459998675,1.9684299552060607,4.8058234555765695,0.20683191580740917,4.2761478546723435,0.21976854871813964,0.11297846942946367,0.007336696622556286,2.91847071285704,0.1428197989041786,0.031784349534738646,0.001055207339362042,0.8489090504366144,0.0382773309518183,0.5302140295562181,0.02212911782818847,2.2918064252603467
1.26,False,0.020837148572523424,0.02100849038607282,0.020837148572871483,0.9998880779634438,0.02590698015582864,0.025659129322306795,0.13501787038557417,0.177840402724929,0.3202338435377122,0.46130737417263235,0.9995658089768049,0.02185278891739822,0.3136762038274718,0.020837148572523424,0.21861831051901875,40.00266864864592,14.337653937528204,151.04641185352415,13.339052512490287,57.95959265539219,18.43886529787255,8.660607895950612,45.67971469022352,1.8009679495426247,0.6366418441831674,7.234331848493936,0.49165054678358955,2.6929165185685635,0.5865135343959248,0.45681140603900255,1.9807983876867894,4.764619123565212,0.20562994359477602,4.2864548706955645,0.22053272720281833,0.11298160749699299,0.007331001710803132,2.896082414966778,0.14207217347770731,0.03142479405137433,0.0010434161426707334,0.8430826224016972,0.037994929802747025,0.5267730208191882,0.021973807307610827,2.272723865847131
1.27,False,0.020670307780518704,0.02080738123135822,0.020670307780917937,0.9999104623704544,0.024726173047207776,0.024527892380345404,0.13592404863368096,0.1757644223059877,0.3202410034793992,0.46124935051853794,0.999652647181444,0.021482820056418543,0.3121870366022988,0.020670307780518704,0.21735470888025582,40.10010063499643,14.410347196306342,150.39314412359295,13.430645670270296,58.08929103391926,18.637748956267338,8.671007465783973,45.8394403655188,1.8093984691226037,0.6405639677677106,7.217677766956659,0.4978619974770288,2.7056267132128524,0.5992849270850106,0.4572507374681397,1.9927116994221747,4.725195012091112,0.204469093864065,4.295849040319613,0.22123875642710408,0.11297409153112585,0.007324801860917035,2.8778540667026467,0.14146543082300098,0.031132293764450234,0.001033819341440671,0.8384870655187683,0.03776856137574419,0.5240509470605531,0.02184929749852703,2.254626788959565
1.28,False,0.020536574009149565,0.02064623276982169,0.020536574009468952,0.999928369896015,0.023781266222522187,0.023622641689010924,0.13665225511455287,0.17410025980709887,0.32024670515420084,0.46120293301575555,0.9997221177451552,0.021186583829914875,0.31099369226947804,0.020536574009149565,0.2163423799576627,40.193025101945175,14.481582974805065,149.8676038751046,13.519192844910416,58.22608534917898,18.833575206913494,8.681523721213475,45.993084355536766,1.8174301717717884,0.6444151164301504,7.205111435789801,0.5038614174459581,2.7181903479198843,0.611691064454467,0.45770378245493665,2.0041415057470022,4.68761587458953,0.2033545298896173,4.304655780708904,0.22190438088601064,0.11296755841208939,0.007318719748283841,2.8629723964734883,0.14097188387608106,0.03089384920337501,0.0010259912200852239,0.8348776849040405,0.03758720869241049,0.5219053298948597,0.021749538971399817,2.237350832038413
1.29,False,0.020429438818562864,0.020517165827502043,0.02042943881878976,0.9999426959168068,0.023025192589232347,0.022898292962423336,0.13723667615116508,0.17276700943304701,0.32025125144911043,0.46116580146737696,0.9997776941956911,0.020949446675146498,0.31003787619576795,0.020429438818562864,0.21553169602930147,40.28027385802907,14.550697015950714,149.4442800142818,13.604409169087493,58.365958987459805,19.024842740774535,8.691630867002027,46.139340006977754,1.8250757065708236,0.6481632930427882,7.195822402639533,0.5096436155052146,2.730521742061509,0.6236921720775166,0.4581483557659215,2.0150906438476905,4.651754584927291,0.20228723682525349,4.313005053406297,0.2225366043319941,0.11294265835939236,0.007312492703651673,2.8507847245268105,0.1405693203743431,0.030698970329560208,0.0010195883332296768,0.8320567007870087,0.03744198027186112,0.5202209560337067,0.021669646694363602,2.2208571948173206
1.3,False,0.020343647947832767,0.020413829555185177,0.02034364794801428,0.9999541567334455,0.022420250964368352,0.022318731262921145,0.13770525115309024,0.17169933512367458,0.32025488003534786,0.46113609846853926,0.9998221553563011,0.02075965423309968,0.30927258671558167,0.020343647947832767,0.21488269100992408,40.36537713249215,14.617430531719855,149.10688878974403,13.686159646980443,58.50975554832809,19.21055797147158,8.701774926199123,46.28103273801288,1.8323866172751107,0.6517930318299132,7.1892042395351,0.5151838077267251,2.742586832197739,0.6352383543707678,0.4585946687012495,2.0255849804037744,4.617844711854716,0.20126974642885212,4.320916527055183,0.2231368043747904,0.1129424892775256,0.007307058709498567,2.8407680010629432,0.1402399454765818,0.03053921577745372,0.0010143343989664731,0.829864584312749,0.03732571592527243,0.5189048713066902,0.021605685190699,2.205105472137501
1.31,False,0.020274969817743852,0.020331115103977667,0.020274969817885978,0.9999633253867564,0.021936252230969233,0.02185503646981147,0.13808068254843575,0.1708446046988967,0.32025777825160956,0.46111233774049215,0.9998577242846254,0.020607774845954295,0.30866000553291695,0.020274969817743852,0.2143632356781579,40.44649492763412,14.681712266340913,148.83640196893955,13.76422724172608,58.65346089152715,19.389787226014036,8.711783899990195,46.416423293984835,1.8393365138434605,0.6552994341351043,7.18461930539919,0.5204771924103211,2.7542801751796264,0.6463039527317972,0.45903981283650536,2.0355961351420593,4.585752067435603,0.20030170088063415,4.328429351666572,0.22370702108176974,0.11294743976091388,0.007302041775920986,2.8325033275624247,0.1399695134575174,0.03040780469686842,0.001010007560426396,0.8281729211496676,0.03723265964817022,0.5178822392827196,0.02155448981065174,2.190101345451473
1.32,False,0.02022000276043263,0.02026491898961891,0.020220002760518274,0.9999706603093369,0.02154902869098488,0.021484056082058667,0.1383813370275279,0.17016050046997389,0.3202600943132734,0.4610933302773514,0.9998861794277003,0.020486246782972926,0.3081697516927341,0.02022000276043263,0.2139475356863017,40.5247941002253,14.743491194836738,148.6195156842478,13.838956958514675,58.79568181517272,19.562000400719235,8.721564172493014,46.546721122569025,1.8459747670449007,0.6586775755227953,7.181608311306092,0.5255388110824148,2.765552651416977,0.656872850735822,0.45947707012840894,2.045175272439287,4.555447453475141,0.19938303591505574,4.33556280389355,0.22424813383020575,0.11295726880108348,0.007297443916874073,2.825654760988224,0.13974660838763386,0.03029928880157289,0.0010064295961538195,0.826878665398595,0.03715819042860156,0.5170929868732034,0.021513519366405928,2.175837568110668
1.33,False,0.020176016058475788,0.020211949041913025,0.020176016058544303,0.9999765282474695,0.021239236802917585,0.021187258715776616,0.1386220254471644,0.16961304668188634,0.3202619458332619,0.46107812500667006,0.9999089435418204,0.02038901127665454,0.30777744819658404,0.020176016058475788,0.2136149035672298,40.59653523166744,14.802120080239442,148.4464248822088,13.908551876256,58.933648119713745,19.725668953208046,8.731307766002917,46.667347545903965,1.852162209516351,0.6618958428166356,7.17989341660579,0.5302859533720051,2.776341946670657,0.6668880088552623,0.4599175544965694,2.0541404978364173,4.526895189419367,0.19851347291801538,4.342317635493365,0.2247607038264486,0.11297194210601702,0.007293265647463414,2.81995346928974,0.1395621000467109,0.030209301644540554,0.0010034577354964358,0.8258990987204697,0.03709860219269132,0.5164888892041621,0.021480735495388245,2.1623165303317755
1.34,False,0.0201408198656877,0.02016956625256507,0.02014081986573955,0.9999812225978091,0.020991396461283836,0.02094981399159292,0.13881466258382857,0.16917499435266337,0.3202634263600823,0.461065961204731,0.9999271548332291,0.020311216040279603,0.30746355286585475,0.0201408198656877,0.21334876015735083,40.664441323288194,14.858100068051735,148.30894674586284,13.974523067291052,59.06770840823421,19.881579866324383,8.740778924853956,46.78176246648597,1.8580031286289962,0.664975504997406,7.179155817256513,0.5347852167176925,2.7866440847434055,0.6763853437037594,0.460350155551689,2.0626284780747133,4.500064238376043,0.19769284739374557,4.3487028529927185,0.22524507306999145,0.11298986116432844,0.007289466367027325,2.8151846041513973,0.13940869525270244,0.03013434945714245,0.0010009778127741966,0.8251678191761392,0.03705092487832987,0.5160312390609993,0.02145450446788495,2.1495324520508383
1.35,False,0.02011265939441135,0.020135656503990264,0.02011265939445284,0.9999849780779255,0.020793120670976398,0.020759854695184186,0.13896881685624182,0.1688245064423872,0.3202646104310777,0.46105623039776084,0.9999417238665833,0.020248976334165808,0.3072124095592457,0.02011265939441135,0.21313582602325729,40.73003348839242,14.912011614284221,148.20181042934882,14.038128961814365,59.19857655863118,20.030703251135993,8.749797417081387,46.89224768559526,1.8635505827678982,0.6679420863204069,7.179187760169792,0.5390898334478209,2.7964744097786727,0.6854055866597462,0.46076946051536594,2.070723208572939,4.474924166159343,0.1969208112570322,4.354721943510226,0.22570147669392418,0.1130108807611013,0.007286035962990863,2.8111765495654186,0.139280571507152,0.030071638932886374,0.000998898619911294,0.8246315405894741,0.03701277956595895,0.5156889811322007,0.02143351762300835,2.1374842143873956
1.36,False,0.02009012923558552,0.020108526923276995,0.02009012923561878,0.9999879824620725,0.02063449825683757,0.020607885476203777,0.13909216289012322,0.1685440927502473,0.3202655575132519,0.4610484458795762,0.9999533790932666,0.020199182787498163,0.30701148121614436,0.02009012923558552,0.21296546888935525,40.789056427305255,14.961875709346714,148.11430989009008,14.095795256402548,59.320729000911854,20.16919617781495,8.758660376214582,46.99227176043739,1.8686638544223546,0.6707006220605443,7.179703403214049,0.543046655765587,2.805682179941188,0.6938053782434997,0.4611782822456379,2.078186194237261,4.45143599122271,0.1961966036909279,4.360361445165942,0.226129266800762,0.11303355434368997,0.007282909411726067,2.8077920489794264,0.13917307596119882,0.030018934901749394,0.000997147225571208,0.8242475697135614,0.036982261563358945,0.5154372347273012,0.021416727122631294,2.1261795912994637
1.37,False,0.020072104220239546,0.020086822370386535,0.020072104221045224,0.9999903859696581,0.0205075994373263,0.020486309212789083,0.13919085100536144,0.16831975013835487,0.32026631509398296,0.4610422183337256,0.9999627032744197,0.02015934706177647,0.306850731714185,0.020072104220239546,0.2128291782859614,40.841281388851094,15.009068504248107,148.04337271165755,14.152516900003846,59.43435909984734,20.301829750355505,8.764811165197312,47.08553872790189,1.8732524660610632,0.673311950402802,7.1804585259031235,0.5468851641816572,2.8141724801889962,0.7017917947725255,0.46146468373424615,2.0850997327296192,4.429225716258351,0.19550177977572167,4.364867494370108,0.22648844211949637,0.11301975105716906,0.007278065396305455,2.804920566599435,0.13908246882927822,0.029974438520520508,0.0009956649396221568,0.8239819104230235,0.03695784628787972,0.5152561700981421,0.021403294211789645,2.116115494528357
1.38,False,0.020057683772196667,0.020069458292364797,0.02005768377281565,0.9999923087757248,0.020406079945841912,0.02038904776624123,0.1392698070543338,0.16814027031097187,0.32026692111780286,0.46103723633242244,0.9999701626195016,0.020127478045400653,0.3067221287639954,0.020057683772196667,0.212720143402382,40.89003868379673,15.053404377371539,147.98744910295454,14.205431214692334,59.541701262408374,20.425820490678557,8.770752959536942,47.172690101631325,1.8775271759018142,0.6757693532402994,7.1815064557028725,0.5504665014750059,2.8221233751316763,0.7092410656800118,0.4617440767500782,2.0915524523920355,4.408611267302133,0.19485472640284135,4.369086925165713,0.22682427852016088,0.11300942911866434,0.007273640852979571,2.802473468044064,0.1390057555858377,0.029936707542327162,0.0009944047378508893,0.8238073992797929,0.03693831363923443,0.5151299383170871,0.021392547632751866,2.1067301835510537
1.39,False,0.02004614720335411,0.020055566819483717,0.020046147204270726,0.9999938470205798,0.0203248641422732,0.020311238398636803,0.1393329745753636,0.16799668368050397,0.3202674059179723,0.4610332507490742,0.9999761300956013,0.020101982621936992,0.3066192447873157,0.02004614720335411,0.21263291433696258,40.935271274834534,15.09482170004708,147.94351036123425,14.254518951035637,59.64238099903771,20.541119272560113,8.776451968032237,47.25364100684938,1.8814897410125215,0.6780688388064463,7.1827493652211905,0.5537908282579462,2.829529683383324,0.7161561763526673,0.462014196236953,2.097544383582015,4.389552115567009,0.19425463447892902,4.373019741936167,0.22713688905061133,0.11300204173315563,0.00726961201084169,2.800379823011987,0.13894054286046037,0.02990458763999857,0.0009933290229811149,0.8237022974236583,0.036922687313685955,0.5150458554103171,0.02138395024869256,2.098015182150189
1.4,False,0.02003691784835351,0.020044453541294496,0.02003691784905315,0.9999950776164118,0.02025989139945513,0.02024899080454601,0.139383509897898,0.16788181302810862,0.32026779374929515,0.4610300622916342,0.999980904076481,0.020081586183186163,0.30653693683850103,0.02003691784835351,0.2125631305343822,40.977439237439334,15.132999383366835,147.90932100820666,14.299803478831674,59.736470513565415,20.647766474292265,8.781710357026194,47.32872826377998,1.8851657265711959,0.6801945359944984,7.184118862138625,0.5568616240075988,2.8364058254171858,0.7225473766710686,0.462263309891223,2.103096952674471,4.372008803092874,0.19370074947417198,4.376666264791977,0.22742642211866718,0.11299650903663726,0.007265943637170717,2.7985828554192427,0.13888491761651908,0.029877154730141575,0.0009924077332213734,0.8236492111821843,0.03691018615505615,0.5149937724070216,0.021377072284058184,2.089960843298913
1.41,False,0.020029534317594723,0.020035562871938382,0.020029534318697445,0.9999960620928326,0.0202079131585353,0.020199192682595624,0.13942393878060969,0.16778991586130318,0.32026810401090244,0.46102751153119714,0.9999847232611843,0.020065268985451093,0.3064710901209459,0.020029534317594723,0.21250730323541514,41.01568277651164,15.168438557632198,147.8824588507249,14.341303774649722,59.82319630689012,20.745767441731,8.786802254287547,47.39731907985629,1.8885181514839553,0.6821689442589205,7.1855292209850585,0.5596783578246382,2.842723542781902,0.7284121748892365,0.46250731467530476,2.108179781067571,4.355940837033251,0.1931920426966947,4.380028989873631,0.22769312239538383,0.11299352115886435,0.007262640595444928,2.7970368683412477,0.1388373437103233,0.02985366552846051,0.0009916167082779871,0.8236342882848914,0.03690018518235603,0.5149656004603126,0.021371569885556163,2.08255746831431
1.42,False,0.020023627471473904,0.02002845031494884,0.020023627472639798,0.9999968496740812,0.020166330544246748,0.02015935416359716,0.1394562821765351,0.16771639782834752,0.3202683522180877,0.46102547092430074,0.9999877786089474,0.020052215206152555,0.30641841258190483,0.020023627471473904,0.21246264127839498,41.05048919415705,15.200990264928334,147.86160513638706,14.379128220164866,59.90285690112085,20.83534292726701,8.791612464651974,47.45986699443341,1.8915749229218155,0.6839847839942249,7.186946055946307,0.5622488564743211,2.8485076845202486,0.7337683919486229,0.46273908930422936,2.112820617611811,4.341297106091731,0.192727303642032,4.383112454981077,0.2279374411232504,0.11299210972520864,0.007259668154341336,2.795704265051118,0.13879656409523186,0.029833510758101294,0.0009909361169317694,0.823646709033301,0.036892184383120266,0.5149549965912334,0.02136716795444383,2.0757880018481543
1.43,False,0.02001890198485004,0.02002276025974384,0.02001890198577213,0.9999974797391509,0.020133064443095247,0.020127483338567866,0.1394821570342901,0.16765758325664148,0.32026855078258837,0.46102383843887385,0.9999902228871579,0.020041772172582333,0.3063762704751288,0.02001890198485004,0.2124269116579744,41.08196121509229,15.230651215461794,147.8455249675407,14.413418221441747,59.975518976288434,20.91673874775053,8.796058747839085,47.516553682715,1.8943444816347226,0.6856416975907429,7.188332288662417,0.5645820244145711,2.853769004800237,0.7386327928007461,0.4629541139102739,2.1170320653151915,4.328025025539412,0.19230516630065214,4.385922644923139,0.22815991325441481,0.11299192348135786,0.00725700552400342,2.7945544493988717,0.1387615597699982,0.02981619559533987,0.0009903498532044467,0.8236779453077573,0.03688578373406911,0.5149569487592496,0.021363646403879548,2.069634251204121
1.44,False,0.020015121591200523,0.020018208211115572,0.020015121591991078,0.9999979837913207,0.020106451557807423,0.020101986674174784,0.13950285701308404,0.16761053150338545,0.3202687096331103,0.4610225324504465,0.9999921783096744,0.020033417741386356,0.3063425567558726,0.020015121591200523,0.21239832793670482,41.11023951131472,15.257499313070152,147.83322236191827,14.444285555716018,60.04131625105461,20.99018844791591,8.800153845909767,47.567584978475104,1.8968380757363497,0.6871433362311229,7.189660582797247,0.5666849449845389,2.858522620397107,0.7430202871717659,0.463152864443677,2.1208285475237956,4.31607303992559,0.19192425697805987,4.388465998275771,0.2283611036106393,0.1129926520010736,0.007254633431674489,2.7935626133022833,0.13873150737285656,0.029801319381987868,0.0009898448841859973,0.8237212540203324,0.03688066321037218,0.5149674861042347,0.021360829160855882,2.064077638269258
1.45,False,0.020012097274443433,0.02001456657059203,0.020012097275009886,0.9999983870329632,0.02008516124766296,0.02008158934075684,0.13951941703561854,0.16757289006000772,0.32026883671288187,0.46102148765905987,0.9999937426477394,0.020026734194526094,0.3063155857651933,0.020012097274443433,0.21237546094781745,41.13545953267799,15.28160522043079,147.82385978053063,14.471862634158477,60.100396400159916,21.05594910251239,8.80388721613782,47.61317753697096,1.8990662723760494,0.6884930992829632,7.190907780366632,0.5685658666598525,2.862783168166578,0.746947065096316,0.46333462648853124,2.1242247451704817,4.30539054057862,0.1915831947693318,4.390749362466808,0.22854160407302673,0.11299402292681512,0.007252534017139985,2.7927085779345124,0.13870573982087916,0.029788556765866957,0.0009894106323265484,0.8237713209123114,0.0368765667893702,0.5149834711274927,0.02135857536524831,2.0590992438694324
1.46,False,0.020009677820162775,0.020011653257206153,0.020009677820603238,0.999998709625968,0.020068128998725697,0.020065271473204076,0.13953266507282894,0.16754277688518446,0.3202689383764665,0.4610206518256164,0.9999949941181916,0.020021387356216204,0.3062940089657818,0.020009677820162775,0.21235716735177307,41.15776390971829,15.303051045665498,147.81675272823261,14.496288941866284,60.15294410225505,21.11430046640687,8.807252805838793,47.653562149544996,1.9010402228281227,0.6896950963653158,7.192056304086392,0.570233573161736,2.8665670344513945,0.7504304562394308,0.4634989308828077,2.1272363883106307,4.295925167382487,0.19128050814271927,4.392780546008525,0.2287020756550706,0.11299580302346897,0.007250690221786608,2.7919756609706043,0.1386837088928235,0.029777639742516578,0.0009890383769530033,0.8238240287933019,0.036873289651730715,0.5150024594923005,0.021356772328254624,2.0546786222811413
1.47,False,0.02000774225637646,0.02000932260601117,0.02000774225718598,0.9999989677004034,0.020054503199409286,0.020052217178977202,0.13954326351247393,0.16751868633525946,0.32026901970729493,0.4610199831589615,0.9999959952945533,0.020017109885443092,0.30627674752336953,0.02000774225637646,0.21234253247292306,41.17731002320362,15.321946774255428,147.81140006764153,14.517726508017574,60.19922678926632,21.16559317450381,8.810252504803266,47.68900429265578,1.902772832445926,0.6907550857245119,7.193097372990258,0.5716985583314539,2.8698957142974297,0.753491794672036,0.46364572246440383,2.1298821957060343,4.28761488057725,0.19101438345626756,4.394570057291559,0.2288433806012919,0.11299780776683815,0.007249084198238383,2.7913493178377573,0.13866494219937112,0.02976833697185146,0.000988720545391993,0.8238763894403216,0.03687066794122059,0.515022645321373,0.021355329898445706,2.0507901447116743
1.48,False,0.02000619380534741,0.020007458085055184,0.020006193806452174,0.9999991741599517,0.020043602559956155,0.0200417737435957,0.13955174226418993,0.16749941389531947,0.32026908477195765,0.4610194482256375,0.9999967962356426,0.0200136879088246,0.3062629383694397,0.02000619380534741,0.21233082456984304,41.194258337025715,15.338412191530113,147.80740375874691,14.536341933732139,60.23953979109478,21.21019599559628,8.812892592368549,47.719777936187285,1.9042774335953523,0.6916794466652884,7.194026175251596,0.5729717300534886,2.87279217996491,0.7561533922590559,0.4637751837729749,2.132181696487666,4.280395801514281,0.190782917137758,4.396129318244222,0.22896644706197505,0.11299988846847062,0.007247698775748936,2.7908171695115103,0.13864904102455275,0.02976045280317517,0.0009884507128320183,0.8239262003166883,0.03686857057288132,0.5150426759946815,0.021354175954608187,2.0474067092279116
1.49,False,0.020004955044318123,0.02000596646808435,0.020004955045316943,0.9999993393279614,0.02003488204810379,0.020033418995020043,0.13955852527404858,0.16748399593464638,0.3202691368235396,0.4610190202791312,0.9999974369885141,0.02001095032726624,0.30625189104443845,0.020004955044318123,0.21232145824602072,41.208768024292006,15.352570441746979,147.80443160656375,14.552300524666386,60.274185916219906,21.248478304226722,8.815182110496524,47.74615635554246,1.905567317678055,0.6924748113363771,7.19483990936352,0.5740639821913069,2.8752795867647634,0.758437545096162,0.4638876542756982,2.1341544747387338,4.274204748011568,0.19058420030024137,4.397470033051154,0.2290722221234858,0.11300192530374993,0.007246517848856915,2.790368735000391,0.1386356702709473,0.029753822445542148,0.0009882234554655978,0.8239718448313701,0.03686689267788147,0.5150615406496404,0.021353252799387625,2.04450099102551
1.5,False,0.020003964035494697,0.02000477317450768,0.020003964036408757,0.9999994714623691,0.020027905638621897,0.020026735196159516,0.1395639516819355,0.1674716615661079,0.3202691784648051,0.4610186779219262,0.9999979495908112,0.020008760262019556,0.30624305318443745,0.020003964035494697,0.21231396518696288,41.220997005854855,15.364547663308493,147.80220404955304,14.565766351132957,60.3034739693361,21.28080962201596,8.817132613465613,47.76841205569774,1.9066557352350078,0.6931480355620055,7.195537360694538,0.5749861899953351,2.877381234164816,0.7603665183607976,0.46398361608220146,2.135820154714812,4.268979155546113,0.1904163194591213,4.398604154342936,0.22916166945263702,0.11300382400419806,0.007245526254073259,2.789995052212627,0.13862454566437593,0.029748305801938393,0.00098803414949608,0.8240121753345144,0.03686555036196565,0.5150785019298992,0.021352514275221716,2.042045473787061
1.51,False,0.020003171228435954,0.020003818539646345,0.020003171229282208,0.9999995771698953,0.02002232451103638,0.0200213881570711,0.13956829280824504,0.16746179407127712,0.32026921177781753,0.4610184040361622,0.9999983596726489,0.020007008209822204,0.30623598289643666,0.020003171228435954,0.21230797073971658,41.23110938871632,15.3744814310511,147.8004966295899,14.57691170316745,60.32774092279892,21.307583956157202,8.818759453819096,47.78683136594832,1.9075566254613234,0.6937066689877414,7.196119789063266,0.5757498652996714,2.879122169204021,0.7619639886835241,0.46406375601646127,2.1371995384326032,4.264653141078911,0.1902772330567825,4.399544707833714,0.22923583341430986,0.11300551631862123,0.007244708926375311,2.7896881259448625,0.1386154164035564,0.029743779029025932,0.0009878786852152632,0.8240464831346682,0.03686447650925058,0.5150930725490072,0.02135192345589075,2.0400106592357456
1.52,False,0.020002536982751125,0.020003054831722725,0.020002536983428125,0.9999996617359163,0.020017859608831463,0.020017110525659236,0.13957176571023377,0.16745390007432648,0.32026923842820315,0.4610181849275975,0.9999986877377786,0.020005606568035964,0.3062303266655128,0.020002536982751125,0.2123031751815832,41.23929779193527,15.382546996574073,147.79917050643255,14.585945202272276,60.34742153627168,21.32929335031092,8.820086397124058,47.801758391385285,1.9082868136257183,0.6941604316290971,7.19659431258158,0.5763691242197001,2.8805340929063505,0.7632593812786791,0.4641291923396201,2.1383180529151953,4.261145841049217,0.1901643986489855,4.4003083499423665,0.22929603688918823,0.11300696851118992,0.0072440486320645295,2.789439940257146,0.13860803561051663,0.029740120090854923,0.0009877529633486816,0.8240746146889582,0.03686361742696957,0.5151050652028368,0.02135145080038856,2.038359627415133
1.53,False,0.020002029586203257,0.02000244386538383,0.02000202958674486,0.999999729388733,0.020014287687067527,0.020013688420529745,0.13957454403182476,0.16744758487676595,0.32026925974851167,0.46101800964074574,0.9999989501898823,0.020004485254606973,0.30622580168077373,0.020002029586203257,0.2122993387350765,41.24576108392113,15.38893049297821,147.7981265433268,14.593083906566026,60.36297661312464,21.346454011688525,8.821140517775666,47.813551059123675,1.908863811204195,0.6945196961378977,7.196970033908148,0.5768587213631108,2.881650387145728,0.76428352889852,0.4641812212825156,2.139202286059577,4.258372973748223,0.19007514710293255,4.400912756178925,0.22934367996830463,0.11300816818950056,0.007243528063454087,2.789243009541301,0.1386021751916068,0.0297372160969585,0.0009876531672546505,0.8240967203796875,0.03686293016112812,0.5151144639148817,0.021351072675979715,2.0370535185433036
1.54,False,0.020001623668964966,0.02000195509231273,0.020001623669398248,0.9999997835109864,0.02001143014965638,0.020010950736426156,0.13957676668909755,0.16744253271871753,0.3202692768047585,0.4610178694112643,0.9999991601515652,0.02000358820386378,0.30622218169298243,0.020001623668964966,0.21229626957787115,41.250697432913974,15.393819823555273,147.79728684898467,14.598544268730087,60.37486926414512,21.359581935313255,8.821950305225709,47.82256695124354,1.909305104481302,0.6947949651068692,7.197256662652835,0.5772334030329778,2.882504477689936,0.7650672391453311,0.46422122099149354,2.1398788485966778,4.256250594351287,0.19000680629687475,4.401375748558729,0.22938017230589852,0.1130091175734216,0.0072431304494787315,2.7890904717220484,0.13859762776249793,0.029734964306848674,0.0009875758078269595,0.8241131427693199,0.036862380348490965,0.5151213648054532,0.021350770176460757,2.036053366671816
1.55,False,0.020001298935174334,0.020001564073855845,0.02000129893552096,0.9999998268087891,0.020009144119727464,0.020008760589143283,0.13957854481491577,0.1674384909922788,0.3202692904497559,0.4610177572276792,0.9999993281209115,0.020002870563269225,0.3062192857027494,0.020001298935174334,0.21229381425210686,41.25430447648248,15.397404259862629,147.7965904449139,14.602542292839749,60.38356441399057,21.369193042840156,8.822545325416948,47.82916341092816,1.9096281586350186,0.6949968422298406,7.197464383047237,0.5775079098177285,2.8831298194603456,0.7656413030479325,0.464250632429783,2.1403743684350762,4.254695032660702,0.18995670224962632,4.401715256098811,0.22940693072343368,0.11300983029686959,0.00724283943925916,2.788975962752386,0.13859420250550586,0.029733270046617608,0.0009875176557810543,0.8241243781925414,0.03686194049841879,0.5151259536905951,0.02135052817684413,2.0353201241311956
1.56,False,0.020001039148141827,0.020001251259090354,0.02000103914841913,0.9999998614470312,0.020007315295784332,0.020007008471316985,0.13957996731557037,0.16743525761112782,0.3202693013657538,0.4610176674808111,0.9999994624963886,0.02000229645079358,0.30621696891056305,0.020001039148141827,0.21229184999149545,41.25677943574382,15.399874141352587,147.79599126389562,14.605293720688465,60.389528687214515,21.375803506660368,8.822955925158775,47.833697651937634,1.909850418848766,0.695136007853219,7.1976038283851675,0.5776969800033335,2.8835598988864057,0.7660365094572791,0.46427094224682,2.140715484455165,4.253622855731243,0.18992216060161615,4.401949277472683,0.22942537678839742,0.11301032851721739,0.007242638984807171,2.78889351482291,0.138591721797695,0.02973204511318261,0.0009874756908558394,0.8241310464861744,0.03686158861826106,0.5151284883712566,0.021350334577135057,2.034814690666682
1.57,False,0.02000083131851582,0.020001001007277964,0.02000083131873767,0.9999998891576249,0.020005852236629824,0.02000560677705595,0.13958110531609405,0.16743267090620703,0.3202693100985522,0.4610175956833166,0.9999995699967703,0.020001837160813066,0.3062151154768139,0.02000083131851582,0.2122902785830063,41.258319456817944,15.40142060278704,147.79545273664462,14.607013996847076,60.39323002846502,21.37992926026544,8.823213153469668,47.83652690613532,1.9099893297758297,0.6952232006761458,7.197685877774167,0.577815346295836,2.8838282323702957,0.7662836281141742,0.4642836772463161,2.1409288532056596,4.252950736694476,0.18990050415704907,4.402095903945415,0.2294369375512824,0.11301064121768149,0.007242513307809174,2.7888374808219227,0.1385900186833411,0.02973120648798713,0.00098744706035669,0.8241338663885439,0.03686130714834539,0.5151292839122343,0.021350179700453255,2.034497910722755
1.58,False,0.020000665054815018,0.020000800805828053,0.020000665054992497,0.9999999113261,0.02000468178930622,0.02000448542164712,0.139582015716513,0.1674306015422704,0.3202693170847909,0.46101753824532105,0.9999996559970756,0.020001469728828655,0.3062136327298146,0.020000665054815018,0.212289021456215,41.25912171078984,15.402235359745173,147.79494882765738,14.607918637650908,60.395137976214635,21.382086999747013,8.82334837794104,47.838008692593974,1.9100623360270472,0.6952691990558851,7.197721757264337,0.5778777496455293,2.8839683815341726,0.7664134551596435,0.46429038327530103,2.1410411518076313,4.2525954800523404,0.18988905636096948,4.40217324028269,0.22944304162880289,0.11301080121425726,0.007242446749130383,2.7888024632380026,0.13858893460241387,0.029730675224948006,0.0009874290433855538,0.8241336322115747,0.03686108191091984,0.5151287012257687,0.021350055793582703,2.034330598160252
1.59,False,0.020000532043854373,0.02000064064466812,0.02000053204399636,0.99999992906088,0.020003745431447336,0.020003588337320057,0.13958274403684814,0.1674289460511211,0.32026932267378183,0.46101749229492456,0.9999997247973199,0.020001175783241124,0.30621244653221513,0.020000532043854373,0.21228801575478196,41.25938335713251,15.402510472047268,147.79446046924392,14.608223013508903,60.39572310824828,21.382793463950104,8.823393288845956,47.838500540333825,1.910086878044776,0.6952848052535117,7.19772289258209,0.5778989253398782,2.8840139310609625,0.7664567791132579,0.4642926242842404,2.1410790590140474,4.2524739499931465,0.1898851397864604,4.402199438479448,0.22944512003423448,0.11301084445412589,0.007242423777250962,2.788783269066201,0.13858831781826647,0.02973037570206472,0.0009874190270468483,0.8241312070982143,0.036860901748257374,0.5151271385903501,0.021349956670520465,2.034273553448766
1.6,False,0.020000425635085858,0.020000512515740178,0.02000042563519945,0.999999943248704,0.02000299634516023,0.020002870669858404,0.13958332669311627,0.16742762165820166,0.3202693271449746,0.4610174555346074,0.9999997798375153,0.020000940626771102,0.30621149757413557,0.020000425635085858,0.21228721119363553,41.25930174581313,15.40243821541079,147.7939750164389,14.608142647208615,60.39545714949254,21.38256613879215,8.8233796369348,47.83836032428913,1.9100804050518034,0.6952808356695033,7.197700929512463,0.577893618039043,2.883998504332783,0.76644441865073,0.4642919681156993,2.1410692726056073,4.252503057798513,0.18988607772368735,4.402192638004365,0.229444603779984,0.1130108078463018,0.007242428881336846,2.7887748628561595,0.1385880219772275,0.02973023487670414,0.000987414482554156,0.8241275011649417,0.03686075761819968,0.5151250234673782,0.021349877372099087,2.034287558507268
